experiment,seed,window,accuracy,alert_level,cosine_drift,max_jsd,max_wasserstein
Covariate,0,1,0.8542178542178542,ok,0.00028061866760253906,0.003353786015943474,0.05203429118176988
Covariate,0,2,0.8513513513513513,ok,0.0003293156623840332,0.003622845253423178,0.046084095450658495
Covariate,0,3,0.8484848484848485,warning,0.0006455779075622559,0.003992918740341967,0.04854679154443095
Covariate,0,4,0.8632268632268633,warning,0.00031256675720214844,0.0024977323520898346,0.05308741940551598
Covariate,0,5,0.8513513513513513,warning,0.0003091096878051758,0.003032725120841185,0.03209729385418747
Covariate,0,6,0.8611793611793612,warning,0.00023895502090454102,0.004149340215623427,0.07499299284940175
Covariate,0,7,0.8546273546273546,warning,0.0008966922760009766,0.0030939606206524016,0.055609112766679646
Covariate,0,8,0.8587223587223587,warning,0.00018662214279174805,0.0027373662510678056,0.024644737343176477
Covariate,0,9,0.8583128583128583,warning,0.0008597373962402344,0.0037045117359412382,0.08604365053983669
Covariate,0,10,0.8419328419328419,warning,0.0012132525444030762,0.05221327928825349,0.29323306654828885
Covariate,0,11,0.8378378378378378,critical,0.0007302165031433105,0.054056817054711825,0.27535854377709706
Covariate,0,12,0.8447993447993448,critical,0.0010856389999389648,0.0456881729344427,0.26367975451681885
Covariate,0,13,0.8263718263718264,critical,0.0005924701690673828,0.048938253710551556,0.2657765840771961
Covariate,0,14,0.834971334971335,critical,0.0007332563400268555,0.05458010265005222,0.26333391877482465
Covariate,0,15,0.8071253071253072,critical,0.006571054458618164,0.11348729885657491,0.5690353104259835
Covariate,0,16,0.8206388206388207,critical,0.007595241069793701,0.10376280694082424,0.5513927044319779
Covariate,0,17,0.8108108108108109,critical,0.006595194339752197,0.1128597458575759,0.590776684864414
Covariate,0,18,0.821048321048321,critical,0.006365716457366943,0.10742470843659137,0.54191600942961
Covariate,0,19,0.837152209492635,critical,0.008065402507781982,0.10499487916710443,0.5611470634025316
Covariate,1,1,0.8583128583128583,ok,0.00022846460342407227,0.003176264971505931,0.057170404159941776
Covariate,1,2,0.8505323505323505,ok,0.00024271011352539062,0.0043366320934400335,0.032941697637514714
Covariate,1,3,0.8480753480753481,warning,0.00040715932846069336,0.002922772273731846,0.053312878266288104
Covariate,1,4,0.8546273546273546,warning,0.0002703666687011719,0.0033761521050419217,0.04984218357657191
Covariate,1,5,0.8390663390663391,warning,0.0008816123008728027,0.0028140682023089425,0.07828391143284828
Covariate,1,6,0.8566748566748567,warning,0.0003892183303833008,0.0037234486966954894,0.06366753684895322
Covariate,1,7,0.8636363636363636,warning,0.00038546323776245117,0.004203579862707385,0.053301376984344145
Covariate,1,8,0.8476658476658476,warning,0.001041710376739502,0.003891000371693874,0.08588116008782244
Covariate,1,9,0.8407043407043407,warning,0.00011646747589111328,0.0031556890416819905,0.03242057850729323
Covariate,1,10,0.846027846027846,warning,0.0021047592163085938,0.09108826562418992,0.3058451636092679
Covariate,1,11,0.8366093366093366,warning,0.0021335482597351074,0.08644769991878593,0.2605618474196798
Covariate,1,12,0.8468468468468469,critical,0.001714169979095459,0.09175016627443407,0.29378048732566814
Covariate,1,13,0.8427518427518428,critical,0.002702176570892334,0.08208749267943785,0.2922482905113248
Covariate,1,14,0.8517608517608518,critical,0.0011227726936340332,0.08445893874557059,0.30660059272171614
Covariate,1,15,0.8325143325143325,critical,0.0015277862548828125,0.08687919826987148,0.46982828257363024
Covariate,1,16,0.8423423423423423,critical,0.0018061399459838867,0.08864723622572661,0.4487668292969113
Covariate,1,17,0.8415233415233415,critical,0.0012889504432678223,0.09070075734748138,0.462362524816368
Covariate,1,18,0.8415233415233415,critical,0.0008183717727661133,0.0854619247964517,0.44594889852853864
Covariate,1,19,0.8342880523731587,critical,0.0007414817810058594,0.08642681741069436,0.4597496642617064
Covariate,2,1,0.8394758394758395,ok,0.0002689361572265625,0.0036309310298190487,0.07846781513743317
Covariate,2,2,0.8452088452088452,ok,0.00031048059463500977,0.0029723278169299944,0.043331324205819456
Covariate,2,3,0.8484848484848485,ok,0.00029647350311279297,0.003272734833702044,0.07177449026487137
Covariate,2,4,0.8468468468468469,ok,0.000706017017364502,0.0024636466171285266,0.06973835773938432
Covariate,2,5,0.8648648648648649,ok,0.0004456043243408203,0.0032088710056674173,0.05802764712751255
Covariate,2,6,0.8472563472563472,ok,0.0004742145538330078,0.0036293382593029807,0.06797820588697386
Covariate,2,7,0.8505323505323505,ok,0.0002881288528442383,0.0036133109613159875,0.042699565879091385
Covariate,2,8,0.8538083538083538,ok,0.00040733814239501953,0.0035393309031613194,0.05632842980923226
Covariate,2,9,0.8488943488943489,warning,0.00017088651657104492,0.004673566270945317,0.058787221143637734
Covariate,2,10,0.846027846027846,warning,0.0006616711616516113,0.0716306907753545,0.35818282415187747
Covariate,2,11,0.8411138411138411,critical,0.0012484192848205566,0.06110873844856621,0.37299897793710846
Covariate,2,12,0.8390663390663391,critical,0.0010132193565368652,0.06342995539204185,0.39608073172281627
Covariate,2,13,0.8345618345618345,critical,0.0024977922439575195,0.06214052755621316,0.4136983583199011
Covariate,2,14,0.8370188370188371,critical,0.0016054511070251465,0.06809265003270215,0.40383685094082206
Covariate,2,15,0.825962325962326,critical,0.010508477687835693,0.10554243828100489,0.6924659173150398
Covariate,2,16,0.8378378378378378,critical,0.00971972942352295,0.09431565850522203,0.6772312641376057
Covariate,2,17,0.8247338247338247,critical,0.010911285877227783,0.09977387488784913,0.68912203514418
Covariate,2,18,0.8288288288288288,critical,0.010323762893676758,0.09854242254840945,0.7011446253437738
Covariate,2,19,0.8183306055646481,critical,0.010923445224761963,0.1015754159355421,0.6828763885007452
Covariate,3,1,0.8439803439803439,ok,0.00017517805099487305,0.0031597881373777426,0.043083447006029174
Covariate,3,2,0.852989352989353,ok,0.0011145472526550293,0.0028628519874950914,0.05981542288579727
Covariate,3,3,0.8394758394758395,ok,0.00025540590286254883,0.002927925596776124,0.040187255540177345
Covariate,3,4,0.8447993447993448,ok,0.00020253658294677734,0.002893390211664228,0.04399549802742365
Covariate,3,5,0.8493038493038493,warning,0.00025397539138793945,0.003781093180305134,0.03734043492320342
Covariate,3,6,0.8583128583128583,warning,0.000217437744140625,0.002565058786243706,0.03449735477266203
Covariate,3,7,0.8595413595413596,warning,0.0004069805145263672,0.0029335040792015186,0.03857147709222817
Covariate,3,8,0.8562653562653563,warning,0.0003771781921386719,0.0032653766366970262,0.06069404543225863
Covariate,3,9,0.8562653562653563,warning,0.00031495094299316406,0.0033669669008035957,0.036555433978476694
Covariate,3,10,0.8378378378378378,critical,0.0006082653999328613,0.053322771342389864,0.3051014883547352
Covariate,3,11,0.8284193284193284,critical,0.0011091232299804688,0.0621217747535561,0.3552235846225985
Covariate,3,12,0.8296478296478297,critical,0.0006932616233825684,0.06308655902933763,0.35893591078532494
Covariate,3,13,0.8312858312858313,critical,0.0005698800086975098,0.0608824791726731,0.33373012945117364
Covariate,3,14,0.821048321048321,critical,0.0005465149879455566,0.05986593176177902,0.3634369507533573
Covariate,3,15,0.8288288288288288,critical,0.005670428276062012,0.10445194402255137,0.5973349418947347
Covariate,3,16,0.8284193284193284,critical,0.0062378644943237305,0.1119014251821007,0.6352295376502766
Covariate,3,17,0.7952497952497952,critical,0.007179141044616699,0.1135049549757701,0.6253983198092444
Covariate,3,18,0.8202293202293203,critical,0.005165040493011475,0.11745220980615816,0.6053341884405984
Covariate,3,19,0.8191489361702128,critical,0.006051898002624512,0.11214709993821084,0.6353862286108612
Covariate,4,1,0.8419328419328419,ok,0.0005003809928894043,0.003726499592076522,0.07244013910337993
Covariate,4,2,0.8390663390663391,ok,0.0001748800277709961,0.003006579384252927,0.03919254438486335
Covariate,4,3,0.8435708435708436,ok,0.00021028518676757812,0.0035596267696119993,0.04587044139956349
Covariate,4,4,0.857084357084357,ok,0.00015693902969360352,0.0024275808951806487,0.03856105421494156
Covariate,4,5,0.8411138411138411,ok,0.00014346837997436523,0.0028579067816462494,0.055509652631930535
Covariate,4,6,0.846027846027846,ok,0.00024312734603881836,0.0027104404150641234,0.05129503165535707
Covariate,4,7,0.8521703521703522,warning,0.0003078579902648926,0.004535671451628035,0.04894156545785046
Covariate,4,8,0.864045864045864,warning,0.00045365095138549805,0.004459514498517841,0.06258635892762356
Covariate,4,9,0.8374283374283374,warning,0.00020498037338256836,0.003543789724387461,0.0694650591035121
Covariate,4,10,0.834971334971335,warning,0.0007787346839904785,0.10150329825904668,0.41493537106698436
Covariate,4,11,0.8423423423423423,warning,0.0004468560218811035,0.09758930401010225,0.38635534859150095
Covariate,4,12,0.8276003276003276,critical,0.0006685256958007812,0.09354009562893348,0.42604074091359745
Covariate,4,13,0.8341523341523341,critical,0.0006653666496276855,0.10046695894976233,0.42831357682200427
Covariate,4,14,0.8468468468468469,critical,0.000493466854095459,0.09817531236740731,0.4102632082272898
Covariate,4,15,0.8329238329238329,critical,0.004361867904663086,0.11207492382587056,0.7505124242743002
Covariate,4,16,0.8366093366093366,critical,0.005878806114196777,0.11909490103458661,0.7686675309351731
Covariate,4,17,0.8374283374283374,critical,0.004586338996887207,0.11331140625689022,0.7330887346588251
Covariate,4,18,0.8243243243243243,critical,0.005340278148651123,0.11648378867525576,0.781999036818349
Covariate,4,19,0.8334697217675942,critical,0.004539906978607178,0.10868521668891279,0.6860612575051681
Covariate,5,1,0.8370188370188371,ok,0.0004277229309082031,0.002618909362268486,0.0493508732393704
Covariate,5,2,0.8423423423423423,ok,0.0002932548522949219,0.003230943832208371,0.039224177758750214
Covariate,5,3,0.8452088452088452,ok,0.00044929981231689453,0.0032553599505868577,0.037872176572000114
Covariate,5,4,0.8558558558558559,ok,0.0003504157066345215,0.0025508180615576867,0.045317304551175816
Covariate,5,5,0.8591318591318591,ok,0.00024008750915527344,0.002736140399710452,0.0317997332427034
Covariate,5,6,0.8402948402948403,ok,0.00046139955520629883,0.003080316686764918,0.04592843869312784
Covariate,5,7,0.8427518427518428,warning,0.0003281235694885254,0.0035797207105920624,0.04305672529254832
Covariate,5,8,0.8484848484848485,warning,0.00030237436294555664,0.003023376987343053,0.031285480676404936
Covariate,5,9,0.8468468468468469,warning,0.00045365095138549805,0.003502568073350246,0.05466625083487305
Covariate,5,10,0.8476658476658476,warning,0.0003994107246398926,0.08357417241497125,0.3745434560890381
Covariate,5,11,0.8431613431613432,critical,0.0003192424774169922,0.08155851497236535,0.3845059458915005
Covariate,5,12,0.8484848484848485,critical,0.0013657808303833008,0.07932076865391456,0.39131542218412957
Covariate,5,13,0.8378378378378378,critical,0.0015456676483154297,0.08014025285535997,0.35706595893037235
Covariate,5,14,0.8312858312858313,critical,0.0011382102966308594,0.09039460705112834,0.41143940989809574
Covariate,5,15,0.8284193284193284,critical,0.004431426525115967,0.15546215409075553,0.6801099005110526
Covariate,5,16,0.8222768222768223,critical,0.004206836223602295,0.16695086425539668,0.7171772686714764
Covariate,5,17,0.8255528255528255,critical,0.00426173210144043,0.1517529023192457,0.6675780666474529
Covariate,5,18,0.8276003276003276,critical,0.0028603076934814453,0.14856053347775539,0.63082778201608
Covariate,5,19,0.8330605564648118,critical,0.0023245811462402344,0.16457380189675583,0.6566242016295568
Covariate,6,1,0.8329238329238329,ok,0.0006669759750366211,0.003509384910810167,0.07821970491423706
Covariate,6,2,0.8476658476658476,ok,0.0005274415016174316,0.003281651201173702,0.06593736289503822
Covariate,6,3,0.8574938574938575,ok,0.00013083219528198242,0.002707235924395363,0.04426374227554807
Covariate,6,4,0.8480753480753481,ok,0.0008079409599304199,0.0028197930070261367,0.06856620375531894
Covariate,6,5,0.8468468468468469,ok,0.00014793872833251953,0.0028159669005241718,0.04341545853065231
Covariate,6,6,0.8423423423423423,ok,0.000347137451171875,0.003370242113358787,0.09332760907310583
Covariate,6,7,0.8677313677313677,ok,0.0007906556129455566,0.0032056055719587324,0.0700179929742063
Covariate,6,8,0.8431613431613432,ok,0.0004328489303588867,0.003098182608443472,0.08053201275188933
Covariate,6,9,0.8513513513513513,ok,0.00012493133544921875,0.003016232333006371,0.043601042935013545
Covariate,6,10,0.8423423423423423,warning,0.00043660402297973633,0.10554037555373244,0.26479581186966344
Covariate,6,11,0.8251433251433251,warning,0.000590980052947998,0.11085808979795922,0.2723394112263799
Covariate,6,12,0.8517608517608518,critical,0.0008849501609802246,0.10541319516107467,0.2825674797185129
Covariate,6,13,0.8382473382473382,critical,0.0006392002105712891,0.10705275894977748,0.2748915586925624
Covariate,6,14,0.8321048321048321,critical,9.697675704956055e-05,0.10769561243767979,0.2815938180490665
Covariate,6,15,0.8341523341523341,critical,0.0009157657623291016,0.12607374517713352,0.48474414037797703
Covariate,6,16,0.8157248157248157,critical,0.00018078088760375977,0.13651646819737961,0.4469130022652601
Covariate,6,17,0.8235053235053235,critical,0.0004750490188598633,0.12923790137577576,0.4861220969774388
Covariate,6,18,0.8226863226863227,critical,0.0011819005012512207,0.14985131083577624,0.504240700309212
Covariate,6,19,0.8306055646481179,critical,0.000532984733581543,0.1359252666096093,0.4923724134184661
Covariate,7,1,0.8341523341523341,ok,0.0010231733322143555,0.0036520500189750954,0.06783010218087296
Covariate,7,2,0.8439803439803439,ok,0.0003249049186706543,0.002958310245108598,0.04223377900339212
Covariate,7,3,0.8427518427518428,ok,0.0005246996879577637,0.0032250356637194477,0.0487710580702762
Covariate,7,4,0.8488943488943489,warning,0.0011409521102905273,0.002923870412983279,0.09239830450558327
Covariate,7,5,0.8542178542178542,warning,0.0005400776863098145,0.002686296783936091,0.0398828715150722
Covariate,7,6,0.8435708435708436,warning,0.0006797909736633301,0.003641838241216942,0.0560784365535224
Covariate,7,7,0.8411138411138411,ok,0.0009295344352722168,0.0033663572018023244,0.06195676342388158
Covariate,7,8,0.8472563472563472,ok,0.00035458803176879883,0.0034806537320835797,0.04870168590078391
Covariate,7,9,0.855036855036855,ok,0.0005064606666564941,0.0035634812731676338,0.04631359240607578
Covariate,7,10,0.8267813267813268,warning,0.0012343525886535645,0.06332590286359678,0.3926973024830448
Covariate,7,11,0.8431613431613432,warning,0.000966191291809082,0.058348697398515725,0.3661586160037254
Covariate,7,12,0.8493038493038493,critical,0.0011305809020996094,0.06778011389204593,0.3842032943530173
Covariate,7,13,0.8423423423423423,critical,0.0007708072662353516,0.06893747031286712,0.40657316140033817
Covariate,7,14,0.8312858312858313,critical,0.0019747018814086914,0.05769908495857398,0.4025247563660144
Covariate,7,15,0.8157248157248157,critical,0.0037488341331481934,0.13903522431656223,0.6589671338268708
Covariate,7,16,0.8173628173628174,critical,0.0038698315620422363,0.13793644984762238,0.6373634407979251
Covariate,7,17,0.8267813267813268,critical,0.004248917102813721,0.1355818390130875,0.6723357327333914
Covariate,7,18,0.8177723177723177,critical,0.00501781702041626,0.13211346223311238,0.6879876541369654
Covariate,7,19,0.8289689034369886,critical,0.003248751163482666,0.13321960761756632,0.6696031815945721
Covariate,8,1,0.8513513513513513,ok,0.0005845427513122559,0.003337223584285012,0.04254801742145011
Covariate,8,2,0.8476658476658476,ok,0.0012240409851074219,0.0027082800984816946,0.07661759497156949
Covariate,8,3,0.8443898443898444,ok,0.0006290078163146973,0.004166438885402333,0.055923289283011726
Covariate,8,4,0.8456183456183456,ok,0.0012997984886169434,0.0030439905394684273,0.0820292470782971
Covariate,8,5,0.8546273546273546,ok,0.0008862614631652832,0.002869223198398525,0.058875963235629485
Covariate,8,6,0.8394758394758395,warning,0.0019500255584716797,0.0036318915047183938,0.11168105172884937
Covariate,8,7,0.8505323505323505,warning,0.0005115866661071777,0.0032652386811875974,0.0625334687888154
Covariate,8,8,0.8443898443898444,warning,0.000979006290435791,0.0035115372644916117,0.055773100978942794
Covariate,8,9,0.8456183456183456,ok,0.0007772445678710938,0.0031443498121666294,0.06956771759338828
Covariate,8,10,0.834971334971335,warning,0.0022574663162231445,0.09258073350294384,0.5901509102219492
Covariate,8,11,0.8423423423423423,warning,0.001976191997528076,0.10045973127371147,0.5957370779287705
Covariate,8,12,0.8288288288288288,critical,0.0015917420387268066,0.09709632904015805,0.6074638429029563
Covariate,8,13,0.8337428337428338,critical,0.0024477243423461914,0.0945861291534641,0.5341442096708601
Covariate,8,14,0.8415233415233415,critical,0.0018727779388427734,0.10403299399187554,0.5484185788559633
Covariate,8,15,0.8194103194103194,critical,0.004848778247833252,0.10880713648431894,0.805679435055626
Covariate,8,16,0.7968877968877969,critical,0.006583690643310547,0.10692055579972473,0.834599560430429
Covariate,8,17,0.825962325962326,critical,0.004981696605682373,0.10482410820235052,0.8478653254280137
Covariate,8,18,0.8296478296478297,critical,0.004659831523895264,0.10663340244161122,0.8321150302886772
Covariate,8,19,0.813011456628478,critical,0.005371391773223877,0.11939366633675536,0.8360217084807685
Covariate,9,1,0.8493038493038493,ok,0.0009541511535644531,0.002901373257999114,0.0874445262417674
Covariate,9,2,0.8472563472563472,ok,7.659196853637695e-05,0.002622690252865242,0.04432380367004647
Covariate,9,3,0.8431613431613432,ok,0.00010091066360473633,0.003195908011691238,0.0474415154003524
Covariate,9,4,0.866912366912367,ok,0.00010347366333007812,0.0029612974272469825,0.0532591690142946
Covariate,9,5,0.8538083538083538,ok,0.00010675191879272461,0.002651321265218641,0.03231019515431311
Covariate,9,6,0.85995085995086,warning,0.0002142786979675293,0.00370526561394814,0.0456736359980192
Covariate,9,7,0.8521703521703522,warning,6.097555160522461e-05,0.003948605965005044,0.07122603482029034
Covariate,9,8,0.8488943488943489,warning,0.0003382563591003418,0.002993601155856735,0.055590435466672056
Covariate,9,9,0.8472563472563472,warning,0.0005955696105957031,0.0034736014997996155,0.061402795691406255
Covariate,9,10,0.8415233415233415,warning,0.0005258321762084961,0.06464293482965223,0.3504454774411434
Covariate,9,11,0.8394758394758395,critical,0.00036591291427612305,0.06627136630476618,0.3495372237596664
Covariate,9,12,0.8423423423423423,critical,0.000488579273223877,0.0643490088709366,0.3159829246409979
Covariate,9,13,0.8476658476658476,critical,0.0008233785629272461,0.06646728590830535,0.34419472083380426
Covariate,9,14,0.8300573300573301,critical,0.00018393993377685547,0.06920993077402787,0.3624665072478295
Covariate,9,15,0.8415233415233415,critical,0.0009180307388305664,0.07596605338565701,0.5971649552901492
Covariate,9,16,0.8312858312858313,critical,0.0010092854499816895,0.06878138549534861,0.5749244207634444
Covariate,9,17,0.8361998361998362,critical,0.0007799267768859863,0.0814449231883381,0.5940239857874275
Covariate,9,18,0.8378378378378378,critical,0.0006975531578063965,0.06907376180127298,0.5505496428709203
Covariate,9,19,0.837152209492635,critical,0.0009573101997375488,0.0834215880517509,0.5668378637533772
Covariate,10,1,0.8394758394758395,ok,0.00029718875885009766,0.002582086551791098,0.04909597877685721
Covariate,10,2,0.8427518427518428,ok,0.0006884932518005371,0.003212317024865666,0.061418322699844666
Covariate,10,3,0.8394758394758395,ok,0.0005085468292236328,0.003404152433793688,0.06683817540007865
Covariate,10,4,0.85995085995086,ok,0.0005944371223449707,0.0028490817765325993,0.04971946819695313
Covariate,10,5,0.8615888615888616,ok,0.0003796815872192383,0.003336884289586873,0.05096197724006735
Covariate,10,6,0.8583128583128583,ok,0.0007094740867614746,0.0033072930621557313,0.057491155785953076
Covariate,10,7,0.8509418509418509,ok,0.00023221969604492188,0.0027858452178166106,0.0332775261540772
Covariate,10,8,0.8452088452088452,ok,0.000370025634765625,0.0031878848655585972,0.05731142364277118
Covariate,10,9,0.8480753480753481,warning,0.000917971134185791,0.0029719352848020424,0.0589531219536156
Covariate,10,10,0.8533988533988534,warning,0.001026153564453125,0.022599167152301387,0.20393525784398353
Covariate,10,11,0.8382473382473382,critical,0.0014487504959106445,0.027040486401334135,0.23184833392936793
Covariate,10,12,0.8345618345618345,critical,0.0012728571891784668,0.024543988562644073,0.20966179938994528
Covariate,10,13,0.8456183456183456,critical,0.0011597275733947754,0.019323037497523635,0.2565136458854524
Covariate,10,14,0.8509418509418509,critical,0.0011740326881408691,0.020747853018655636,0.2339252780537128
Covariate,10,15,0.8288288288288288,critical,0.006898224353790283,0.06496444045169825,0.6109330570627972
Covariate,10,16,0.8243243243243243,critical,0.0053972601890563965,0.06039078379063702,0.5777071625263911
Covariate,10,17,0.8218673218673219,critical,0.005865871906280518,0.06468489550736263,0.6080266895131811
Covariate,10,18,0.8308763308763308,critical,0.0066640377044677734,0.0654404373171272,0.6162211835867953
Covariate,10,19,0.8473813420621932,critical,0.0060610175132751465,0.06359121841325358,0.5448138888169415
Covariate,11,1,0.8402948402948403,ok,0.0001965165138244629,0.002328459523720347,0.03775543333252436
Covariate,11,2,0.8447993447993448,ok,0.00035840272903442383,0.003009409028604835,0.050434290326370555
Covariate,11,3,0.8513513513513513,ok,9.423494338989258e-05,0.003643372183434253,0.030621228438426795
Covariate,11,4,0.8497133497133497,ok,0.00019061565399169922,0.003413392257002551,0.03801739105575678
Covariate,11,5,0.852989352989353,ok,0.00020945072174072266,0.002902524761651845,0.03923412024735317
Covariate,11,6,0.852989352989353,warning,0.00030487775802612305,0.0023042984792285342,0.050026862011823124
Covariate,11,7,0.8480753480753481,warning,0.0003624558448791504,0.0033176886630400704,0.04804194720448997
Covariate,11,8,0.8452088452088452,warning,0.00031107664108276367,0.0026615740231895803,0.04002396863860244
Covariate,11,9,0.8501228501228502,warning,0.0007359981536865234,0.0029407070532800382,0.07385376160987243
Covariate,11,10,0.8321048321048321,warning,0.0009782910346984863,0.03970485998970667,0.2823052652746825
Covariate,11,11,0.8554463554463555,critical,0.0008823275566101074,0.04843868274290846,0.2952687625800805
Covariate,11,12,0.8431613431613432,critical,0.0009641647338867188,0.04988661568124741,0.2812492687081236
Covariate,11,13,0.8476658476658476,critical,0.0008854866027832031,0.043779636880245026,0.30299921498630494
Covariate,11,14,0.8505323505323505,critical,0.001092374324798584,0.040328111625965085,0.2657597621696021
Covariate,11,15,0.8321048321048321,critical,0.001871645450592041,0.13058584530656764,0.6105070575675299
Covariate,11,16,0.828009828009828,critical,0.0012462139129638672,0.1398023920003656,0.6289638213979777
Covariate,11,17,0.819000819000819,critical,0.0010827183723449707,0.12980472612027377,0.632779904308269
Covariate,11,18,0.8427518427518428,critical,0.0014414191246032715,0.12849637359915608,0.5775014156190392
Covariate,11,19,0.8240589198036007,critical,0.0012760162353515625,0.1488383199108675,0.6645932163562305
Covariate,12,1,0.8513513513513513,ok,0.00016313791275024414,0.0031694243869152482,0.04284354946001849
Covariate,12,2,0.8480753480753481,ok,0.00025516748428344727,0.004400101342464609,0.038753513701376086
Covariate,12,3,0.8435708435708436,ok,0.00010412931442260742,0.0032867792357884184,0.04139595736067903
Covariate,12,4,0.8521703521703522,warning,0.00041478872299194336,0.0037633203093055904,0.0573828236723856
Covariate,12,5,0.8517608517608518,warning,0.00014036893844604492,0.0031272926681374705,0.04521729530643659
Covariate,12,6,0.8316953316953317,warning,0.0004125237464904785,0.003932959382662086,0.04768800491926306
Covariate,12,7,0.8501228501228502,warning,0.0004456639289855957,0.0028508948717392334,0.05907919925136405
Covariate,12,8,0.8525798525798526,warning,0.0002123117446899414,0.0037545366950459446,0.04849431811196708
Covariate,12,9,0.8447993447993448,warning,0.0003313422203063965,0.0027848348731252916,0.05680234172727751
Covariate,12,10,0.8480753480753481,warning,0.0015198588371276855,0.08041548393768261,0.26267257024244
Covariate,12,11,0.8292383292383292,warning,0.0008143186569213867,0.07721982768368968,0.24115216383046145
Covariate,12,12,0.846027846027846,critical,0.0009142756462097168,0.08316990166352074,0.2599132736875671
Covariate,12,13,0.8443898443898444,critical,0.0013295412063598633,0.08193436819487479,0.2317811902452627
Covariate,12,14,0.8321048321048321,critical,0.0009000897407531738,0.07793342882856683,0.2503479857578709
Covariate,12,15,0.8292383292383292,critical,0.0013279318809509277,0.09556840693546143,0.5409762338986824
Covariate,12,16,0.8206388206388207,critical,0.001477062702178955,0.09198360583169081,0.5681093950153628
Covariate,12,17,0.8271908271908271,critical,0.0011811256408691406,0.09152421903921751,0.5450999601800844
Covariate,12,18,0.8378378378378378,critical,0.001833498477935791,0.08997208057567851,0.5182824230961904
Covariate,12,19,0.8363338788870703,critical,0.0014339685440063477,0.09119098892840047,0.5540015414767473
Covariate,13,1,0.8345618345618345,ok,0.00034940242767333984,0.004013505665610784,0.05580153312960475
Covariate,13,2,0.8435708435708436,ok,0.00021219253540039062,0.0028126836282730133,0.04392467194430747
Covariate,13,3,0.8472563472563472,ok,0.00026667118072509766,0.0031388893257437043,0.052114836283636036
Covariate,13,4,0.8497133497133497,warning,0.0008828639984130859,0.0028559842573268102,0.0821869185752708
Covariate,13,5,0.855036855036855,warning,0.0004717111587524414,0.003599420066471437,0.049978850007155025
Covariate,13,6,0.8488943488943489,warning,0.00033408403396606445,0.0037415956556617978,0.04510450488017233
Covariate,13,7,0.8546273546273546,ok,0.0001932382583618164,0.0024230385955365348,0.0407563260457815
Covariate,13,8,0.8624078624078624,ok,0.00036156177520751953,0.003662167258947117,0.05628416839419552
Covariate,13,9,0.8472563472563472,ok,0.0004004240036010742,0.0032076094559504043,0.05280457043352505
Covariate,13,10,0.846027846027846,warning,0.0018674731254577637,0.045570169080612045,0.21671321480993577
Covariate,13,11,0.8251433251433251,warning,0.0022578835487365723,0.042568927124070996,0.21982387421286745
Covariate,13,12,0.8525798525798526,critical,0.0005412697792053223,0.042386603429899014,0.20242507903907034
Covariate,13,13,0.8484848484848485,critical,0.0015295743942260742,0.042927197387342145,0.23434027848163821
Covariate,13,14,0.8542178542178542,critical,0.0008649230003356934,0.04413749116490471,0.2024749115529054
Covariate,13,15,0.8509418509418509,critical,0.0024254918098449707,0.14249380682891688,0.46225626427387256
Covariate,13,16,0.8497133497133497,critical,0.0027347803115844727,0.1316080564249539,0.47415928834573556
Covariate,13,17,0.8447993447993448,critical,0.0030727386474609375,0.12378307344195728,0.4956031595388226
Covariate,13,18,0.8505323505323505,critical,0.0020816922187805176,0.12405304614642207,0.44152361142042335
Covariate,13,19,0.8363338788870703,critical,0.0025706887245178223,0.11878106416375517,0.45233028603044734
Covariate,14,1,0.8505323505323505,ok,0.00047266483306884766,0.003551777984964228,0.044629114189815515
Covariate,14,2,0.8501228501228502,ok,0.0002849698066711426,0.0029181295035346647,0.03961583617579103
Covariate,14,3,0.8366093366093366,ok,0.0003339052200317383,0.0025479040639177124,0.054936414899177305
Covariate,14,4,0.8546273546273546,ok,0.00017511844635009766,0.002775693282781191,0.039016420827884105
Covariate,14,5,0.8402948402948403,ok,0.00010788440704345703,0.002936139363235284,0.028222360186563954
Covariate,14,6,0.8464373464373465,ok,7.456541061401367e-05,0.0028480378192668404,0.042504282390590474
Covariate,14,7,0.8648648648648649,ok,0.00020635128021240234,0.002554373141805391,0.04680354986487591
Covariate,14,8,0.8505323505323505,ok,0.0003083944320678711,0.002272519170684442,0.04786043467422644
Covariate,14,9,0.8357903357903358,ok,0.00020927190780639648,0.003192319361755646,0.0429996826394712
Covariate,14,10,0.8366093366093366,warning,0.0006242990493774414,0.03815899450009472,0.2344433440586018
Covariate,14,11,0.8394758394758395,warning,0.0004317760467529297,0.03858189952306954,0.23093504099225198
Covariate,14,12,0.8407043407043407,critical,0.0008180141448974609,0.04035922602148191,0.24436045484129906
Covariate,14,13,0.8415233415233415,critical,0.001021742820739746,0.036259452944425216,0.24117062790742885
Covariate,14,14,0.8407043407043407,critical,0.0006132721900939941,0.040944988653455555,0.2517025359107581
Covariate,14,15,0.8308763308763308,critical,0.0009335875511169434,0.08615420226297087,0.44904623733800836
Covariate,14,16,0.8415233415233415,critical,0.0014212727546691895,0.09412826599250479,0.4667505387517355
Covariate,14,17,0.8308763308763308,critical,0.0007026195526123047,0.08372837002546497,0.44940498495422676
Covariate,14,18,0.8431613431613432,critical,0.0008953213691711426,0.08911772579254511,0.393566545236137
Covariate,14,19,0.8391980360065466,critical,0.0012797117233276367,0.08578178599233321,0.42993840087239477
Covariate,15,1,0.8603603603603603,ok,0.00016230344772338867,0.003299332428808946,0.053372881955685125
Covariate,15,2,0.8427518427518428,ok,0.00017827749252319336,0.0023486188618125348,0.03506492522227089
Covariate,15,3,0.8345618345618345,ok,0.00018042325973510742,0.003409307195632796,0.034993747680964485
Covariate,15,4,0.8558558558558559,warning,0.0005410313606262207,0.0023740936485943664,0.06065317183232622
Covariate,15,5,0.8546273546273546,warning,0.0002486705780029297,0.002666642895900801,0.03500613132697635
Covariate,15,6,0.8509418509418509,warning,0.00010603666305541992,0.0032559355363630657,0.02956677724718698
Covariate,15,7,0.8484848484848485,ok,0.0003342628479003906,0.0023705238450305657,0.03766901867056493
Covariate,15,8,0.8398853398853399,warning,0.0005481839179992676,0.0029508116296982296,0.05195820329437758
Covariate,15,9,0.8521703521703522,warning,0.0002390742301940918,0.004284946840554441,0.04315686190461193
Covariate,15,10,0.8300573300573301,warning,0.0010769367218017578,0.08055797175810767,0.34703390365416653
Covariate,15,11,0.8480753480753481,critical,0.0008592009544372559,0.08645595644851398,0.3558683874588295
Covariate,15,12,0.8353808353808354,critical,0.0006873607635498047,0.09296044611353596,0.3930246702485933
Covariate,15,13,0.8247338247338247,critical,0.0005865097045898438,0.09101426518930389,0.35738640730364113
Covariate,15,14,0.8366093366093366,critical,0.0010480284690856934,0.0882097795572212,0.35878641063841915
Covariate,15,15,0.8296478296478297,critical,0.0008766651153564453,0.1624827658060225,0.6400901678012288
Covariate,15,16,0.8218673218673219,critical,0.0007780194282531738,0.15303866932604637,0.6223225154299875
Covariate,15,17,0.8312858312858313,critical,0.0007532238960266113,0.15945580636826917,0.6302018396719153
Covariate,15,18,0.8230958230958231,critical,0.0006174445152282715,0.15795051883746763,0.6134155558776387
Covariate,15,19,0.8359247135842881,critical,0.0006632804870605469,0.15098746948520114,0.5932535055435525
Covariate,16,1,0.855036855036855,ok,0.0003935694694519043,0.002865800357903801,0.04214254824140409
Covariate,16,2,0.8439803439803439,ok,0.00012040138244628906,0.002330690322193256,0.03307407376158869
Covariate,16,3,0.8447993447993448,ok,0.00020831823348999023,0.002900719604980238,0.06479336607367575
Covariate,16,4,0.8542178542178542,warning,0.00010883808135986328,0.004009373901849746,0.04431174972002015
Covariate,16,5,0.8439803439803439,warning,0.0009669065475463867,0.0029181329320165923,0.057219195701269605
Covariate,16,6,0.8579033579033579,warning,0.00024259090423583984,0.002818455184633137,0.0500238175776308
Covariate,16,7,0.8513513513513513,warning,0.00010836124420166016,0.0027427441141275274,0.047947573523831555
Covariate,16,8,0.8583128583128583,warning,0.0008133053779602051,0.0023547470944324887,0.07079071696789711
Covariate,16,9,0.8411138411138411,warning,0.00010538101196289062,0.0022603642308843498,0.0402797991492013
Covariate,16,10,0.8513513513513513,warning,0.0007516741752624512,0.06784108666787662,0.30786272683341276
Covariate,16,11,0.8316953316953317,warning,0.0009221434593200684,0.06539852537707136,0.29051814548083255
Covariate,16,12,0.8316953316953317,critical,0.001278996467590332,0.0643641211031423,0.29721923143434437
Covariate,16,13,0.834971334971335,critical,0.0010473132133483887,0.06358796164759539,0.28292317616978374
Covariate,16,14,0.8431613431613432,critical,0.0012674927711486816,0.06786867524435818,0.30385544638140954
Covariate,16,15,0.8329238329238329,critical,0.00041109323501586914,0.08135346884188996,0.506673776603863
Covariate,16,16,0.8333333333333334,critical,0.00028759241104125977,0.08041758441023972,0.4913529968073919
Covariate,16,17,0.8493038493038493,critical,0.000349581241607666,0.08020397009350144,0.5000109434004383
Covariate,16,18,0.8447993447993448,critical,0.0003768801689147949,0.08984847149848169,0.5241054884373028
Covariate,16,19,0.8424713584288053,critical,0.00032830238342285156,0.08066522960023689,0.5268448020837805
Covariate,17,1,0.8456183456183456,ok,0.00022369623184204102,0.003588871351351083,0.034595651393809664
Covariate,17,2,0.8595413595413596,ok,0.00046813488006591797,0.0027653459258454322,0.06018309445897646
Covariate,17,3,0.834971334971335,ok,0.0005048513412475586,0.0030444069184692186,0.055676775600800844
Covariate,17,4,0.8501228501228502,ok,0.000431060791015625,0.0032155285653008934,0.04712510283465847
Covariate,17,5,0.8402948402948403,ok,0.00016075372695922852,0.0032225788014259744,0.049761130658045466
Covariate,17,6,0.8435708435708436,ok,0.00012606382369995117,0.0028166998658821943,0.037055368691585176
Covariate,17,7,0.8447993447993448,warning,0.00018602609634399414,0.0042107655881239645,0.04040242465679042
Covariate,17,8,0.8431613431613432,warning,0.00030225515365600586,0.003108632816006327,0.044917728608500136
Covariate,17,9,0.8472563472563472,warning,0.0003527998924255371,0.003356516474691631,0.046869719490816204
Covariate,17,10,0.834971334971335,warning,0.00046575069427490234,0.09839943724823624,0.5528898162271596
Covariate,17,11,0.8271908271908271,warning,0.0005624890327453613,0.0846546414794723,0.5307623141510388
Covariate,17,12,0.8263718263718264,critical,0.0004830360412597656,0.08994965786270123,0.5266373690952266
Covariate,17,13,0.8333333333333334,critical,0.0012551546096801758,0.08990339628237694,0.5194352382151249
Covariate,17,14,0.8321048321048321,critical,0.0006975531578063965,0.09775149725763949,0.549953766134318
Covariate,17,15,0.823914823914824,critical,0.0007483363151550293,0.17393146659554753,0.9396242465704993
Covariate,17,16,0.834971334971335,critical,0.0010497570037841797,0.17099171730589552,0.9477293696779602
Covariate,17,17,0.8222768222768223,critical,0.0010665655136108398,0.1634516043722638,0.9450150410472424
Covariate,17,18,0.8173628173628174,critical,0.0010275840759277344,0.16692251062881647,0.923179133042745
Covariate,17,19,0.8171031096563012,critical,0.001753389835357666,0.16609066094078914,0.9600336754447674
Covariate,18,1,0.8648648648648649,ok,0.00018709897994995117,0.002538175527384049,0.042472600787961945
Covariate,18,2,0.8488943488943489,ok,0.0003370046615600586,0.0033519280694512877,0.06654107345483226
Covariate,18,3,0.8480753480753481,ok,0.00013059377670288086,0.0032817179642589183,0.05821604677027873
Covariate,18,4,0.8538083538083538,ok,0.0005442500114440918,0.003153217471674282,0.05796326977628136
Covariate,18,5,0.855036855036855,ok,0.00015407800674438477,0.0032320539403286495,0.0491922204111225
Covariate,18,6,0.8542178542178542,ok,0.0003668069839477539,0.003473626800188462,0.050400136459915715
Covariate,18,7,0.8488943488943489,ok,0.0004132986068725586,0.0033583736063399153,0.05228371237977472
Covariate,18,8,0.8435708435708436,ok,0.00010448694229125977,0.003626962650260957,0.056427259341490225
Covariate,18,9,0.8660933660933661,ok,0.0001360774040222168,0.002902633503204315,0.03768207656370621
Covariate,18,10,0.823914823914824,warning,0.00047451257705688477,0.056814870484492026,0.28837108136450085
Covariate,18,11,0.8480753480753481,warning,0.0006964206695556641,0.0690514175287201,0.30479224655560977
Covariate,18,12,0.8292383292383292,critical,0.0007156133651733398,0.05917777554389535,0.31988965026380417
Covariate,18,13,0.8476658476658476,critical,0.0005300045013427734,0.06702329978551849,0.30119057752812334
Covariate,18,14,0.8497133497133497,critical,0.0005614757537841797,0.06419468183746321,0.32562030114829976
Covariate,18,15,0.8382473382473382,critical,0.0021849870681762695,0.2010320069124746,0.6004041089623131
Covariate,18,16,0.8247338247338247,critical,0.0017298460006713867,0.19612317334407325,0.590165481360746
Covariate,18,17,0.8226863226863227,critical,0.0019184350967407227,0.18850416862834682,0.5863691811960406
Covariate,18,18,0.8230958230958231,critical,0.002399444580078125,0.2035996278118817,0.6058249409952973
Covariate,18,19,0.8289689034369886,critical,0.0035332441329956055,0.20034831779287054,0.6139013935168351
Covariate,19,1,0.8480753480753481,ok,0.00023740530014038086,0.0028743472860043124,0.033300749534495244
Covariate,19,2,0.8587223587223587,ok,0.0005998015403747559,0.0032912829934254985,0.07368497290950952
Covariate,19,3,0.8415233415233415,ok,0.00011175870895385742,0.002744593932529887,0.029643640336222073
Covariate,19,4,0.8456183456183456,ok,0.0002543330192565918,0.0033833425401612535,0.03693837877118876
Covariate,19,5,0.8443898443898444,ok,0.00033205747604370117,0.003165605290642329,0.03443677418496856
Covariate,19,6,0.8443898443898444,ok,8.058547973632812e-05,0.0029235082500951868,0.03990496743232213
Covariate,19,7,0.8419328419328419,ok,0.00024086236953735352,0.003281149484272599,0.047739066568471766
Covariate,19,8,0.8533988533988534,ok,0.00015527009963989258,0.002853401899295427,0.027564919548882218
Covariate,19,9,0.8439803439803439,ok,0.00012087821960449219,0.002865663560677711,0.03580855406186687
Covariate,19,10,0.8452088452088452,warning,0.0007135868072509766,0.044538720161704,0.3009005716976494
Covariate,19,11,0.8378378378378378,warning,0.000822603702545166,0.046198712296589624,0.30314915152399396
Covariate,19,12,0.8464373464373465,critical,0.0010859966278076172,0.04631506896717902,0.28989204183285894
Covariate,19,13,0.8554463554463555,critical,0.0018964409828186035,0.04930899374190373,0.2711562206850915
Covariate,19,14,0.8443898443898444,critical,0.0006965398788452148,0.04598947851744591,0.3064804955583322
Covariate,19,15,0.8357903357903358,critical,0.002760171890258789,0.08192815390197475,0.5014936366948652
Covariate,19,16,0.8374283374283374,critical,0.0027831196784973145,0.0863051264743612,0.4672215059367545
Covariate,19,17,0.8439803439803439,critical,0.0029747486114501953,0.09202730327323225,0.5024095377324539
Covariate,19,18,0.8312858312858313,critical,0.0033777952194213867,0.08461617543690653,0.503450611419747
Covariate,19,19,0.849836333878887,critical,0.002004563808441162,0.08595105843739734,0.4829637356089371
Covariate,20,1,0.8427518427518428,ok,0.00025719404220581055,0.002489743807402569,0.060060336450564904
Covariate,20,2,0.8505323505323505,ok,0.0002276897430419922,0.0033389741290565677,0.03183310331323282
Covariate,20,3,0.8292383292383292,ok,0.00023406744003295898,0.003871715172186901,0.052606933181007065
Covariate,20,4,0.8587223587223587,ok,9.107589721679688e-05,0.0030762320170999043,0.03957069649633376
Covariate,20,5,0.8456183456183456,ok,0.00011527538299560547,0.003451469409344435,0.043298576622103055
Covariate,20,6,0.8607698607698607,ok,0.00016391277313232422,0.0031749416818368627,0.02942376567339139
Covariate,20,7,0.8357903357903358,ok,9.47713851928711e-05,0.0032411956845460393,0.031875913592464375
Covariate,20,8,0.8431613431613432,ok,0.00012665987014770508,0.0020252489085261,0.04016792444080521
Covariate,20,9,0.8497133497133497,warning,0.0009581446647644043,0.003269280148706608,0.09352282932627697
Covariate,20,10,0.8407043407043407,warning,0.00017660856246948242,0.034193133399329716,0.24607631968025684
Covariate,20,11,0.8288288288288288,critical,0.0003934502601623535,0.044469616951379715,0.2521645257458612
Covariate,20,12,0.8243243243243243,critical,0.00021594762802124023,0.031959802577567496,0.24262985688387562
Covariate,20,13,0.8390663390663391,critical,0.00023436546325683594,0.02933404075455407,0.24942802712598736
Covariate,20,14,0.8390663390663391,critical,0.0001277923583984375,0.03352927801311108,0.2234978260485455
Covariate,20,15,0.8247338247338247,critical,0.0016679763793945312,0.061128014625207616,0.39566283596456797
Covariate,20,16,0.825962325962326,critical,0.0032625198364257812,0.06906341167795935,0.3948409534561334
Covariate,20,17,0.8353808353808354,critical,0.0028541088104248047,0.06042505967981886,0.35408476628571456
Covariate,20,18,0.8337428337428338,critical,0.0030841827392578125,0.06855878537494231,0.41184984807093683
Covariate,20,19,0.837152209492635,critical,0.002379298210144043,0.060704653874271416,0.3824328235792033
Covariate,21,1,0.8497133497133497,ok,0.0002467632293701172,0.0031467624736273942,0.029031083938141005
Covariate,21,2,0.8505323505323505,ok,0.00021839141845703125,0.002859274442745135,0.0434030766151084
Covariate,21,3,0.8431613431613432,ok,0.00027489662170410156,0.002960504932493944,0.03784698522916907
Covariate,21,4,0.8505323505323505,warning,0.00042045116424560547,0.003889153976273983,0.04310499859690043
Covariate,21,5,0.8562653562653563,warning,0.0003859400749206543,0.0028614604856047905,0.0457091270387249
Covariate,21,6,0.8464373464373465,warning,0.0005384683609008789,0.0028090793994518725,0.04890157900202212
Covariate,21,7,0.8505323505323505,warning,0.00017714500427246094,0.004354350143335405,0.027225133417631678
Covariate,21,8,0.8595413595413596,warning,0.0003770589828491211,0.002667324270379308,0.053928127949107764
Covariate,21,9,0.8427518427518428,warning,0.0012400150299072266,0.00315971252905772,0.06975431720012587
Covariate,21,10,0.8382473382473382,critical,0.0017057061195373535,0.018486937458234286,0.17844544325629705
Covariate,21,11,0.8382473382473382,critical,0.0017601847648620605,0.020717930821381236,0.14754593494652563
Covariate,21,12,0.8357903357903358,critical,0.002525806427001953,0.024363655667309844,0.21557897305408572
Covariate,21,13,0.8423423423423423,critical,0.0017920732498168945,0.019372031461613697,0.17741939422741598
Covariate,21,14,0.8382473382473382,critical,0.0018919110298156738,0.021791045031392398,0.15687771855218885
Covariate,21,15,0.8361998361998362,critical,0.009114205837249756,0.05612423804802385,0.3706164798353411
Covariate,21,16,0.8181818181818182,critical,0.00955873727798462,0.06130251558149182,0.3946796409161434
Covariate,21,17,0.8296478296478297,critical,0.007518351078033447,0.0586504134190912,0.3761286795805578
Covariate,21,18,0.8185913185913186,critical,0.009084761142730713,0.06161582159722913,0.38104528723243414
Covariate,21,19,0.8248772504091653,critical,0.007245182991027832,0.05657955111573558,0.3583632807572739
Covariate,22,1,0.8579033579033579,ok,0.0002250075340270996,0.0030709084832811536,0.05130767855235665
Covariate,22,2,0.8751023751023751,ok,0.00027179718017578125,0.0030963637552410407,0.04204723390985706
Covariate,22,3,0.8542178542178542,ok,4.5359134674072266e-05,0.0030137897560454123,0.04111484092016961
Covariate,22,4,0.8685503685503686,ok,0.00041419267654418945,0.0028170771944966916,0.03695111353663318
Covariate,22,5,0.8538083538083538,ok,5.537271499633789e-05,0.0032691699468947273,0.049367020001626745
Covariate,22,6,0.8521703521703522,warning,0.00011420249938964844,0.0036812461297653903,0.04193055088708846
Covariate,22,7,0.8423423423423423,warning,0.0005752444267272949,0.004071263054334968,0.06962566116914749
Covariate,22,8,0.8452088452088452,critical,0.0003472566604614258,0.0034964254923960346,0.05835361790372881
Covariate,22,9,0.8394758394758395,warning,0.00010848045349121094,0.0031778517732082012,0.03501643324621709
Covariate,22,10,0.846027846027846,warning,0.000377655029296875,0.06352627284039661,0.23905384156616427
Covariate,22,11,0.8423423423423423,warning,0.0010638236999511719,0.07607499752457232,0.2657083941870486
Covariate,22,12,0.8382473382473382,critical,0.0010936856269836426,0.060966957120870566,0.2239108493053236
Covariate,22,13,0.8501228501228502,critical,0.0006649494171142578,0.07011771131084221,0.26051361569609643
Covariate,22,14,0.8398853398853399,critical,0.0009421706199645996,0.05999791569804913,0.23422586733689993
Covariate,22,15,0.8394758394758395,critical,0.001439809799194336,0.08716199811679076,0.4164613550849359
Covariate,22,16,0.8501228501228502,critical,0.000708460807800293,0.07647436721797933,0.3840106401399325
Covariate,22,17,0.8542178542178542,critical,0.0011189579963684082,0.08347117862101919,0.3832830875717331
Covariate,22,18,0.8423423423423423,critical,0.0006178617477416992,0.08003544950671995,0.3804507085811292
Covariate,22,19,0.8420621931260229,critical,0.000494539737701416,0.08801695841496848,0.4501650639431671
Covariate,23,1,0.8419328419328419,ok,0.00047069787979125977,0.0028586617671396038,0.05909040218171861
Covariate,23,2,0.8484848484848485,ok,0.00037425756454467773,0.003214179952146917,0.054024559554753
Covariate,23,3,0.8411138411138411,ok,0.0003924369812011719,0.003461315538071403,0.051669646431306594
Covariate,23,4,0.8579033579033579,warning,8.815526962280273e-05,0.005148221070673421,0.03253766160566447
Covariate,23,5,0.8546273546273546,warning,0.0002135634422302246,0.002777290956190883,0.04607221651633785
Covariate,23,6,0.8443898443898444,warning,0.00032585859298706055,0.002578575426673076,0.05165162524109266
Covariate,23,7,0.857084357084357,ok,0.00038307905197143555,0.0032665499097845286,0.04054091910973551
Covariate,23,8,0.8452088452088452,ok,0.00031369924545288086,0.0032836478709839805,0.042481109839035046
Covariate,23,9,0.8497133497133497,ok,0.0003523826599121094,0.003021592137980666,0.03449253638005719
Covariate,23,10,0.846027846027846,warning,0.0001289844512939453,0.09948429855490024,0.4352392120793387
Covariate,23,11,0.8390663390663391,warning,0.000443875789642334,0.0913441080128232,0.43115722690803693
Covariate,23,12,0.846027846027846,critical,0.0004832744598388672,0.09022381612490966,0.39902265260749176
Covariate,23,13,0.8382473382473382,critical,0.00025725364685058594,0.0990656401912129,0.4513979835113389
Covariate,23,14,0.8382473382473382,critical,0.000395357608795166,0.0948079552206007,0.4304224436871085
Covariate,23,15,0.821048321048321,critical,0.011389732360839844,0.12741186751158778,0.8518612955813533
Covariate,23,16,0.8247338247338247,critical,0.00831913948059082,0.12116303926379089,0.7806422089416136
Covariate,23,17,0.8296478296478297,critical,0.006911873817443848,0.11678109738823642,0.740234421411981
Covariate,23,18,0.8202293202293203,critical,0.010760962963104248,0.1270723471494427,0.8091026146330292
Covariate,23,19,0.82569558101473,critical,0.01209557056427002,0.12400047691744662,0.8102122056964928
Covariate,24,1,0.8587223587223587,ok,0.000989377498626709,0.004126659883092432,0.07222263366106005
Covariate,24,2,0.8628173628173628,ok,0.0016205310821533203,0.003362456525437447,0.07840832443808701
Covariate,24,3,0.8480753480753481,ok,0.0009707212448120117,0.0031518224772017454,0.059681808592768414
Covariate,24,4,0.852989352989353,ok,0.0002828836441040039,0.0029692414060147896,0.03250379288106864
Covariate,24,5,0.8411138411138411,ok,5.632638931274414e-05,0.003447810144663324,0.04675855784703947
Covariate,24,6,0.8476658476658476,ok,0.0002713799476623535,0.0026121296625337756,0.04967835024364383
Covariate,24,7,0.8480753480753481,ok,0.00024169683456420898,0.0028798231704516954,0.03087682129277144
Covariate,24,8,0.8407043407043407,ok,0.00022751092910766602,0.00308245153910678,0.03296970592417906
Covariate,24,9,0.8554463554463555,ok,0.0005438923835754395,0.002990428498797752,0.04239288834362231
Covariate,24,10,0.8394758394758395,warning,0.0009252429008483887,0.020058861164574,0.1744178115945335
Covariate,24,11,0.8439803439803439,warning,0.0017368197441101074,0.017088083635111734,0.16993360358900958
Covariate,24,12,0.8468468468468469,critical,0.0007187724113464355,0.01652569498316114,0.14698481774020536
Covariate,24,13,0.8386568386568387,critical,0.0005271434783935547,0.01728562557199608,0.15614288301294793
Covariate,24,14,0.8407043407043407,critical,0.0012221932411193848,0.020998241335015475,0.1684072140169869
Covariate,24,15,0.8337428337428338,critical,0.0009788274765014648,0.033730734030669784,0.34902795430796824
Covariate,24,16,0.8325143325143325,critical,0.0012221932411193848,0.0329300493983087,0.3515367035770925
Covariate,24,17,0.8337428337428338,critical,0.0012445449829101562,0.03267607184265512,0.35992337345825637
Covariate,24,18,0.8361998361998362,critical,0.0009045600891113281,0.030960645691555096,0.3252139578646439
Covariate,24,19,0.8428805237315876,critical,0.0010780096054077148,0.029764516872643428,0.33086552807563746
Concept (pooled),0,1,0.8542178542178542,ok,0.00028061866760253906,0.003353786015943474,0.05203429118176988
Concept (pooled),0,2,0.8513513513513513,ok,0.0003293156623840332,0.003622845253423178,0.046084095450658495
Concept (pooled),0,3,0.8484848484848485,warning,0.0006455779075622559,0.003992918740341967,0.04854679154443095
Concept (pooled),0,4,0.8632268632268633,warning,0.00031256675720214844,0.0024977323520898346,0.05308741940551598
Concept (pooled),0,5,0.8513513513513513,warning,0.0003091096878051758,0.003032725120841185,0.03209729385418747
Concept (pooled),0,6,0.8476658476658476,warning,0.00023895502090454102,0.004149340215623427,0.07499299284940175
Concept (pooled),0,7,0.8325143325143325,warning,0.0008966922760009766,0.0030939606206524016,0.055609112766679646
Concept (pooled),0,8,0.8308763308763308,warning,0.00018662214279174805,0.0027373662510678056,0.024644737343176477
Concept (pooled),0,9,0.8104013104013104,warning,0.0008597373962402344,0.0037045117359412382,0.08604365053983669
Concept (pooled),0,10,0.800982800982801,warning,0.000422060489654541,0.002955960121485098,0.04685641152193904
Concept (pooled),0,11,0.7952497952497952,warning,0.0005101561546325684,0.0036247027665111914,0.04705843361405702
Concept (pooled),0,12,0.785012285012285,ok,0.0004673004150390625,0.003307777268771414,0.05129097085933091
Concept (pooled),0,13,0.764946764946765,ok,0.0003229379653930664,0.002809476420568797,0.03173673621708587
Concept (pooled),0,14,0.7694512694512694,ok,0.00020968914031982422,0.0034593357544470686,0.02821156648514561
Concept (pooled),0,15,0.7583947583947583,ok,0.00027817487716674805,0.003472176005665169,0.04070025300515792
Concept (pooled),0,16,0.7583947583947583,warning,0.0008602738380432129,0.0041401922317887835,0.06294708996109227
Concept (pooled),0,17,0.7297297297297297,warning,0.00013339519500732422,0.0035911670514765896,0.035183546576678236
Concept (pooled),0,18,0.7444717444717445,warning,0.0007874965667724609,0.0032884384718913614,0.059770027487226055
Concept (pooled),0,19,0.7438625204582652,warning,0.0013862848281860352,0.0041706968675449384,0.07865215176280879
Concept (pooled),1,1,0.8583128583128583,ok,0.00022846460342407227,0.003176264971505931,0.057170404159941776
Concept (pooled),1,2,0.8505323505323505,ok,0.00024271011352539062,0.0043366320934400335,0.032941697637514714
Concept (pooled),1,3,0.8480753480753481,warning,0.00040715932846069336,0.002922772273731846,0.053312878266288104
Concept (pooled),1,4,0.8546273546273546,warning,0.0002703666687011719,0.0033761521050419217,0.04984218357657191
Concept (pooled),1,5,0.8390663390663391,warning,0.0008816123008728027,0.0028140682023089425,0.07828391143284828
Concept (pooled),1,6,0.8513513513513513,warning,0.0003892183303833008,0.0037234486966954894,0.06366753684895322
Concept (pooled),1,7,0.8386568386568387,warning,0.00038546323776245117,0.004203579862707385,0.053301376984344145
Concept (pooled),1,8,0.8263718263718264,warning,0.001041710376739502,0.003891000371693874,0.08588116008782244
Concept (pooled),1,9,0.8079443079443079,warning,0.00011646747589111328,0.0031556890416819905,0.03242057850729323
Concept (pooled),1,10,0.8136773136773137,warning,0.00036972761154174805,0.003782512099350322,0.04698310217863588
Concept (pooled),1,11,0.7985257985257985,warning,0.00042688846588134766,0.004007363305438442,0.06527623648691958
Concept (pooled),1,12,0.7944307944307945,warning,0.0005207061767578125,0.0035720528199410175,0.05656470671177139
Concept (pooled),1,13,0.7907452907452908,critical,0.0010308027267456055,0.004896080077476594,0.08308689544064338
Concept (pooled),1,14,0.762080262080262,warning,9.59634780883789e-05,0.0031431685271752817,0.03537963427977756
Concept (pooled),1,15,0.7592137592137592,warning,0.0005929470062255859,0.003935207423521929,0.07759392090419423
Concept (pooled),1,16,0.7596232596232596,warning,0.0008277297019958496,0.0034275606088213922,0.07724903430789708
Concept (pooled),1,17,0.737919737919738,critical,0.0005400776863098145,0.003430478047977707,0.06652572431603886
Concept (pooled),1,18,0.7551187551187551,warning,0.00032329559326171875,0.003115642502075993,0.05751775092846045
Concept (pooled),1,19,0.7303600654664485,warning,0.00018936395645141602,0.0033042296024739927,0.044075694368544485
Concept (pooled),2,1,0.8394758394758395,ok,0.0002689361572265625,0.0036309310298190487,0.07846781513743317
Concept (pooled),2,2,0.8452088452088452,ok,0.00031048059463500977,0.0029723278169299944,0.043331324205819456
Concept (pooled),2,3,0.8484848484848485,ok,0.00029647350311279297,0.003272734833702044,0.07177449026487137
Concept (pooled),2,4,0.8468468468468469,ok,0.000706017017364502,0.0024636466171285266,0.06973835773938432
Concept (pooled),2,5,0.8648648648648649,ok,0.0004456043243408203,0.0032088710056674173,0.05802764712751255
Concept (pooled),2,6,0.8325143325143325,ok,0.0004742145538330078,0.0036293382593029807,0.06797820588697386
Concept (pooled),2,7,0.8308763308763308,ok,0.0002881288528442383,0.0036133109613159875,0.042699565879091385
Concept (pooled),2,8,0.8177723177723177,ok,0.00040733814239501953,0.0035393309031613194,0.05632842980923226
Concept (pooled),2,9,0.8091728091728092,warning,0.00017088651657104492,0.004673566270945317,0.058787221143637734
Concept (pooled),2,10,0.7997542997542998,warning,0.0005005598068237305,0.002823781896332955,0.06939851215611123
Concept (pooled),2,11,0.7825552825552825,warning,0.00024300813674926758,0.0038700648216122083,0.04365519020982151
Concept (pooled),2,12,0.7846027846027847,ok,0.0007026791572570801,0.003362001428805615,0.06816736038737645
Concept (pooled),2,13,0.7731367731367731,warning,0.001076817512512207,0.0034441267857306885,0.07369428935302866
Concept (pooled),2,14,0.7657657657657657,warning,0.0006780624389648438,0.0042957536442053725,0.06275150464522758
Concept (pooled),2,15,0.7534807534807535,warning,0.00020813941955566406,0.0030054996847107395,0.04961598269211827
Concept (pooled),2,16,0.7481572481572482,warning,0.0003807544708251953,0.0032544790415802026,0.053939934504156635
Concept (pooled),2,17,0.7387387387387387,warning,0.0001800060272216797,0.00378598830709724,0.046046101246380096
Concept (pooled),2,18,0.733005733005733,warning,0.0001398921012878418,0.0031202223562878852,0.03252814529331788
Concept (pooled),2,19,0.7311783960720131,warning,0.00019401311874389648,0.0033278020488548476,0.07445700537713386
Concept (pooled),3,1,0.8439803439803439,ok,0.00017517805099487305,0.0031597881373777426,0.043083447006029174
Concept (pooled),3,2,0.852989352989353,ok,0.0011145472526550293,0.0028628519874950914,0.05981542288579727
Concept (pooled),3,3,0.8394758394758395,ok,0.00025540590286254883,0.002927925596776124,0.040187255540177345
Concept (pooled),3,4,0.8447993447993448,ok,0.00020253658294677734,0.002893390211664228,0.04399549802742365
Concept (pooled),3,5,0.8493038493038493,warning,0.00025397539138793945,0.003781093180305134,0.03734043492320342
Concept (pooled),3,6,0.8456183456183456,warning,0.000217437744140625,0.002565058786243706,0.03449735477266203
Concept (pooled),3,7,0.8357903357903358,warning,0.0004069805145263672,0.0029335040792015186,0.03857147709222817
Concept (pooled),3,8,0.8296478296478297,warning,0.0003771781921386719,0.0032653766366970262,0.06069404543225863
Concept (pooled),3,9,0.8177723177723177,warning,0.00031495094299316406,0.0033669669008035957,0.036555433978476694
Concept (pooled),3,10,0.8153153153153153,critical,0.00015109777450561523,0.004640918947014379,0.040797089232121525
Concept (pooled),3,11,0.7858312858312858,warning,0.0008821487426757812,0.0027416635643141615,0.08610575694315645
Concept (pooled),3,12,0.780917280917281,warning,0.0001410841941833496,0.0029989897861860217,0.028301664402313312
Concept (pooled),3,13,0.7751842751842751,warning,0.00024199485778808594,0.0038531911943844093,0.02557560250711879
Concept (pooled),3,14,0.7514332514332515,warning,0.0004355907440185547,0.0036719195780578334,0.050337193428756505
Concept (pooled),3,15,0.762080262080262,warning,0.0004935860633850098,0.003140855623451547,0.04937916563229442
Concept (pooled),3,16,0.7563472563472563,warning,0.00022161006927490234,0.00346341802737946,0.029330131673067385
Concept (pooled),3,17,0.721949221949222,warning,0.0006446242332458496,0.0034131594934369083,0.06098124119560871
Concept (pooled),3,18,0.7452907452907452,warning,4.5359134674072266e-05,0.0029176749422700444,0.03045300747980886
Concept (pooled),3,19,0.7201309328968903,warning,0.0005115866661071777,0.0033129777492746904,0.06917233213384431
Concept (pooled),4,1,0.8419328419328419,ok,0.0005003809928894043,0.003726499592076522,0.07244013910337993
Concept (pooled),4,2,0.8390663390663391,ok,0.0001748800277709961,0.003006579384252927,0.03919254438486335
Concept (pooled),4,3,0.8435708435708436,ok,0.00021028518676757812,0.0035596267696119993,0.04587044139956349
Concept (pooled),4,4,0.857084357084357,ok,0.00015693902969360352,0.0024275808951806487,0.03856105421494156
Concept (pooled),4,5,0.8411138411138411,ok,0.00014346837997436523,0.0028579067816462494,0.055509652631930535
Concept (pooled),4,6,0.8394758394758395,ok,0.00024312734603881836,0.0027104404150641234,0.05129503165535707
Concept (pooled),4,7,0.8325143325143325,warning,0.0003078579902648926,0.004535671451628035,0.04894156545785046
Concept (pooled),4,8,0.8333333333333334,warning,0.00045365095138549805,0.004459514498517841,0.06258635892762356
Concept (pooled),4,9,0.7891072891072891,warning,0.00020498037338256836,0.003543789724387461,0.0694650591035121
Concept (pooled),4,10,0.8054873054873055,warning,0.0004685521125793457,0.002677197137933729,0.06324324982178241
Concept (pooled),4,11,0.7825552825552825,ok,9.149312973022461e-05,0.002825956401710776,0.037265726945604816
Concept (pooled),4,12,0.7817362817362817,ok,0.00012677907943725586,0.0031635151304630644,0.05613500879502371
Concept (pooled),4,13,0.776003276003276,ok,0.00023096799850463867,0.0026323100094919087,0.03912423859006381
Concept (pooled),4,14,0.7604422604422605,ok,0.000249326229095459,0.0028349925894682725,0.04794472358245775
Concept (pooled),4,15,0.7457002457002457,ok,0.00024121999740600586,0.003825981839267151,0.05791560809813894
Concept (pooled),4,16,0.7489762489762489,ok,0.00024402141571044922,0.002718082781563356,0.047182458629600944
Concept (pooled),4,17,0.7317772317772318,ok,0.00032639503479003906,0.003244586744011096,0.054990688507825874
Concept (pooled),4,18,0.7211302211302212,warning,0.00019037723541259766,0.004498506612748657,0.04624552453933305
Concept (pooled),4,19,0.7184942716857611,warning,0.0003127455711364746,0.002870984166169186,0.05115331669634218
Concept (pooled),5,1,0.8370188370188371,ok,0.0004277229309082031,0.002618909362268486,0.0493508732393704
Concept (pooled),5,2,0.8423423423423423,ok,0.0002932548522949219,0.003230943832208371,0.039224177758750214
Concept (pooled),5,3,0.8452088452088452,ok,0.00044929981231689453,0.0032553599505868577,0.037872176572000114
Concept (pooled),5,4,0.8558558558558559,ok,0.0003504157066345215,0.0025508180615576867,0.045317304551175816
Concept (pooled),5,5,0.8591318591318591,ok,0.00024008750915527344,0.002736140399710452,0.0317997332427034
Concept (pooled),5,6,0.8296478296478297,ok,0.00046139955520629883,0.003080316686764918,0.04592843869312784
Concept (pooled),5,7,0.8181818181818182,warning,0.0003281235694885254,0.0035797207105920624,0.04305672529254832
Concept (pooled),5,8,0.819000819000819,warning,0.00030237436294555664,0.003023376987343053,0.031285480676404936
Concept (pooled),5,9,0.812039312039312,warning,0.00045365095138549805,0.003502568073350246,0.05466625083487305
Concept (pooled),5,10,0.8132678132678133,warning,0.0002776980400085449,0.003294571926103546,0.0358983898303875
Concept (pooled),5,11,0.7968877968877969,warning,0.0001392364501953125,0.00258708446684025,0.030541989992179705
Concept (pooled),5,12,0.7940212940212941,warning,0.0010669827461242676,0.0036885741221116645,0.08234126689209981
Concept (pooled),5,13,0.7768222768222768,warning,0.0012111067771911621,0.0026779826689915633,0.09010756705087863
Concept (pooled),5,14,0.778050778050778,critical,0.0006965994834899902,0.0032641376541877832,0.049124459139575596
Concept (pooled),5,15,0.7653562653562653,critical,0.0006914138793945312,0.002634323699329227,0.060642679617988034
Concept (pooled),5,16,0.7411957411957412,warning,0.0002638697624206543,0.0030484686476406992,0.03434526131005321
Concept (pooled),5,17,0.7448812448812449,warning,0.0005133152008056641,0.0034223184606758804,0.04079109579069196
Concept (pooled),5,18,0.7416052416052417,warning,0.0005154013633728027,0.0035047004701689883,0.04842227520394442
Concept (pooled),5,19,0.7389525368248773,warning,0.00019884109497070312,0.0029110938527143887,0.041198597886869054
Concept (pooled),6,1,0.8329238329238329,ok,0.0006669759750366211,0.003509384910810167,0.07821970491423706
Concept (pooled),6,2,0.8476658476658476,ok,0.0005274415016174316,0.003281651201173702,0.06593736289503822
Concept (pooled),6,3,0.8574938574938575,ok,0.00013083219528198242,0.002707235924395363,0.04426374227554807
Concept (pooled),6,4,0.8480753480753481,ok,0.0008079409599304199,0.0028197930070261367,0.06856620375531894
Concept (pooled),6,5,0.8468468468468469,ok,0.00014793872833251953,0.0028159669005241718,0.04341545853065231
Concept (pooled),6,6,0.8341523341523341,ok,0.000347137451171875,0.003370242113358787,0.09332760907310583
Concept (pooled),6,7,0.8361998361998362,ok,0.0007906556129455566,0.0032056055719587324,0.0700179929742063
Concept (pooled),6,8,0.8230958230958231,ok,0.0004328489303588867,0.003098182608443472,0.08053201275188933
Concept (pooled),6,9,0.812039312039312,ok,0.00012493133544921875,0.003016232333006371,0.043601042935013545
Concept (pooled),6,10,0.8202293202293203,ok,0.0002510547637939453,0.0034809882365391858,0.04284919071507797
Concept (pooled),6,11,0.8005733005733006,ok,0.0005024075508117676,0.003484609734847641,0.07550168613322386
Concept (pooled),6,12,0.8034398034398035,ok,0.0006369948387145996,0.0032155433616058784,0.06449822575482396
Concept (pooled),6,13,0.7952497952497952,ok,0.00015413761138916016,0.0036165933810922424,0.05870699912752902
Concept (pooled),6,14,0.7796887796887797,ok,0.0002333521842956543,0.0029133155728486085,0.03268730275521805
Concept (pooled),6,15,0.7755937755937756,warning,0.0011895298957824707,0.0028507038523709043,0.0893377195743157
Concept (pooled),6,16,0.7551187551187551,warning,0.0007268786430358887,0.003372834069955121,0.08549386797274326
Concept (pooled),6,17,0.7346437346437347,warning,0.0003834962844848633,0.0033550969161236523,0.0614872972933265
Concept (pooled),6,18,0.7432432432432432,warning,0.0014204978942871094,0.003690125704479145,0.08901693580563828
Concept (pooled),6,19,0.7274959083469722,warning,0.0007973313331604004,0.003455615703098801,0.08099825884058781
Concept (pooled),7,1,0.8341523341523341,ok,0.0010231733322143555,0.0036520500189750954,0.06783010218087296
Concept (pooled),7,2,0.8439803439803439,ok,0.0003249049186706543,0.002958310245108598,0.04223377900339212
Concept (pooled),7,3,0.8427518427518428,ok,0.0005246996879577637,0.0032250356637194477,0.0487710580702762
Concept (pooled),7,4,0.8488943488943489,warning,0.0011409521102905273,0.002923870412983279,0.09239830450558327
Concept (pooled),7,5,0.8542178542178542,warning,0.0005400776863098145,0.002686296783936091,0.0398828715150722
Concept (pooled),7,6,0.8296478296478297,warning,0.0006797909736633301,0.003641838241216942,0.0560784365535224
Concept (pooled),7,7,0.8181818181818182,ok,0.0009295344352722168,0.0033663572018023244,0.06195676342388158
Concept (pooled),7,8,0.8230958230958231,ok,0.00035458803176879883,0.0034806537320835797,0.04870168590078391
Concept (pooled),7,9,0.8173628173628174,ok,0.0005064606666564941,0.0035634812731676338,0.04631359240607578
Concept (pooled),7,10,0.7960687960687961,warning,0.0009420514106750488,0.004567473302500056,0.05781685072378722
Concept (pooled),7,11,0.7891072891072891,warning,0.0010800957679748535,0.0030778086304384736,0.055687476589619395
Concept (pooled),7,12,0.7800982800982801,warning,0.000554502010345459,0.003602917298832227,0.06581270458769965
Concept (pooled),7,13,0.7702702702702703,warning,0.0007745623588562012,0.0037595697944510075,0.062898875276896
Concept (pooled),7,14,0.7555282555282555,warning,0.0020781755447387695,0.0037623052877912297,0.09630254733712865
Concept (pooled),7,15,0.7497952497952498,warning,0.0004437565803527832,0.003256661809823926,0.04752174024828642
Concept (pooled),7,16,0.7497952497952498,warning,0.0012153983116149902,0.0034797348991434333,0.05841016523239876
Concept (pooled),7,17,0.7375102375102375,ok,0.0006312727928161621,0.0032124137624519097,0.06027159108249258
Concept (pooled),7,18,0.7207207207207207,ok,0.00048154592514038086,0.003098042252690529,0.0450284579892915
Concept (pooled),7,19,0.7377250409165302,ok,0.0003567934036254883,0.0034666532007336416,0.04645583548994748
Concept (pooled),8,1,0.8513513513513513,ok,0.0005845427513122559,0.003337223584285012,0.04254801742145011
Concept (pooled),8,2,0.8476658476658476,ok,0.0012240409851074219,0.0027082800984816946,0.07661759497156949
Concept (pooled),8,3,0.8443898443898444,ok,0.0006290078163146973,0.004166438885402333,0.055923289283011726
Concept (pooled),8,4,0.8456183456183456,ok,0.0012997984886169434,0.0030439905394684273,0.0820292470782971
Concept (pooled),8,5,0.8546273546273546,ok,0.0008862614631652832,0.002869223198398525,0.058875963235629485
Concept (pooled),8,6,0.8329238329238329,warning,0.0019500255584716797,0.0036318915047183938,0.11168105172884937
Concept (pooled),8,7,0.8357903357903358,warning,0.0005115866661071777,0.0032652386811875974,0.0625334687888154
Concept (pooled),8,8,0.8230958230958231,warning,0.000979006290435791,0.0035115372644916117,0.055773100978942794
Concept (pooled),8,9,0.8136773136773137,ok,0.0007772445678710938,0.0031443498121666294,0.06956771759338828
Concept (pooled),8,10,0.8091728091728092,warning,0.0019660592079162598,0.002756574795694532,0.09004788827900474
Concept (pooled),8,11,0.7866502866502867,warning,0.0014995932579040527,0.0027538766291514164,0.0825637065577432
Concept (pooled),8,12,0.7911547911547911,warning,0.0006996393203735352,0.003725286656404799,0.06681806203670691
Concept (pooled),8,13,0.7927927927927928,ok,0.0016010403633117676,0.003665458136702734,0.0800618549503187
Concept (pooled),8,14,0.7866502866502867,ok,0.0008121132850646973,0.003448933363950288,0.06356029674312805
Concept (pooled),8,15,0.7661752661752662,ok,0.0003815293312072754,0.0036647260028537243,0.041157116326308966
Concept (pooled),8,16,0.742014742014742,ok,0.0013358592987060547,0.003578152934329509,0.08450396064934713
Concept (pooled),8,17,0.7457002457002457,ok,0.0011706352233886719,0.004171729454161159,0.06189595734628869
Concept (pooled),8,18,0.7436527436527437,ok,0.0012368559837341309,0.003097960377202909,0.060430102468102896
Concept (pooled),8,19,0.7393617021276596,ok,0.0006340146064758301,0.003681019090261653,0.057531326124403634
Concept (pooled),9,1,0.8493038493038493,ok,0.0009541511535644531,0.002901373257999114,0.0874445262417674
Concept (pooled),9,2,0.8472563472563472,ok,7.659196853637695e-05,0.002622690252865242,0.04432380367004647
Concept (pooled),9,3,0.8431613431613432,ok,0.00010091066360473633,0.003195908011691238,0.0474415154003524
Concept (pooled),9,4,0.866912366912367,ok,0.00010347366333007812,0.0029612974272469825,0.0532591690142946
Concept (pooled),9,5,0.8538083538083538,ok,0.00010675191879272461,0.002651321265218641,0.03231019515431311
Concept (pooled),9,6,0.8464373464373465,warning,0.0002142786979675293,0.00370526561394814,0.0456736359980192
Concept (pooled),9,7,0.8308763308763308,warning,6.097555160522461e-05,0.003948605965005044,0.07122603482029034
Concept (pooled),9,8,0.8288288288288288,warning,0.0003382563591003418,0.002993601155856735,0.055590435466672056
Concept (pooled),9,9,0.8124488124488124,warning,0.0005955696105957031,0.0034736014997996155,0.061402795691406255
Concept (pooled),9,10,0.7989352989352989,warning,0.00011616945266723633,0.0032034637301538993,0.0548361842833264
Concept (pooled),9,11,0.7964782964782965,warning,0.00012248754501342773,0.0023572378344498763,0.04697635425994573
Concept (pooled),9,12,0.780917280917281,warning,4.190206527709961e-05,0.003543991056782371,0.0477231904591579
Concept (pooled),9,13,0.7796887796887797,warning,0.0002726316452026367,0.003414941763331081,0.05253381075310629
Concept (pooled),9,14,0.7485667485667485,warning,0.00031501054763793945,0.0027027691223964123,0.05199022920046919
Concept (pooled),9,15,0.7518427518427518,ok,7.259845733642578e-05,0.0026840445770064955,0.04365950358465592
Concept (pooled),9,16,0.7469287469287469,ok,0.00014096498489379883,0.0029794608077093137,0.04425683119024888
Concept (pooled),9,17,0.7325962325962326,warning,0.00027304887771606445,0.0033089259865842196,0.04451498233108366
Concept (pooled),9,18,0.7371007371007371,warning,0.0002561211585998535,0.003002703779717246,0.04753594232279193
Concept (pooled),9,19,0.733633387888707,warning,0.00035256147384643555,0.0031190167469178805,0.06281917595603469
Concept (pooled),10,1,0.8394758394758395,ok,0.00029718875885009766,0.002582086551791098,0.04909597877685721
Concept (pooled),10,2,0.8427518427518428,ok,0.0006884932518005371,0.003212317024865666,0.061418322699844666
Concept (pooled),10,3,0.8394758394758395,ok,0.0005085468292236328,0.003404152433793688,0.06683817540007865
Concept (pooled),10,4,0.85995085995086,ok,0.0005944371223449707,0.0028490817765325993,0.04971946819695313
Concept (pooled),10,5,0.8615888615888616,ok,0.0003796815872192383,0.003336884289586873,0.05096197724006735
Concept (pooled),10,6,0.846027846027846,ok,0.0007094740867614746,0.0033072930621557313,0.057491155785953076
Concept (pooled),10,7,0.8447993447993448,ok,0.00023221969604492188,0.0027858452178166106,0.0332775261540772
Concept (pooled),10,8,0.8218673218673219,ok,0.000370025634765625,0.0031878848655585972,0.05731142364277118
Concept (pooled),10,9,0.8132678132678133,warning,0.000917971134185791,0.0029719352848020424,0.0589531219536156
Concept (pooled),10,10,0.8108108108108109,warning,0.0003885626792907715,0.0033436544565339926,0.0459554948500109
Concept (pooled),10,11,0.8075348075348076,warning,0.00040465593338012695,0.002851326891239044,0.03615635070289246
Concept (pooled),10,12,0.780917280917281,ok,0.00030994415283203125,0.0033642561557796595,0.0556228521803812
Concept (pooled),10,13,0.7932022932022932,ok,0.00018519163131713867,0.0025778644483439956,0.040603913202444955
Concept (pooled),10,14,0.7653562653562653,ok,0.00046449899673461914,0.0031568722203274497,0.04592287286133622
Concept (pooled),10,15,0.7596232596232596,ok,0.00020015239715576172,0.0034376542021898153,0.033186222572088614
Concept (pooled),10,16,0.7510237510237511,warning,0.00029528141021728516,0.0037922949414435766,0.04265514900183257
Concept (pooled),10,17,0.7469287469287469,warning,0.0002632737159729004,0.0029915434972243226,0.03873056779103771
Concept (pooled),10,18,0.7289107289107289,warning,0.00017654895782470703,0.0026874830918265638,0.032056133798266384
Concept (pooled),10,19,0.7397708674304418,ok,0.00041413307189941406,0.003150068466476401,0.04677549755270407
Concept (pooled),11,1,0.8402948402948403,ok,0.0001965165138244629,0.002328459523720347,0.03775543333252436
Concept (pooled),11,2,0.8447993447993448,ok,0.00035840272903442383,0.003009409028604835,0.050434290326370555
Concept (pooled),11,3,0.8513513513513513,ok,9.423494338989258e-05,0.003643372183434253,0.030621228438426795
Concept (pooled),11,4,0.8497133497133497,ok,0.00019061565399169922,0.003413392257002551,0.03801739105575678
Concept (pooled),11,5,0.852989352989353,ok,0.00020945072174072266,0.002902524761651845,0.03923412024735317
Concept (pooled),11,6,0.8480753480753481,warning,0.00030487775802612305,0.0023042984792285342,0.050026862011823124
Concept (pooled),11,7,0.8361998361998362,warning,0.0003624558448791504,0.0033176886630400704,0.04804194720448997
Concept (pooled),11,8,0.8198198198198198,warning,0.00031107664108276367,0.0026615740231895803,0.04002396863860244
Concept (pooled),11,9,0.8251433251433251,warning,0.0007359981536865234,0.0029407070532800382,0.07385376160987243
Concept (pooled),11,10,0.7968877968877969,warning,0.00036644935607910156,0.003124785376172456,0.05272550378387594
Concept (pooled),11,11,0.7911547911547911,warning,5.358457565307617e-05,0.002569152289658008,0.03498997545021568
Concept (pooled),11,12,0.7911547911547911,ok,0.00016736984252929688,0.003323994120530653,0.035174341526663926
Concept (pooled),11,13,0.7674037674037674,warning,0.00032597780227661133,0.00337962596082614,0.054450562546699194
Concept (pooled),11,14,0.7776412776412777,warning,0.0003037452697753906,0.002820722237906893,0.06562300204615172
Concept (pooled),11,15,0.764946764946765,warning,0.00027370452880859375,0.0028648998046924474,0.04849006430282928
Concept (pooled),11,16,0.7514332514332515,warning,0.00016611814498901367,0.0033430283595627264,0.03676679348981163
Concept (pooled),11,17,0.7526617526617526,ok,0.00014495849609375,0.0034247129267122077,0.027999018181655393
Concept (pooled),11,18,0.7424242424242424,ok,9.107589721679688e-05,0.0029776083194419985,0.05651079644094376
Concept (pooled),11,19,0.7295417348608838,ok,7.033348083496094e-05,0.0036038808766770754,0.025047701379710446
Concept (pooled),12,1,0.8513513513513513,ok,0.00016313791275024414,0.0031694243869152482,0.04284354946001849
Concept (pooled),12,2,0.8480753480753481,ok,0.00025516748428344727,0.004400101342464609,0.038753513701376086
Concept (pooled),12,3,0.8435708435708436,ok,0.00010412931442260742,0.0032867792357884184,0.04139595736067903
Concept (pooled),12,4,0.8521703521703522,warning,0.00041478872299194336,0.0037633203093055904,0.0573828236723856
Concept (pooled),12,5,0.8517608517608518,warning,0.00014036893844604492,0.0031272926681374705,0.04521729530643659
Concept (pooled),12,6,0.8247338247338247,warning,0.0004125237464904785,0.003932959382662086,0.04768800491926306
Concept (pooled),12,7,0.8366093366093366,warning,0.0004456639289855957,0.0028508948717392334,0.05907919925136405
Concept (pooled),12,8,0.8243243243243243,warning,0.0002123117446899414,0.0037545366950459446,0.04849431811196708
Concept (pooled),12,9,0.8157248157248157,warning,0.0003313422203063965,0.0027848348731252916,0.05680234172727751
Concept (pooled),12,10,0.7981162981162981,ok,9.900331497192383e-05,0.003348026682102874,0.039048956798272014
Concept (pooled),12,11,0.7866502866502867,ok,0.00010704994201660156,0.0031561205396503133,0.053304320547031714
Concept (pooled),12,12,0.7821457821457821,ok,7.581710815429688e-05,0.0025927922611668755,0.03205161173093558
Concept (pooled),12,13,0.7678132678132679,ok,0.00015413761138916016,0.002433497530839341,0.04173386927854405
Concept (pooled),12,14,0.7686322686322686,ok,0.0002289414405822754,0.004135961796462922,0.047897545296819326
Concept (pooled),12,15,0.7534807534807535,ok,0.00010114908218383789,0.0025757680946379233,0.02346494333556786
Concept (pooled),12,16,0.7256347256347256,ok,0.00021564960479736328,0.0025500250901170814,0.035870780120985116
Concept (pooled),12,17,0.7305487305487306,ok,8.118152618408203e-05,0.00328616659717414,0.03656542069586811
Concept (pooled),12,18,0.7297297297297297,ok,0.00042110681533813477,0.0036056549626582567,0.04696260155184804
Concept (pooled),12,19,0.7242225859247136,ok,0.0001462697982788086,0.003588852748178224,0.03519587056090074
Concept (pooled),13,1,0.8345618345618345,ok,0.00034940242767333984,0.004013505665610784,0.05580153312960475
Concept (pooled),13,2,0.8435708435708436,ok,0.00021219253540039062,0.0028126836282730133,0.04392467194430747
Concept (pooled),13,3,0.8472563472563472,ok,0.00026667118072509766,0.0031388893257437043,0.052114836283636036
Concept (pooled),13,4,0.8497133497133497,warning,0.0008828639984130859,0.0028559842573268102,0.0821869185752708
Concept (pooled),13,5,0.855036855036855,warning,0.0004717111587524414,0.003599420066471437,0.049978850007155025
Concept (pooled),13,6,0.834971334971335,warning,0.00033408403396606445,0.0037415956556617978,0.04510450488017233
Concept (pooled),13,7,0.8345618345618345,ok,0.0001932382583618164,0.0024230385955365348,0.0407563260457815
Concept (pooled),13,8,0.8284193284193284,ok,0.00036156177520751953,0.003662167258947117,0.05628416839419552
Concept (pooled),13,9,0.8108108108108109,ok,0.0004004240036010742,0.0032076094559504043,0.05280457043352505
Concept (pooled),13,10,0.8054873054873055,warning,0.0010759830474853516,0.003319440660913988,0.09429993437882282
Concept (pooled),13,11,0.782964782964783,warning,0.0012322068214416504,0.0035832289659626752,0.08105624929401502
Concept (pooled),13,12,0.7919737919737919,warning,0.0001131892204284668,0.002753882942747467,0.050250390385785576
Concept (pooled),13,13,0.7833742833742834,warning,0.0004937052726745605,0.002720794896289183,0.04731871291211696
Concept (pooled),13,14,0.7608517608517609,ok,0.0002614259719848633,0.0029791337281836333,0.06403738923998586
Concept (pooled),13,15,0.7702702702702703,ok,0.00028145313262939453,0.003013741294394268,0.05974412674120919
Concept (pooled),13,16,0.7510237510237511,ok,0.00010776519775390625,0.002731585515035856,0.03902196886805845
Concept (pooled),13,17,0.7280917280917281,ok,0.00021266937255859375,0.003587733979955577,0.05460910608007647
Concept (pooled),13,18,0.7403767403767404,warning,0.0004360675811767578,0.0028757829184594503,0.0830660649050137
Concept (pooled),13,19,0.7377250409165302,warning,0.00028824806213378906,0.0034618562699268414,0.05206253353091111
Concept (pooled),14,1,0.8505323505323505,ok,0.00047266483306884766,0.003551777984964228,0.044629114189815515
Concept (pooled),14,2,0.8501228501228502,ok,0.0002849698066711426,0.0029181295035346647,0.03961583617579103
Concept (pooled),14,3,0.8366093366093366,ok,0.0003339052200317383,0.0025479040639177124,0.054936414899177305
Concept (pooled),14,4,0.8546273546273546,ok,0.00017511844635009766,0.002775693282781191,0.039016420827884105
Concept (pooled),14,5,0.8402948402948403,ok,0.00010788440704345703,0.002936139363235284,0.028222360186563954
Concept (pooled),14,6,0.8366093366093366,ok,7.456541061401367e-05,0.0028480378192668404,0.042504282390590474
Concept (pooled),14,7,0.8505323505323505,ok,0.00020635128021240234,0.002554373141805391,0.04680354986487591
Concept (pooled),14,8,0.8198198198198198,ok,0.0003083944320678711,0.002272519170684442,0.04786043467422644
Concept (pooled),14,9,0.8022113022113022,ok,0.00020927190780639648,0.003192319361755646,0.0429996826394712
Concept (pooled),14,10,0.8095823095823096,ok,0.00044232606887817383,0.002916266690082621,0.05864882998931318
Concept (pooled),14,11,0.7960687960687961,ok,0.00037157535552978516,0.0031226908652447188,0.03849593363751161
Concept (pooled),14,12,0.7710892710892711,ok,0.000453948974609375,0.003096318143764172,0.04609341401931753
Concept (pooled),14,13,0.7731367731367731,warning,0.0006123781204223633,0.003354317008357587,0.05202114150076089
Concept (pooled),14,14,0.762080262080262,warning,0.000310361385345459,0.002931296250285583,0.04300612318503995
Concept (pooled),14,15,0.7542997542997543,warning,0.0003552436828613281,0.002457049661462962,0.044502027793444435
Concept (pooled),14,16,0.7518427518427518,ok,0.0002701282501220703,0.002762354566610407,0.04105777824034396
Concept (pooled),14,17,0.7510237510237511,ok,0.00016933679580688477,0.002626457018478773,0.03265320347205574
Concept (pooled),14,18,0.7403767403767404,ok,0.00037491321563720703,0.002501576305059926,0.05891887267928656
Concept (pooled),14,19,0.7258592471358429,ok,0.00011110305786132812,0.002356259269978869,0.028200015781545882
Concept (pooled),15,1,0.8603603603603603,ok,0.00016230344772338867,0.003299332428808946,0.053372881955685125
Concept (pooled),15,2,0.8427518427518428,ok,0.00017827749252319336,0.0023486188618125348,0.03506492522227089
Concept (pooled),15,3,0.8345618345618345,ok,0.00018042325973510742,0.003409307195632796,0.034993747680964485
Concept (pooled),15,4,0.8558558558558559,warning,0.0005410313606262207,0.0023740936485943664,0.06065317183232622
Concept (pooled),15,5,0.8546273546273546,warning,0.0002486705780029297,0.002666642895900801,0.03500613132697635
Concept (pooled),15,6,0.8370188370188371,warning,0.00010603666305541992,0.0032559355363630657,0.02956677724718698
Concept (pooled),15,7,0.8235053235053235,ok,0.0003342628479003906,0.0023705238450305657,0.03766901867056493
Concept (pooled),15,8,0.8194103194103194,warning,0.0005481839179992676,0.0029508116296982296,0.05195820329437758
Concept (pooled),15,9,0.8018018018018018,warning,0.0002390742301940918,0.004284946840554441,0.04315686190461193
Concept (pooled),15,10,0.8038493038493039,warning,0.0004519224166870117,0.0032140993763287396,0.05682435253426049
Concept (pooled),15,11,0.7858312858312858,warning,0.00026232004165649414,0.002805260960522263,0.04498745261970488
Concept (pooled),15,12,0.7612612612612613,ok,0.0002563595771789551,0.003574205065639582,0.03200741472563135
Concept (pooled),15,13,0.7674037674037674,ok,0.00015026330947875977,0.002571830623975372,0.033936017366367116
Concept (pooled),15,14,0.7555282555282555,ok,0.0004451274871826172,0.002581872500324895,0.03697005892134317
Concept (pooled),15,15,0.7493857493857494,ok,0.00020360946655273438,0.0024063870047603114,0.041696580094845975
Concept (pooled),15,16,0.7235872235872236,ok,0.0003648996353149414,0.0028945009182743692,0.049523493987982926
Concept (pooled),15,17,0.7280917280917281,ok,0.00033402442932128906,0.0028154294879273907,0.04576330447995116
Concept (pooled),15,18,0.7072072072072072,warning,0.0001919865608215332,0.004109408955938814,0.0277948808962808
Concept (pooled),15,19,0.7107201309328969,warning,0.000186920166015625,0.002758903689017979,0.06011372847133896
Concept (pooled),16,1,0.855036855036855,ok,0.0003935694694519043,0.002865800357903801,0.04214254824140409
Concept (pooled),16,2,0.8439803439803439,ok,0.00012040138244628906,0.002330690322193256,0.03307407376158869
Concept (pooled),16,3,0.8447993447993448,ok,0.00020831823348999023,0.002900719604980238,0.06479336607367575
Concept (pooled),16,4,0.8542178542178542,warning,0.00010883808135986328,0.004009373901849746,0.04431174972002015
Concept (pooled),16,5,0.8439803439803439,warning,0.0009669065475463867,0.0029181329320165923,0.057219195701269605
Concept (pooled),16,6,0.8452088452088452,warning,0.00024259090423583984,0.002818455184633137,0.0500238175776308
Concept (pooled),16,7,0.8370188370188371,warning,0.00010836124420166016,0.0027427441141275274,0.047947573523831555
Concept (pooled),16,8,0.8296478296478297,warning,0.0008133053779602051,0.0023547470944324887,0.07079071696789711
Concept (pooled),16,9,0.8063063063063063,warning,0.00010538101196289062,0.0022603642308843498,0.0402797991492013
Concept (pooled),16,10,0.7981162981162981,warning,0.00019294023513793945,0.004013647156733265,0.0487093514088902
Concept (pooled),16,11,0.7989352989352989,ok,9.816884994506836e-05,0.002732689480956847,0.035579098295067633
Concept (pooled),16,12,0.7817362817362817,ok,0.0002467632293701172,0.0025546794049193756,0.03214929374522182
Concept (pooled),16,13,0.7714987714987716,ok,3.808736801147461e-05,0.0027102678406362313,0.04269481910736645
Concept (pooled),16,14,0.7588042588042588,ok,0.00010067224502563477,0.003304017098697108,0.03988176938149691
Concept (pooled),16,15,0.7522522522522522,ok,0.00022286176681518555,0.0030794807332125587,0.045823625884995944
Concept (pooled),16,16,0.7497952497952498,ok,0.00026297569274902344,0.002622563236711291,0.037993904694390054
Concept (pooled),16,17,0.7371007371007371,ok,0.00014358758926391602,0.003658079913592022,0.05212125256520305
Concept (pooled),16,18,0.7448812448812449,ok,0.0003291964530944824,0.0027144403461317776,0.04411204680300597
Concept (pooled),16,19,0.7291325695581015,warning,0.00041991472244262695,0.00292298769945264,0.05068492762088861
Concept (pooled),17,1,0.8456183456183456,ok,0.00022369623184204102,0.003588871351351083,0.034595651393809664
Concept (pooled),17,2,0.8595413595413596,ok,0.00046813488006591797,0.0027653459258454322,0.06018309445897646
Concept (pooled),17,3,0.834971334971335,ok,0.0005048513412475586,0.0030444069184692186,0.055676775600800844
Concept (pooled),17,4,0.8501228501228502,ok,0.000431060791015625,0.0032155285653008934,0.04712510283465847
Concept (pooled),17,5,0.8402948402948403,ok,0.00016075372695922852,0.0032225788014259744,0.049761130658045466
Concept (pooled),17,6,0.8329238329238329,ok,0.00012606382369995117,0.0028166998658821943,0.037055368691585176
Concept (pooled),17,7,0.825962325962326,warning,0.00018602609634399414,0.0042107655881239645,0.04040242465679042
Concept (pooled),17,8,0.8128583128583129,warning,0.00030225515365600586,0.003108632816006327,0.044917728608500136
Concept (pooled),17,9,0.8091728091728092,warning,0.0003527998924255371,0.003356516474691631,0.046869719490816204
Concept (pooled),17,10,0.80999180999181,ok,0.00020164251327514648,0.003090229517517017,0.03615071730415696
Concept (pooled),17,11,0.7821457821457821,ok,0.0006123185157775879,0.0029158414890292205,0.0658731500349861
Concept (pooled),17,12,0.7895167895167895,ok,0.00011849403381347656,0.0029275912905461724,0.032048168768398826
Concept (pooled),17,13,0.776003276003276,warning,0.0006969571113586426,0.0027896838750581052,0.06681298108178017
Concept (pooled),17,14,0.7592137592137592,warning,0.0003809928894042969,0.003297176335833936,0.04602059768779798
Concept (pooled),17,15,0.7641277641277642,warning,0.00029277801513671875,0.003221181282528997,0.04714166150433312
Concept (pooled),17,16,0.7526617526617526,ok,0.00043761730194091797,0.0032934986351845375,0.044154366542824314
Concept (pooled),17,17,0.7457002457002457,ok,0.00022137165069580078,0.0034962175278145675,0.040144800621158966
Concept (pooled),17,18,0.7489762489762489,ok,8.845329284667969e-05,0.0034744032278394878,0.03328685022823443
Concept (pooled),17,19,0.7160392798690671,ok,0.00026482343673706055,0.0028925931943177526,0.031484794498947116
Concept (pooled),18,1,0.8648648648648649,ok,0.00018709897994995117,0.002538175527384049,0.042472600787961945
Concept (pooled),18,2,0.8488943488943489,ok,0.0003370046615600586,0.0033519280694512877,0.06654107345483226
Concept (pooled),18,3,0.8480753480753481,ok,0.00013059377670288086,0.0032817179642589183,0.05821604677027873
Concept (pooled),18,4,0.8538083538083538,ok,0.0005442500114440918,0.003153217471674282,0.05796326977628136
Concept (pooled),18,5,0.855036855036855,ok,0.00015407800674438477,0.0032320539403286495,0.0491922204111225
Concept (pooled),18,6,0.8443898443898444,ok,0.0003668069839477539,0.003473626800188462,0.050400136459915715
Concept (pooled),18,7,0.8308763308763308,ok,0.0004132986068725586,0.0033583736063399153,0.05228371237977472
Concept (pooled),18,8,0.823914823914824,ok,0.00010448694229125977,0.003626962650260957,0.056427259341490225
Concept (pooled),18,9,0.8235053235053235,ok,0.0001360774040222168,0.002902633503204315,0.03768207656370621
Concept (pooled),18,10,0.8038493038493039,ok,0.0005179643630981445,0.003461052003647541,0.047228790838618424
Concept (pooled),18,11,0.8042588042588042,ok,0.0004456043243408203,0.0032965178307278803,0.06194791701957167
Concept (pooled),18,12,0.7911547911547911,ok,0.0002707839012145996,0.0035185717999212827,0.05577647304618279
Concept (pooled),18,13,0.7944307944307945,ok,0.0002434849739074707,0.002889601492930961,0.04708194163880395
Concept (pooled),18,14,0.7674037674037674,ok,0.00040668249130249023,0.002811010698382718,0.06114984343247338
Concept (pooled),18,15,0.764946764946765,ok,7.593631744384766e-05,0.003201321020961953,0.0362647803775649
Concept (pooled),18,16,0.7567567567567568,ok,0.00012433528900146484,0.002801536246755872,0.04150901830859672
Concept (pooled),18,17,0.7551187551187551,ok,0.0002231001853942871,0.0034335822274089243,0.03858166946817869
Concept (pooled),18,18,0.7371007371007371,ok,0.00025337934494018555,0.0026909718702913038,0.044401799924669735
Concept (pooled),18,19,0.723404255319149,ok,0.00031250715255737305,0.003730433637088432,0.05252906019424274
Concept (pooled),19,1,0.8480753480753481,ok,0.00023740530014038086,0.0028743472860043124,0.033300749534495244
Concept (pooled),19,2,0.8587223587223587,ok,0.0005998015403747559,0.0032912829934254985,0.07368497290950952
Concept (pooled),19,3,0.8415233415233415,ok,0.00011175870895385742,0.002744593932529887,0.029643640336222073
Concept (pooled),19,4,0.8456183456183456,ok,0.0002543330192565918,0.0033833425401612535,0.03693837877118876
Concept (pooled),19,5,0.8443898443898444,ok,0.00033205747604370117,0.003165605290642329,0.03443677418496856
Concept (pooled),19,6,0.8374283374283374,ok,8.058547973632812e-05,0.0029235082500951868,0.03990496743232213
Concept (pooled),19,7,0.8214578214578214,ok,0.00024086236953735352,0.003281149484272599,0.047739066568471766
Concept (pooled),19,8,0.819000819000819,ok,0.00015527009963989258,0.002853401899295427,0.027564919548882218
Concept (pooled),19,9,0.812039312039312,ok,0.00012087821960449219,0.002865663560677711,0.03580855406186687
Concept (pooled),19,10,0.8018018018018018,warning,0.00023543834686279297,0.0035310154809174363,0.03795760496516452
Concept (pooled),19,11,0.7944307944307945,warning,0.00010150671005249023,0.0033863319635548707,0.03014838592401781
Concept (pooled),19,12,0.7854217854217854,warning,0.00017195940017700195,0.003665137517121851,0.03507303235703721
Concept (pooled),19,13,0.7825552825552825,warning,0.0007461905479431152,0.0031690099092362934,0.0702088367881536
Concept (pooled),19,14,0.7674037674037674,warning,0.0001646876335144043,0.002994138941830404,0.03673039244969934
Concept (pooled),19,15,0.7653562653562653,warning,0.0006375312805175781,0.00288128595987867,0.06968882142893747
Concept (pooled),19,16,0.7559377559377559,warning,0.000888824462890625,0.002604302159887147,0.0938907325108853
Concept (pooled),19,17,0.7387387387387387,warning,0.0002028346061706543,0.002382488478940849,0.03561913002053365
Concept (pooled),19,18,0.73996723996724,warning,0.0006680488586425781,0.0037562342542585263,0.05468099496276243
Concept (pooled),19,19,0.7205400981996727,warning,0.00022929906845092773,0.002644054206879515,0.048119243742686356
Concept (pooled),20,1,0.8427518427518428,ok,0.00025719404220581055,0.002489743807402569,0.060060336450564904
Concept (pooled),20,2,0.8505323505323505,ok,0.0002276897430419922,0.0033389741290565677,0.03183310331323282
Concept (pooled),20,3,0.8292383292383292,ok,0.00023406744003295898,0.003871715172186901,0.052606933181007065
Concept (pooled),20,4,0.8587223587223587,ok,9.107589721679688e-05,0.0030762320170999043,0.03957069649633376
Concept (pooled),20,5,0.8456183456183456,ok,0.00011527538299560547,0.003451469409344435,0.043298576622103055
Concept (pooled),20,6,0.8517608517608518,ok,0.00016391277313232422,0.0031749416818368627,0.02942376567339139
Concept (pooled),20,7,0.8181818181818182,ok,9.47713851928711e-05,0.0032411956845460393,0.031875913592464375
Concept (pooled),20,8,0.8153153153153153,ok,0.00012665987014770508,0.0020252489085261,0.04016792444080521
Concept (pooled),20,9,0.8022113022113022,warning,0.0009581446647644043,0.003269280148706608,0.09352282932627697
Concept (pooled),20,10,0.7968877968877969,warning,0.0003018975257873535,0.003327200325653326,0.04123441632120074
Concept (pooled),20,11,0.7776412776412777,warning,0.00031679868698120117,0.004625511311559584,0.04687873264934857
Concept (pooled),20,12,0.7678132678132679,warning,0.00012701749801635742,0.0035596508736510856,0.038019040158593614
Concept (pooled),20,13,0.7604422604422605,warning,8.207559585571289e-05,0.0032910234910236676,0.03304129420916179
Concept (pooled),20,14,0.7596232596232596,ok,0.0001061558723449707,0.0026764169113216315,0.0441010889065597
Concept (pooled),20,15,0.7485667485667485,ok,0.00023752450942993164,0.0033321027366004802,0.03275105702082675
Concept (pooled),20,16,0.7276822276822277,ok,0.00026929378509521484,0.0031697502973331163,0.04028533503688173
Concept (pooled),20,17,0.7383292383292384,warning,0.0004181861877441406,0.003103615476481443,0.038077111324425254
Concept (pooled),20,18,0.7080262080262081,warning,0.0004933476448059082,0.00319026302309931,0.06341040795585054
Concept (pooled),20,19,0.7013093289689034,warning,0.0001685023307800293,0.0029899507942145916,0.033552049260750755
Concept (pooled),21,1,0.8497133497133497,ok,0.0002467632293701172,0.0031467624736273942,0.029031083938141005
Concept (pooled),21,2,0.8505323505323505,ok,0.00021839141845703125,0.002859274442745135,0.0434030766151084
Concept (pooled),21,3,0.8431613431613432,ok,0.00027489662170410156,0.002960504932493944,0.03784698522916907
Concept (pooled),21,4,0.8505323505323505,warning,0.00042045116424560547,0.003889153976273983,0.04310499859690043
Concept (pooled),21,5,0.8562653562653563,warning,0.0003859400749206543,0.0028614604856047905,0.0457091270387249
Concept (pooled),21,6,0.8382473382473382,warning,0.0005384683609008789,0.0028090793994518725,0.04890157900202212
Concept (pooled),21,7,0.8296478296478297,warning,0.00017714500427246094,0.004354350143335405,0.027225133417631678
Concept (pooled),21,8,0.828009828009828,warning,0.0003770589828491211,0.002667324270379308,0.053928127949107764
Concept (pooled),21,9,0.8128583128583129,warning,0.0012400150299072266,0.00315971252905772,0.06975431720012587
Concept (pooled),21,10,0.7895167895167895,warning,0.0001609325408935547,0.0038020134113446007,0.0358633294219349
Concept (pooled),21,11,0.7911547911547911,warning,0.00022780895233154297,0.003735471582037712,0.033399941335765175
Concept (pooled),21,12,0.776003276003276,ok,0.0002555251121520996,0.0034411368047133177,0.03853158751196759
Concept (pooled),21,13,0.7698607698607699,warning,0.0005519986152648926,0.003201313539034409,0.05407677098851663
Concept (pooled),21,14,0.7637182637182637,warning,0.00013333559036254883,0.0027031667840480287,0.036693702981414764
Concept (pooled),21,15,0.7493857493857494,warning,0.0002110600471496582,0.003845281159794365,0.047442902114119716
Concept (pooled),21,16,0.7469287469287469,ok,0.0003587007522583008,0.0024706648752969435,0.04253853188169663
Concept (pooled),21,17,0.7178542178542179,ok,8.207559585571289e-05,0.002640424993680634,0.03350461917089083
Concept (pooled),21,18,0.7137592137592138,ok,0.0001894235610961914,0.0026678258982205786,0.032529954742635966
Concept (pooled),21,19,0.7148117839607201,ok,0.00017386674880981445,0.003044340265300047,0.04028161773704669
Concept (pooled),22,1,0.8579033579033579,ok,0.0002250075340270996,0.0030709084832811536,0.05130767855235665
Concept (pooled),22,2,0.8751023751023751,ok,0.00027179718017578125,0.0030963637552410407,0.04204723390985706
Concept (pooled),22,3,0.8542178542178542,ok,4.5359134674072266e-05,0.0030137897560454123,0.04111484092016961
Concept (pooled),22,4,0.8685503685503686,ok,0.00041419267654418945,0.0028170771944966916,0.03695111353663318
Concept (pooled),22,5,0.8538083538083538,ok,5.537271499633789e-05,0.0032691699468947273,0.049367020001626745
Concept (pooled),22,6,0.8427518427518428,warning,0.00011420249938964844,0.0036812461297653903,0.04193055088708846
Concept (pooled),22,7,0.8177723177723177,warning,0.0005752444267272949,0.004071263054334968,0.06962566116914749
Concept (pooled),22,8,0.8214578214578214,critical,0.0003472566604614258,0.0034964254923960346,0.05835361790372881
Concept (pooled),22,9,0.8087633087633087,warning,0.00010848045349121094,0.0031778517732082012,0.03501643324621709
Concept (pooled),22,10,0.8128583128583129,warning,0.00017631053924560547,0.004177691832481907,0.04527517742256922
Concept (pooled),22,11,0.7964782964782965,warning,0.00011968612670898438,0.003085068377113101,0.044344849915973636
Concept (pooled),22,12,0.7919737919737919,warning,0.0001538395881652832,0.002858818292393298,0.039742421751403696
Concept (pooled),22,13,0.7813267813267813,ok,0.00011867284774780273,0.0028055001363122478,0.04713125077142425
Concept (pooled),22,14,0.7706797706797707,warning,0.00011432170867919922,0.0034677588390060196,0.054287090734140085
Concept (pooled),22,15,0.7665847665847666,warning,0.0003699660301208496,0.0037869417210611685,0.04986810541753842
Concept (pooled),22,16,0.7522522522522522,warning,8.702278137207031e-05,0.002664082865304704,0.05057542016928029
Concept (pooled),22,17,0.7461097461097461,warning,0.0005267858505249023,0.004056197696347125,0.07524505286896258
Concept (pooled),22,18,0.7354627354627354,warning,7.075071334838867e-05,0.0034129936926592256,0.03507419908347743
Concept (pooled),22,19,0.7099018003273322,warning,0.00023168325424194336,0.003314513354870831,0.03842474255277524
Concept (pooled),23,1,0.8419328419328419,ok,0.00047069787979125977,0.0028586617671396038,0.05909040218171861
Concept (pooled),23,2,0.8484848484848485,ok,0.00037425756454467773,0.003214179952146917,0.054024559554753
Concept (pooled),23,3,0.8411138411138411,ok,0.0003924369812011719,0.003461315538071403,0.051669646431306594
Concept (pooled),23,4,0.8579033579033579,warning,8.815526962280273e-05,0.005148221070673421,0.03253766160566447
Concept (pooled),23,5,0.8546273546273546,warning,0.0002135634422302246,0.002777290956190883,0.04607221651633785
Concept (pooled),23,6,0.8337428337428338,warning,0.00032585859298706055,0.002578575426673076,0.05165162524109266
Concept (pooled),23,7,0.8419328419328419,ok,0.00038307905197143555,0.0032665499097845286,0.04054091910973551
Concept (pooled),23,8,0.8128583128583129,ok,0.00031369924545288086,0.0032836478709839805,0.042481109839035046
Concept (pooled),23,9,0.819000819000819,ok,0.0003523826599121094,0.003021592137980666,0.03449253638005719
Concept (pooled),23,10,0.8104013104013104,ok,7.396936416625977e-05,0.0032680531037278513,0.026164261933370736
Concept (pooled),23,11,0.7964782964782965,ok,0.00027495622634887695,0.0031635319376891024,0.03942234286265013
Concept (pooled),23,12,0.7796887796887797,ok,0.0001494884490966797,0.003381198933468903,0.03997089472701774
Concept (pooled),23,13,0.7628992628992629,ok,0.00027436017990112305,0.0038800965927955453,0.027319392484855307
Concept (pooled),23,14,0.7567567567567568,ok,0.00013786554336547852,0.0032892772794011317,0.032305297148024936
Concept (pooled),23,15,0.7510237510237511,ok,8.463859558105469e-05,0.003100063773443717,0.03936208060097456
Concept (pooled),23,16,0.7489762489762489,ok,0.00020778179168701172,0.00315890700878262,0.02879755400938741
Concept (pooled),23,17,0.7428337428337428,ok,5.841255187988281e-05,0.0033282675990494327,0.027341838173786964
Concept (pooled),23,18,0.7174447174447175,ok,0.00019317865371704102,0.002454817605256271,0.040899360064327206
Concept (pooled),23,19,0.7180851063829787,ok,0.00022989511489868164,0.0026561138786479273,0.036617803292613826
Concept (pooled),24,1,0.8587223587223587,ok,0.000989377498626709,0.004126659883092432,0.07222263366106005
Concept (pooled),24,2,0.8628173628173628,ok,0.0016205310821533203,0.003362456525437447,0.07840832443808701
Concept (pooled),24,3,0.8480753480753481,ok,0.0009707212448120117,0.0031518224772017454,0.059681808592768414
Concept (pooled),24,4,0.852989352989353,ok,0.0002828836441040039,0.0029692414060147896,0.03250379288106864
Concept (pooled),24,5,0.8411138411138411,ok,5.632638931274414e-05,0.003447810144663324,0.04675855784703947
Concept (pooled),24,6,0.8353808353808354,ok,0.0002713799476623535,0.0026121296625337756,0.04967835024364383
Concept (pooled),24,7,0.8308763308763308,ok,0.00024169683456420898,0.0028798231704516954,0.03087682129277144
Concept (pooled),24,8,0.8153153153153153,ok,0.00022751092910766602,0.00308245153910678,0.03296970592417906
Concept (pooled),24,9,0.8165438165438166,ok,0.0005438923835754395,0.002990428498797752,0.04239288834362231
Concept (pooled),24,10,0.8112203112203112,ok,0.0006027817726135254,0.003609211755155899,0.06220331620867383
Concept (pooled),24,11,0.8079443079443079,warning,0.0019753575325012207,0.002872132696810059,0.10445932163128487
Concept (pooled),24,12,0.785012285012285,warning,0.00024700164794921875,0.003037330804933243,0.03201150720257138
Concept (pooled),24,13,0.7747747747747747,warning,0.00012409687042236328,0.0037984622118932103,0.02951361191129393
Concept (pooled),24,14,0.7698607698607699,ok,0.00046455860137939453,0.002861585975327015,0.03524474565467563
Concept (pooled),24,15,0.76003276003276,ok,0.0002455711364746094,0.003318368666252153,0.03291524589506232
Concept (pooled),24,16,0.7567567567567568,ok,0.00037223100662231445,0.002602540632531525,0.04328871335312548
Concept (pooled),24,17,0.735053235053235,ok,0.0006090998649597168,0.002936832715064828,0.05101150680977139
Concept (pooled),24,18,0.7473382473382474,ok,0.0006361603736877441,0.0037972370715644074,0.04616396776861977
Concept (pooled),24,19,0.7381342062193126,warning,0.0007213354110717773,0.004089825600229689,0.04334195646050015
Concept (class-cond),0,1,0.8542178542178542,ok,0.00028061866760253906,0.003353786015943474,0.05203429118176988
Concept (class-cond),0,2,0.8513513513513513,ok,0.0003293156623840332,0.003622845253423178,0.046084095450658495
Concept (class-cond),0,3,0.8484848484848485,warning,0.0006455779075622559,0.003992918740341967,0.04854679154443095
Concept (class-cond),0,4,0.8632268632268633,warning,0.00031256675720214844,0.0024977323520898346,0.05308741940551598
Concept (class-cond),0,5,0.8513513513513513,warning,0.0003091096878051758,0.003032725120841185,0.03209729385418747
Concept (class-cond),0,6,0.8476658476658476,warning,0.00023895502090454102,0.004149340215623427,0.07499299284940175
Concept (class-cond),0,7,0.8325143325143325,warning,0.0008966922760009766,0.0030939606206524016,0.055609112766679646
Concept (class-cond),0,8,0.8308763308763308,warning,0.00018662214279174805,0.0027373662510678056,0.024644737343176477
Concept (class-cond),0,9,0.8104013104013104,warning,0.0008597373962402344,0.0037045117359412382,0.08604365053983669
Concept (class-cond),0,10,0.800982800982801,warning,0.000422060489654541,0.002955960121485098,0.04685641152193904
Concept (class-cond),0,11,0.7952497952497952,warning,0.0005101561546325684,0.0036247027665111914,0.04705843361405702
Concept (class-cond),0,12,0.785012285012285,warning,0.0004673004150390625,0.003307777268771414,0.05129097085933091
Concept (class-cond),0,13,0.764946764946765,warning,0.0003229379653930664,0.002809476420568797,0.03173673621708587
Concept (class-cond),0,14,0.7694512694512694,warning,0.00020968914031982422,0.0034593357544470686,0.02821156648514561
Concept (class-cond),0,15,0.7583947583947583,warning,0.00027817487716674805,0.003472176005665169,0.04070025300515792
Concept (class-cond),0,16,0.7583947583947583,warning,0.0008602738380432129,0.0041401922317887835,0.06294708996109227
Concept (class-cond),0,17,0.7297297297297297,warning,0.00013339519500732422,0.0035911670514765896,0.035183546576678236
Concept (class-cond),0,18,0.7444717444717445,warning,0.0007874965667724609,0.0032884384718913614,0.059770027487226055
Concept (class-cond),0,19,0.7438625204582652,warning,0.0013862848281860352,0.0041706968675449384,0.07865215176280879
Concept (class-cond),1,1,0.8583128583128583,ok,0.00022846460342407227,0.003176264971505931,0.057170404159941776
Concept (class-cond),1,2,0.8505323505323505,ok,0.00024271011352539062,0.0043366320934400335,0.032941697637514714
Concept (class-cond),1,3,0.8480753480753481,warning,0.00040715932846069336,0.002922772273731846,0.053312878266288104
Concept (class-cond),1,4,0.8546273546273546,warning,0.0002703666687011719,0.0033761521050419217,0.04984218357657191
Concept (class-cond),1,5,0.8390663390663391,warning,0.0008816123008728027,0.0028140682023089425,0.07828391143284828
Concept (class-cond),1,6,0.8513513513513513,warning,0.0003892183303833008,0.0037234486966954894,0.06366753684895322
Concept (class-cond),1,7,0.8386568386568387,warning,0.00038546323776245117,0.004203579862707385,0.053301376984344145
Concept (class-cond),1,8,0.8263718263718264,warning,0.001041710376739502,0.003891000371693874,0.08588116008782244
Concept (class-cond),1,9,0.8079443079443079,warning,0.00011646747589111328,0.0031556890416819905,0.03242057850729323
Concept (class-cond),1,10,0.8136773136773137,warning,0.00036972761154174805,0.003782512099350322,0.04698310217863588
Concept (class-cond),1,11,0.7985257985257985,warning,0.00042688846588134766,0.004007363305438442,0.06527623648691958
Concept (class-cond),1,12,0.7944307944307945,warning,0.0005207061767578125,0.0035720528199410175,0.05656470671177139
Concept (class-cond),1,13,0.7907452907452908,critical,0.0010308027267456055,0.004896080077476594,0.08308689544064338
Concept (class-cond),1,14,0.762080262080262,warning,9.59634780883789e-05,0.0031431685271752817,0.03537963427977756
Concept (class-cond),1,15,0.7592137592137592,warning,0.0005929470062255859,0.003935207423521929,0.07759392090419423
Concept (class-cond),1,16,0.7596232596232596,warning,0.0008277297019958496,0.0034275606088213922,0.07724903430789708
Concept (class-cond),1,17,0.737919737919738,critical,0.0005400776863098145,0.003430478047977707,0.06652572431603886
Concept (class-cond),1,18,0.7551187551187551,warning,0.00032329559326171875,0.003115642502075993,0.05751775092846045
Concept (class-cond),1,19,0.7303600654664485,warning,0.00018936395645141602,0.0033042296024739927,0.044075694368544485
Concept (class-cond),2,1,0.8394758394758395,ok,0.0002689361572265625,0.0036309310298190487,0.07846781513743317
Concept (class-cond),2,2,0.8452088452088452,ok,0.00031048059463500977,0.0029723278169299944,0.043331324205819456
Concept (class-cond),2,3,0.8484848484848485,ok,0.00029647350311279297,0.003272734833702044,0.07177449026487137
Concept (class-cond),2,4,0.8468468468468469,ok,0.000706017017364502,0.0024636466171285266,0.06973835773938432
Concept (class-cond),2,5,0.8648648648648649,ok,0.0004456043243408203,0.0032088710056674173,0.05802764712751255
Concept (class-cond),2,6,0.8325143325143325,ok,0.0004742145538330078,0.0036293382593029807,0.06797820588697386
Concept (class-cond),2,7,0.8308763308763308,ok,0.0002881288528442383,0.0036133109613159875,0.042699565879091385
Concept (class-cond),2,8,0.8177723177723177,warning,0.00040733814239501953,0.0035393309031613194,0.05632842980923226
Concept (class-cond),2,9,0.8091728091728092,warning,0.00017088651657104492,0.004673566270945317,0.058787221143637734
Concept (class-cond),2,10,0.7997542997542998,warning,0.0005005598068237305,0.002823781896332955,0.06939851215611123
Concept (class-cond),2,11,0.7825552825552825,warning,0.00024300813674926758,0.0038700648216122083,0.04365519020982151
Concept (class-cond),2,12,0.7846027846027847,ok,0.0007026791572570801,0.003362001428805615,0.06816736038737645
Concept (class-cond),2,13,0.7731367731367731,warning,0.001076817512512207,0.0034441267857306885,0.07369428935302866
Concept (class-cond),2,14,0.7657657657657657,warning,0.0006780624389648438,0.0042957536442053725,0.06275150464522758
Concept (class-cond),2,15,0.7534807534807535,warning,0.00020813941955566406,0.0030054996847107395,0.04961598269211827
Concept (class-cond),2,16,0.7481572481572482,warning,0.0003807544708251953,0.0032544790415802026,0.053939934504156635
Concept (class-cond),2,17,0.7387387387387387,warning,0.0001800060272216797,0.00378598830709724,0.046046101246380096
Concept (class-cond),2,18,0.733005733005733,warning,0.0001398921012878418,0.0031202223562878852,0.03252814529331788
Concept (class-cond),2,19,0.7311783960720131,warning,0.00019401311874389648,0.0033278020488548476,0.07445700537713386
Concept (class-cond),3,1,0.8439803439803439,ok,0.00017517805099487305,0.0031597881373777426,0.043083447006029174
Concept (class-cond),3,2,0.852989352989353,ok,0.0011145472526550293,0.0028628519874950914,0.05981542288579727
Concept (class-cond),3,3,0.8394758394758395,ok,0.00025540590286254883,0.002927925596776124,0.040187255540177345
Concept (class-cond),3,4,0.8447993447993448,ok,0.00020253658294677734,0.002893390211664228,0.04399549802742365
Concept (class-cond),3,5,0.8493038493038493,warning,0.00025397539138793945,0.003781093180305134,0.03734043492320342
Concept (class-cond),3,6,0.8456183456183456,warning,0.000217437744140625,0.002565058786243706,0.03449735477266203
Concept (class-cond),3,7,0.8357903357903358,warning,0.0004069805145263672,0.0029335040792015186,0.03857147709222817
Concept (class-cond),3,8,0.8296478296478297,warning,0.0003771781921386719,0.0032653766366970262,0.06069404543225863
Concept (class-cond),3,9,0.8177723177723177,warning,0.00031495094299316406,0.0033669669008035957,0.036555433978476694
Concept (class-cond),3,10,0.8153153153153153,critical,0.00015109777450561523,0.004640918947014379,0.040797089232121525
Concept (class-cond),3,11,0.7858312858312858,warning,0.0008821487426757812,0.0027416635643141615,0.08610575694315645
Concept (class-cond),3,12,0.780917280917281,warning,0.0001410841941833496,0.0029989897861860217,0.028301664402313312
Concept (class-cond),3,13,0.7751842751842751,warning,0.00024199485778808594,0.0038531911943844093,0.02557560250711879
Concept (class-cond),3,14,0.7514332514332515,warning,0.0004355907440185547,0.0036719195780578334,0.050337193428756505
Concept (class-cond),3,15,0.762080262080262,warning,0.0004935860633850098,0.003140855623451547,0.04937916563229442
Concept (class-cond),3,16,0.7563472563472563,warning,0.00022161006927490234,0.00346341802737946,0.029330131673067385
Concept (class-cond),3,17,0.721949221949222,warning,0.0006446242332458496,0.0034131594934369083,0.06098124119560871
Concept (class-cond),3,18,0.7452907452907452,warning,4.5359134674072266e-05,0.0029176749422700444,0.03045300747980886
Concept (class-cond),3,19,0.7201309328968903,warning,0.0005115866661071777,0.0033129777492746904,0.06917233213384431
Concept (class-cond),4,1,0.8419328419328419,ok,0.0005003809928894043,0.003726499592076522,0.07244013910337993
Concept (class-cond),4,2,0.8390663390663391,ok,0.0001748800277709961,0.003006579384252927,0.03919254438486335
Concept (class-cond),4,3,0.8435708435708436,ok,0.00021028518676757812,0.0035596267696119993,0.04587044139956349
Concept (class-cond),4,4,0.857084357084357,ok,0.00015693902969360352,0.0024275808951806487,0.03856105421494156
Concept (class-cond),4,5,0.8411138411138411,ok,0.00014346837997436523,0.0028579067816462494,0.055509652631930535
Concept (class-cond),4,6,0.8394758394758395,ok,0.00024312734603881836,0.0027104404150641234,0.05129503165535707
Concept (class-cond),4,7,0.8325143325143325,warning,0.0003078579902648926,0.004535671451628035,0.04894156545785046
Concept (class-cond),4,8,0.8333333333333334,warning,0.00045365095138549805,0.004459514498517841,0.06258635892762356
Concept (class-cond),4,9,0.7891072891072891,warning,0.00020498037338256836,0.003543789724387461,0.0694650591035121
Concept (class-cond),4,10,0.8054873054873055,warning,0.0004685521125793457,0.002677197137933729,0.06324324982178241
Concept (class-cond),4,11,0.7825552825552825,warning,9.149312973022461e-05,0.002825956401710776,0.037265726945604816
Concept (class-cond),4,12,0.7817362817362817,warning,0.00012677907943725586,0.0031635151304630644,0.05613500879502371
Concept (class-cond),4,13,0.776003276003276,ok,0.00023096799850463867,0.0026323100094919087,0.03912423859006381
Concept (class-cond),4,14,0.7604422604422605,ok,0.000249326229095459,0.0028349925894682725,0.04794472358245775
Concept (class-cond),4,15,0.7457002457002457,ok,0.00024121999740600586,0.003825981839267151,0.05791560809813894
Concept (class-cond),4,16,0.7489762489762489,ok,0.00024402141571044922,0.002718082781563356,0.047182458629600944
Concept (class-cond),4,17,0.7317772317772318,ok,0.00032639503479003906,0.003244586744011096,0.054990688507825874
Concept (class-cond),4,18,0.7211302211302212,warning,0.00019037723541259766,0.004498506612748657,0.04624552453933305
Concept (class-cond),4,19,0.7184942716857611,warning,0.0003127455711364746,0.002870984166169186,0.05115331669634218
Concept (class-cond),5,1,0.8370188370188371,ok,0.0004277229309082031,0.002618909362268486,0.0493508732393704
Concept (class-cond),5,2,0.8423423423423423,ok,0.0002932548522949219,0.003230943832208371,0.039224177758750214
Concept (class-cond),5,3,0.8452088452088452,warning,0.00044929981231689453,0.0032553599505868577,0.037872176572000114
Concept (class-cond),5,4,0.8558558558558559,warning,0.0003504157066345215,0.0025508180615576867,0.045317304551175816
Concept (class-cond),5,5,0.8591318591318591,warning,0.00024008750915527344,0.002736140399710452,0.0317997332427034
Concept (class-cond),5,6,0.8296478296478297,warning,0.00046139955520629883,0.003080316686764918,0.04592843869312784
Concept (class-cond),5,7,0.8181818181818182,warning,0.0003281235694885254,0.0035797207105920624,0.04305672529254832
Concept (class-cond),5,8,0.819000819000819,warning,0.00030237436294555664,0.003023376987343053,0.031285480676404936
Concept (class-cond),5,9,0.812039312039312,warning,0.00045365095138549805,0.003502568073350246,0.05466625083487305
Concept (class-cond),5,10,0.8132678132678133,warning,0.0002776980400085449,0.003294571926103546,0.0358983898303875
Concept (class-cond),5,11,0.7968877968877969,warning,0.0001392364501953125,0.00258708446684025,0.030541989992179705
Concept (class-cond),5,12,0.7940212940212941,warning,0.0010669827461242676,0.0036885741221116645,0.08234126689209981
Concept (class-cond),5,13,0.7768222768222768,warning,0.0012111067771911621,0.0026779826689915633,0.09010756705087863
Concept (class-cond),5,14,0.778050778050778,critical,0.0006965994834899902,0.0032641376541877832,0.049124459139575596
Concept (class-cond),5,15,0.7653562653562653,critical,0.0006914138793945312,0.002634323699329227,0.060642679617988034
Concept (class-cond),5,16,0.7411957411957412,warning,0.0002638697624206543,0.0030484686476406992,0.03434526131005321
Concept (class-cond),5,17,0.7448812448812449,warning,0.0005133152008056641,0.0034223184606758804,0.04079109579069196
Concept (class-cond),5,18,0.7416052416052417,warning,0.0005154013633728027,0.0035047004701689883,0.04842227520394442
Concept (class-cond),5,19,0.7389525368248773,warning,0.00019884109497070312,0.0029110938527143887,0.041198597886869054
Concept (class-cond),6,1,0.8329238329238329,ok,0.0006669759750366211,0.003509384910810167,0.07821970491423706
Concept (class-cond),6,2,0.8476658476658476,ok,0.0005274415016174316,0.003281651201173702,0.06593736289503822
Concept (class-cond),6,3,0.8574938574938575,ok,0.00013083219528198242,0.002707235924395363,0.04426374227554807
Concept (class-cond),6,4,0.8480753480753481,warning,0.0008079409599304199,0.0028197930070261367,0.06856620375531894
Concept (class-cond),6,5,0.8468468468468469,warning,0.00014793872833251953,0.0028159669005241718,0.04341545853065231
Concept (class-cond),6,6,0.8341523341523341,warning,0.000347137451171875,0.003370242113358787,0.09332760907310583
Concept (class-cond),6,7,0.8361998361998362,warning,0.0007906556129455566,0.0032056055719587324,0.0700179929742063
Concept (class-cond),6,8,0.8230958230958231,warning,0.0004328489303588867,0.003098182608443472,0.08053201275188933
Concept (class-cond),6,9,0.812039312039312,warning,0.00012493133544921875,0.003016232333006371,0.043601042935013545
Concept (class-cond),6,10,0.8202293202293203,warning,0.0002510547637939453,0.0034809882365391858,0.04284919071507797
Concept (class-cond),6,11,0.8005733005733006,warning,0.0005024075508117676,0.003484609734847641,0.07550168613322386
Concept (class-cond),6,12,0.8034398034398035,warning,0.0006369948387145996,0.0032155433616058784,0.06449822575482396
Concept (class-cond),6,13,0.7952497952497952,warning,0.00015413761138916016,0.0036165933810922424,0.05870699912752902
Concept (class-cond),6,14,0.7796887796887797,warning,0.0002333521842956543,0.0029133155728486085,0.03268730275521805
Concept (class-cond),6,15,0.7755937755937756,warning,0.0011895298957824707,0.0028507038523709043,0.0893377195743157
Concept (class-cond),6,16,0.7551187551187551,warning,0.0007268786430358887,0.003372834069955121,0.08549386797274326
Concept (class-cond),6,17,0.7346437346437347,warning,0.0003834962844848633,0.0033550969161236523,0.0614872972933265
Concept (class-cond),6,18,0.7432432432432432,warning,0.0014204978942871094,0.003690125704479145,0.08901693580563828
Concept (class-cond),6,19,0.7274959083469722,warning,0.0007973313331604004,0.003455615703098801,0.08099825884058781
Concept (class-cond),7,1,0.8341523341523341,ok,0.0010231733322143555,0.0036520500189750954,0.06783010218087296
Concept (class-cond),7,2,0.8439803439803439,ok,0.0003249049186706543,0.002958310245108598,0.04223377900339212
Concept (class-cond),7,3,0.8427518427518428,ok,0.0005246996879577637,0.0032250356637194477,0.0487710580702762
Concept (class-cond),7,4,0.8488943488943489,warning,0.0011409521102905273,0.002923870412983279,0.09239830450558327
Concept (class-cond),7,5,0.8542178542178542,warning,0.0005400776863098145,0.002686296783936091,0.0398828715150722
Concept (class-cond),7,6,0.8296478296478297,warning,0.0006797909736633301,0.003641838241216942,0.0560784365535224
Concept (class-cond),7,7,0.8181818181818182,ok,0.0009295344352722168,0.0033663572018023244,0.06195676342388158
Concept (class-cond),7,8,0.8230958230958231,ok,0.00035458803176879883,0.0034806537320835797,0.04870168590078391
Concept (class-cond),7,9,0.8173628173628174,warning,0.0005064606666564941,0.0035634812731676338,0.04631359240607578
Concept (class-cond),7,10,0.7960687960687961,warning,0.0009420514106750488,0.004567473302500056,0.05781685072378722
Concept (class-cond),7,11,0.7891072891072891,warning,0.0010800957679748535,0.0030778086304384736,0.055687476589619395
Concept (class-cond),7,12,0.7800982800982801,warning,0.000554502010345459,0.003602917298832227,0.06581270458769965
Concept (class-cond),7,13,0.7702702702702703,warning,0.0007745623588562012,0.0037595697944510075,0.062898875276896
Concept (class-cond),7,14,0.7555282555282555,warning,0.0020781755447387695,0.0037623052877912297,0.09630254733712865
Concept (class-cond),7,15,0.7497952497952498,warning,0.0004437565803527832,0.003256661809823926,0.04752174024828642
Concept (class-cond),7,16,0.7497952497952498,warning,0.0012153983116149902,0.0034797348991434333,0.05841016523239876
Concept (class-cond),7,17,0.7375102375102375,warning,0.0006312727928161621,0.0032124137624519097,0.06027159108249258
Concept (class-cond),7,18,0.7207207207207207,warning,0.00048154592514038086,0.003098042252690529,0.0450284579892915
Concept (class-cond),7,19,0.7377250409165302,warning,0.0003567934036254883,0.0034666532007336416,0.04645583548994748
Concept (class-cond),8,1,0.8513513513513513,ok,0.0005845427513122559,0.003337223584285012,0.04254801742145011
Concept (class-cond),8,2,0.8476658476658476,ok,0.0012240409851074219,0.0027082800984816946,0.07661759497156949
Concept (class-cond),8,3,0.8443898443898444,ok,0.0006290078163146973,0.004166438885402333,0.055923289283011726
Concept (class-cond),8,4,0.8456183456183456,ok,0.0012997984886169434,0.0030439905394684273,0.0820292470782971
Concept (class-cond),8,5,0.8546273546273546,warning,0.0008862614631652832,0.002869223198398525,0.058875963235629485
Concept (class-cond),8,6,0.8329238329238329,warning,0.0019500255584716797,0.0036318915047183938,0.11168105172884937
Concept (class-cond),8,7,0.8357903357903358,critical,0.0005115866661071777,0.0032652386811875974,0.0625334687888154
Concept (class-cond),8,8,0.8230958230958231,warning,0.000979006290435791,0.0035115372644916117,0.055773100978942794
Concept (class-cond),8,9,0.8136773136773137,critical,0.0007772445678710938,0.0031443498121666294,0.06956771759338828
Concept (class-cond),8,10,0.8091728091728092,critical,0.0019660592079162598,0.002756574795694532,0.09004788827900474
Concept (class-cond),8,11,0.7866502866502867,warning,0.0014995932579040527,0.0027538766291514164,0.0825637065577432
Concept (class-cond),8,12,0.7911547911547911,critical,0.0006996393203735352,0.003725286656404799,0.06681806203670691
Concept (class-cond),8,13,0.7927927927927928,critical,0.0016010403633117676,0.003665458136702734,0.0800618549503187
Concept (class-cond),8,14,0.7866502866502867,critical,0.0008121132850646973,0.003448933363950288,0.06356029674312805
Concept (class-cond),8,15,0.7661752661752662,warning,0.0003815293312072754,0.0036647260028537243,0.041157116326308966
Concept (class-cond),8,16,0.742014742014742,warning,0.0013358592987060547,0.003578152934329509,0.08450396064934713
Concept (class-cond),8,17,0.7457002457002457,warning,0.0011706352233886719,0.004171729454161159,0.06189595734628869
Concept (class-cond),8,18,0.7436527436527437,critical,0.0012368559837341309,0.003097960377202909,0.060430102468102896
Concept (class-cond),8,19,0.7393617021276596,critical,0.0006340146064758301,0.003681019090261653,0.057531326124403634
Concept (class-cond),9,1,0.8493038493038493,ok,0.0009541511535644531,0.002901373257999114,0.0874445262417674
Concept (class-cond),9,2,0.8472563472563472,ok,7.659196853637695e-05,0.002622690252865242,0.04432380367004647
Concept (class-cond),9,3,0.8431613431613432,ok,0.00010091066360473633,0.003195908011691238,0.0474415154003524
Concept (class-cond),9,4,0.866912366912367,ok,0.00010347366333007812,0.0029612974272469825,0.0532591690142946
Concept (class-cond),9,5,0.8538083538083538,ok,0.00010675191879272461,0.002651321265218641,0.03231019515431311
Concept (class-cond),9,6,0.8464373464373465,warning,0.0002142786979675293,0.00370526561394814,0.0456736359980192
Concept (class-cond),9,7,0.8308763308763308,warning,6.097555160522461e-05,0.003948605965005044,0.07122603482029034
Concept (class-cond),9,8,0.8288288288288288,warning,0.0003382563591003418,0.002993601155856735,0.055590435466672056
Concept (class-cond),9,9,0.8124488124488124,warning,0.0005955696105957031,0.0034736014997996155,0.061402795691406255
Concept (class-cond),9,10,0.7989352989352989,warning,0.00011616945266723633,0.0032034637301538993,0.0548361842833264
Concept (class-cond),9,11,0.7964782964782965,warning,0.00012248754501342773,0.0023572378344498763,0.04697635425994573
Concept (class-cond),9,12,0.780917280917281,warning,4.190206527709961e-05,0.003543991056782371,0.0477231904591579
Concept (class-cond),9,13,0.7796887796887797,warning,0.0002726316452026367,0.003414941763331081,0.05253381075310629
Concept (class-cond),9,14,0.7485667485667485,warning,0.00031501054763793945,0.0027027691223964123,0.05199022920046919
Concept (class-cond),9,15,0.7518427518427518,warning,7.259845733642578e-05,0.0026840445770064955,0.04365950358465592
Concept (class-cond),9,16,0.7469287469287469,ok,0.00014096498489379883,0.0029794608077093137,0.04425683119024888
Concept (class-cond),9,17,0.7325962325962326,warning,0.00027304887771606445,0.0033089259865842196,0.04451498233108366
Concept (class-cond),9,18,0.7371007371007371,warning,0.0002561211585998535,0.003002703779717246,0.04753594232279193
Concept (class-cond),9,19,0.733633387888707,warning,0.00035256147384643555,0.0031190167469178805,0.06281917595603469
Concept (class-cond),10,1,0.8394758394758395,ok,0.00029718875885009766,0.002582086551791098,0.04909597877685721
Concept (class-cond),10,2,0.8427518427518428,ok,0.0006884932518005371,0.003212317024865666,0.061418322699844666
Concept (class-cond),10,3,0.8394758394758395,ok,0.0005085468292236328,0.003404152433793688,0.06683817540007865
Concept (class-cond),10,4,0.85995085995086,ok,0.0005944371223449707,0.0028490817765325993,0.04971946819695313
Concept (class-cond),10,5,0.8615888615888616,warning,0.0003796815872192383,0.003336884289586873,0.05096197724006735
Concept (class-cond),10,6,0.846027846027846,warning,0.0007094740867614746,0.0033072930621557313,0.057491155785953076
Concept (class-cond),10,7,0.8447993447993448,warning,0.00023221969604492188,0.0027858452178166106,0.0332775261540772
Concept (class-cond),10,8,0.8218673218673219,warning,0.000370025634765625,0.0031878848655585972,0.05731142364277118
Concept (class-cond),10,9,0.8132678132678133,warning,0.000917971134185791,0.0029719352848020424,0.0589531219536156
Concept (class-cond),10,10,0.8108108108108109,warning,0.0003885626792907715,0.0033436544565339926,0.0459554948500109
Concept (class-cond),10,11,0.8075348075348076,warning,0.00040465593338012695,0.002851326891239044,0.03615635070289246
Concept (class-cond),10,12,0.780917280917281,warning,0.00030994415283203125,0.0033642561557796595,0.0556228521803812
Concept (class-cond),10,13,0.7932022932022932,warning,0.00018519163131713867,0.0025778644483439956,0.040603913202444955
Concept (class-cond),10,14,0.7653562653562653,warning,0.00046449899673461914,0.0031568722203274497,0.04592287286133622
Concept (class-cond),10,15,0.7596232596232596,warning,0.00020015239715576172,0.0034376542021898153,0.033186222572088614
Concept (class-cond),10,16,0.7510237510237511,warning,0.00029528141021728516,0.0037922949414435766,0.04265514900183257
Concept (class-cond),10,17,0.7469287469287469,warning,0.0002632737159729004,0.0029915434972243226,0.03873056779103771
Concept (class-cond),10,18,0.7289107289107289,warning,0.00017654895782470703,0.0026874830918265638,0.032056133798266384
Concept (class-cond),10,19,0.7397708674304418,warning,0.00041413307189941406,0.003150068466476401,0.04677549755270407
Concept (class-cond),11,1,0.8402948402948403,ok,0.0001965165138244629,0.002328459523720347,0.03775543333252436
Concept (class-cond),11,2,0.8447993447993448,ok,0.00035840272903442383,0.003009409028604835,0.050434290326370555
Concept (class-cond),11,3,0.8513513513513513,ok,9.423494338989258e-05,0.003643372183434253,0.030621228438426795
Concept (class-cond),11,4,0.8497133497133497,ok,0.00019061565399169922,0.003413392257002551,0.03801739105575678
Concept (class-cond),11,5,0.852989352989353,ok,0.00020945072174072266,0.002902524761651845,0.03923412024735317
Concept (class-cond),11,6,0.8480753480753481,warning,0.00030487775802612305,0.0023042984792285342,0.050026862011823124
Concept (class-cond),11,7,0.8361998361998362,warning,0.0003624558448791504,0.0033176886630400704,0.04804194720448997
Concept (class-cond),11,8,0.8198198198198198,critical,0.00031107664108276367,0.0026615740231895803,0.04002396863860244
Concept (class-cond),11,9,0.8251433251433251,critical,0.0007359981536865234,0.0029407070532800382,0.07385376160987243
Concept (class-cond),11,10,0.7968877968877969,warning,0.00036644935607910156,0.003124785376172456,0.05272550378387594
Concept (class-cond),11,11,0.7911547911547911,warning,5.358457565307617e-05,0.002569152289658008,0.03498997545021568
Concept (class-cond),11,12,0.7911547911547911,warning,0.00016736984252929688,0.003323994120530653,0.035174341526663926
Concept (class-cond),11,13,0.7674037674037674,warning,0.00032597780227661133,0.00337962596082614,0.054450562546699194
Concept (class-cond),11,14,0.7776412776412777,warning,0.0003037452697753906,0.002820722237906893,0.06562300204615172
Concept (class-cond),11,15,0.764946764946765,warning,0.00027370452880859375,0.0028648998046924474,0.04849006430282928
Concept (class-cond),11,16,0.7514332514332515,warning,0.00016611814498901367,0.0033430283595627264,0.03676679348981163
Concept (class-cond),11,17,0.7526617526617526,warning,0.00014495849609375,0.0034247129267122077,0.027999018181655393
Concept (class-cond),11,18,0.7424242424242424,warning,9.107589721679688e-05,0.0029776083194419985,0.05651079644094376
Concept (class-cond),11,19,0.7295417348608838,ok,7.033348083496094e-05,0.0036038808766770754,0.025047701379710446
Concept (class-cond),12,1,0.8513513513513513,ok,0.00016313791275024414,0.0031694243869152482,0.04284354946001849
Concept (class-cond),12,2,0.8480753480753481,ok,0.00025516748428344727,0.004400101342464609,0.038753513701376086
Concept (class-cond),12,3,0.8435708435708436,ok,0.00010412931442260742,0.0032867792357884184,0.04139595736067903
Concept (class-cond),12,4,0.8521703521703522,warning,0.00041478872299194336,0.0037633203093055904,0.0573828236723856
Concept (class-cond),12,5,0.8517608517608518,warning,0.00014036893844604492,0.0031272926681374705,0.04521729530643659
Concept (class-cond),12,6,0.8247338247338247,warning,0.0004125237464904785,0.003932959382662086,0.04768800491926306
Concept (class-cond),12,7,0.8366093366093366,warning,0.0004456639289855957,0.0028508948717392334,0.05907919925136405
Concept (class-cond),12,8,0.8243243243243243,warning,0.0002123117446899414,0.0037545366950459446,0.04849431811196708
Concept (class-cond),12,9,0.8157248157248157,warning,0.0003313422203063965,0.0027848348731252916,0.05680234172727751
Concept (class-cond),12,10,0.7981162981162981,warning,9.900331497192383e-05,0.003348026682102874,0.039048956798272014
Concept (class-cond),12,11,0.7866502866502867,warning,0.00010704994201660156,0.0031561205396503133,0.053304320547031714
Concept (class-cond),12,12,0.7821457821457821,warning,7.581710815429688e-05,0.0025927922611668755,0.03205161173093558
Concept (class-cond),12,13,0.7678132678132679,warning,0.00015413761138916016,0.002433497530839341,0.04173386927854405
Concept (class-cond),12,14,0.7686322686322686,warning,0.0002289414405822754,0.004135961796462922,0.047897545296819326
Concept (class-cond),12,15,0.7534807534807535,warning,0.00010114908218383789,0.0025757680946379233,0.02346494333556786
Concept (class-cond),12,16,0.7256347256347256,warning,0.00021564960479736328,0.0025500250901170814,0.035870780120985116
Concept (class-cond),12,17,0.7305487305487306,warning,8.118152618408203e-05,0.00328616659717414,0.03656542069586811
Concept (class-cond),12,18,0.7297297297297297,warning,0.00042110681533813477,0.0036056549626582567,0.04696260155184804
Concept (class-cond),12,19,0.7242225859247136,warning,0.0001462697982788086,0.003588852748178224,0.03519587056090074
Concept (class-cond),13,1,0.8345618345618345,ok,0.00034940242767333984,0.004013505665610784,0.05580153312960475
Concept (class-cond),13,2,0.8435708435708436,ok,0.00021219253540039062,0.0028126836282730133,0.04392467194430747
Concept (class-cond),13,3,0.8472563472563472,ok,0.00026667118072509766,0.0031388893257437043,0.052114836283636036
Concept (class-cond),13,4,0.8497133497133497,warning,0.0008828639984130859,0.0028559842573268102,0.0821869185752708
Concept (class-cond),13,5,0.855036855036855,warning,0.0004717111587524414,0.003599420066471437,0.049978850007155025
Concept (class-cond),13,6,0.834971334971335,warning,0.00033408403396606445,0.0037415956556617978,0.04510450488017233
Concept (class-cond),13,7,0.8345618345618345,warning,0.0001932382583618164,0.0024230385955365348,0.0407563260457815
Concept (class-cond),13,8,0.8284193284193284,warning,0.00036156177520751953,0.003662167258947117,0.05628416839419552
Concept (class-cond),13,9,0.8108108108108109,warning,0.0004004240036010742,0.0032076094559504043,0.05280457043352505
Concept (class-cond),13,10,0.8054873054873055,warning,0.0010759830474853516,0.003319440660913988,0.09429993437882282
Concept (class-cond),13,11,0.782964782964783,warning,0.0012322068214416504,0.0035832289659626752,0.08105624929401502
Concept (class-cond),13,12,0.7919737919737919,warning,0.0001131892204284668,0.002753882942747467,0.050250390385785576
Concept (class-cond),13,13,0.7833742833742834,warning,0.0004937052726745605,0.002720794896289183,0.04731871291211696
Concept (class-cond),13,14,0.7608517608517609,warning,0.0002614259719848633,0.0029791337281836333,0.06403738923998586
Concept (class-cond),13,15,0.7702702702702703,warning,0.00028145313262939453,0.003013741294394268,0.05974412674120919
Concept (class-cond),13,16,0.7510237510237511,warning,0.00010776519775390625,0.002731585515035856,0.03902196886805845
Concept (class-cond),13,17,0.7280917280917281,warning,0.00021266937255859375,0.003587733979955577,0.05460910608007647
Concept (class-cond),13,18,0.7403767403767404,warning,0.0004360675811767578,0.0028757829184594503,0.0830660649050137
Concept (class-cond),13,19,0.7377250409165302,warning,0.00028824806213378906,0.0034618562699268414,0.05206253353091111
Concept (class-cond),14,1,0.8505323505323505,ok,0.00047266483306884766,0.003551777984964228,0.044629114189815515
Concept (class-cond),14,2,0.8501228501228502,ok,0.0002849698066711426,0.0029181295035346647,0.03961583617579103
Concept (class-cond),14,3,0.8366093366093366,ok,0.0003339052200317383,0.0025479040639177124,0.054936414899177305
Concept (class-cond),14,4,0.8546273546273546,ok,0.00017511844635009766,0.002775693282781191,0.039016420827884105
Concept (class-cond),14,5,0.8402948402948403,warning,0.00010788440704345703,0.002936139363235284,0.028222360186563954
Concept (class-cond),14,6,0.8366093366093366,warning,7.456541061401367e-05,0.0028480378192668404,0.042504282390590474
Concept (class-cond),14,7,0.8505323505323505,warning,0.00020635128021240234,0.002554373141805391,0.04680354986487591
Concept (class-cond),14,8,0.8198198198198198,warning,0.0003083944320678711,0.002272519170684442,0.04786043467422644
Concept (class-cond),14,9,0.8022113022113022,warning,0.00020927190780639648,0.003192319361755646,0.0429996826394712
Concept (class-cond),14,10,0.8095823095823096,warning,0.00044232606887817383,0.002916266690082621,0.05864882998931318
Concept (class-cond),14,11,0.7960687960687961,warning,0.00037157535552978516,0.0031226908652447188,0.03849593363751161
Concept (class-cond),14,12,0.7710892710892711,warning,0.000453948974609375,0.003096318143764172,0.04609341401931753
Concept (class-cond),14,13,0.7731367731367731,warning,0.0006123781204223633,0.003354317008357587,0.05202114150076089
Concept (class-cond),14,14,0.762080262080262,warning,0.000310361385345459,0.002931296250285583,0.04300612318503995
Concept (class-cond),14,15,0.7542997542997543,warning,0.0003552436828613281,0.002457049661462962,0.044502027793444435
Concept (class-cond),14,16,0.7518427518427518,warning,0.0002701282501220703,0.002762354566610407,0.04105777824034396
Concept (class-cond),14,17,0.7510237510237511,warning,0.00016933679580688477,0.002626457018478773,0.03265320347205574
Concept (class-cond),14,18,0.7403767403767404,warning,0.00037491321563720703,0.002501576305059926,0.05891887267928656
Concept (class-cond),14,19,0.7258592471358429,warning,0.00011110305786132812,0.002356259269978869,0.028200015781545882
Concept (class-cond),15,1,0.8603603603603603,ok,0.00016230344772338867,0.003299332428808946,0.053372881955685125
Concept (class-cond),15,2,0.8427518427518428,ok,0.00017827749252319336,0.0023486188618125348,0.03506492522227089
Concept (class-cond),15,3,0.8345618345618345,ok,0.00018042325973510742,0.003409307195632796,0.034993747680964485
Concept (class-cond),15,4,0.8558558558558559,warning,0.0005410313606262207,0.0023740936485943664,0.06065317183232622
Concept (class-cond),15,5,0.8546273546273546,warning,0.0002486705780029297,0.002666642895900801,0.03500613132697635
Concept (class-cond),15,6,0.8370188370188371,warning,0.00010603666305541992,0.0032559355363630657,0.02956677724718698
Concept (class-cond),15,7,0.8235053235053235,warning,0.0003342628479003906,0.0023705238450305657,0.03766901867056493
Concept (class-cond),15,8,0.8194103194103194,warning,0.0005481839179992676,0.0029508116296982296,0.05195820329437758
Concept (class-cond),15,9,0.8018018018018018,warning,0.0002390742301940918,0.004284946840554441,0.04315686190461193
Concept (class-cond),15,10,0.8038493038493039,warning,0.0004519224166870117,0.0032140993763287396,0.05682435253426049
Concept (class-cond),15,11,0.7858312858312858,warning,0.00026232004165649414,0.002805260960522263,0.04498745261970488
Concept (class-cond),15,12,0.7612612612612613,ok,0.0002563595771789551,0.003574205065639582,0.03200741472563135
Concept (class-cond),15,13,0.7674037674037674,warning,0.00015026330947875977,0.002571830623975372,0.033936017366367116
Concept (class-cond),15,14,0.7555282555282555,warning,0.0004451274871826172,0.002581872500324895,0.03697005892134317
Concept (class-cond),15,15,0.7493857493857494,warning,0.00020360946655273438,0.0024063870047603114,0.041696580094845975
Concept (class-cond),15,16,0.7235872235872236,warning,0.0003648996353149414,0.0028945009182743692,0.049523493987982926
Concept (class-cond),15,17,0.7280917280917281,warning,0.00033402442932128906,0.0028154294879273907,0.04576330447995116
Concept (class-cond),15,18,0.7072072072072072,warning,0.0001919865608215332,0.004109408955938814,0.0277948808962808
Concept (class-cond),15,19,0.7107201309328969,warning,0.000186920166015625,0.002758903689017979,0.06011372847133896
Concept (class-cond),16,1,0.855036855036855,ok,0.0003935694694519043,0.002865800357903801,0.04214254824140409
Concept (class-cond),16,2,0.8439803439803439,ok,0.00012040138244628906,0.002330690322193256,0.03307407376158869
Concept (class-cond),16,3,0.8447993447993448,ok,0.00020831823348999023,0.002900719604980238,0.06479336607367575
Concept (class-cond),16,4,0.8542178542178542,warning,0.00010883808135986328,0.004009373901849746,0.04431174972002015
Concept (class-cond),16,5,0.8439803439803439,warning,0.0009669065475463867,0.0029181329320165923,0.057219195701269605
Concept (class-cond),16,6,0.8452088452088452,warning,0.00024259090423583984,0.002818455184633137,0.0500238175776308
Concept (class-cond),16,7,0.8370188370188371,warning,0.00010836124420166016,0.0027427441141275274,0.047947573523831555
Concept (class-cond),16,8,0.8296478296478297,warning,0.0008133053779602051,0.0023547470944324887,0.07079071696789711
Concept (class-cond),16,9,0.8063063063063063,warning,0.00010538101196289062,0.0022603642308843498,0.0402797991492013
Concept (class-cond),16,10,0.7981162981162981,warning,0.00019294023513793945,0.004013647156733265,0.0487093514088902
Concept (class-cond),16,11,0.7989352989352989,warning,9.816884994506836e-05,0.002732689480956847,0.035579098295067633
Concept (class-cond),16,12,0.7817362817362817,warning,0.0002467632293701172,0.0025546794049193756,0.03214929374522182
Concept (class-cond),16,13,0.7714987714987716,ok,3.808736801147461e-05,0.0027102678406362313,0.04269481910736645
Concept (class-cond),16,14,0.7588042588042588,ok,0.00010067224502563477,0.003304017098697108,0.03988176938149691
Concept (class-cond),16,15,0.7522522522522522,ok,0.00022286176681518555,0.0030794807332125587,0.045823625884995944
Concept (class-cond),16,16,0.7497952497952498,ok,0.00026297569274902344,0.002622563236711291,0.037993904694390054
Concept (class-cond),16,17,0.7371007371007371,ok,0.00014358758926391602,0.003658079913592022,0.05212125256520305
Concept (class-cond),16,18,0.7448812448812449,warning,0.0003291964530944824,0.0027144403461317776,0.04411204680300597
Concept (class-cond),16,19,0.7291325695581015,warning,0.00041991472244262695,0.00292298769945264,0.05068492762088861
Concept (class-cond),17,1,0.8456183456183456,ok,0.00022369623184204102,0.003588871351351083,0.034595651393809664
Concept (class-cond),17,2,0.8595413595413596,ok,0.00046813488006591797,0.0027653459258454322,0.06018309445897646
Concept (class-cond),17,3,0.834971334971335,ok,0.0005048513412475586,0.0030444069184692186,0.055676775600800844
Concept (class-cond),17,4,0.8501228501228502,ok,0.000431060791015625,0.0032155285653008934,0.04712510283465847
Concept (class-cond),17,5,0.8402948402948403,ok,0.00016075372695922852,0.0032225788014259744,0.049761130658045466
Concept (class-cond),17,6,0.8329238329238329,ok,0.00012606382369995117,0.0028166998658821943,0.037055368691585176
Concept (class-cond),17,7,0.825962325962326,warning,0.00018602609634399414,0.0042107655881239645,0.04040242465679042
Concept (class-cond),17,8,0.8128583128583129,warning,0.00030225515365600586,0.003108632816006327,0.044917728608500136
Concept (class-cond),17,9,0.8091728091728092,warning,0.0003527998924255371,0.003356516474691631,0.046869719490816204
Concept (class-cond),17,10,0.80999180999181,warning,0.00020164251327514648,0.003090229517517017,0.03615071730415696
Concept (class-cond),17,11,0.7821457821457821,warning,0.0006123185157775879,0.0029158414890292205,0.0658731500349861
Concept (class-cond),17,12,0.7895167895167895,warning,0.00011849403381347656,0.0029275912905461724,0.032048168768398826
Concept (class-cond),17,13,0.776003276003276,warning,0.0006969571113586426,0.0027896838750581052,0.06681298108178017
Concept (class-cond),17,14,0.7592137592137592,warning,0.0003809928894042969,0.003297176335833936,0.04602059768779798
Concept (class-cond),17,15,0.7641277641277642,warning,0.00029277801513671875,0.003221181282528997,0.04714166150433312
Concept (class-cond),17,16,0.7526617526617526,warning,0.00043761730194091797,0.0032934986351845375,0.044154366542824314
Concept (class-cond),17,17,0.7457002457002457,warning,0.00022137165069580078,0.0034962175278145675,0.040144800621158966
Concept (class-cond),17,18,0.7489762489762489,warning,8.845329284667969e-05,0.0034744032278394878,0.03328685022823443
Concept (class-cond),17,19,0.7160392798690671,warning,0.00026482343673706055,0.0028925931943177526,0.031484794498947116
Concept (class-cond),18,1,0.8648648648648649,ok,0.00018709897994995117,0.002538175527384049,0.042472600787961945
Concept (class-cond),18,2,0.8488943488943489,ok,0.0003370046615600586,0.0033519280694512877,0.06654107345483226
Concept (class-cond),18,3,0.8480753480753481,ok,0.00013059377670288086,0.0032817179642589183,0.05821604677027873
Concept (class-cond),18,4,0.8538083538083538,ok,0.0005442500114440918,0.003153217471674282,0.05796326977628136
Concept (class-cond),18,5,0.855036855036855,ok,0.00015407800674438477,0.0032320539403286495,0.0491922204111225
Concept (class-cond),18,6,0.8443898443898444,warning,0.0003668069839477539,0.003473626800188462,0.050400136459915715
Concept (class-cond),18,7,0.8308763308763308,warning,0.0004132986068725586,0.0033583736063399153,0.05228371237977472
Concept (class-cond),18,8,0.823914823914824,warning,0.00010448694229125977,0.003626962650260957,0.056427259341490225
Concept (class-cond),18,9,0.8235053235053235,warning,0.0001360774040222168,0.002902633503204315,0.03768207656370621
Concept (class-cond),18,10,0.8038493038493039,warning,0.0005179643630981445,0.003461052003647541,0.047228790838618424
Concept (class-cond),18,11,0.8042588042588042,warning,0.0004456043243408203,0.0032965178307278803,0.06194791701957167
Concept (class-cond),18,12,0.7911547911547911,warning,0.0002707839012145996,0.0035185717999212827,0.05577647304618279
Concept (class-cond),18,13,0.7944307944307945,warning,0.0002434849739074707,0.002889601492930961,0.04708194163880395
Concept (class-cond),18,14,0.7674037674037674,warning,0.00040668249130249023,0.002811010698382718,0.06114984343247338
Concept (class-cond),18,15,0.764946764946765,warning,7.593631744384766e-05,0.003201321020961953,0.0362647803775649
Concept (class-cond),18,16,0.7567567567567568,warning,0.00012433528900146484,0.002801536246755872,0.04150901830859672
Concept (class-cond),18,17,0.7551187551187551,warning,0.0002231001853942871,0.0034335822274089243,0.03858166946817869
Concept (class-cond),18,18,0.7371007371007371,ok,0.00025337934494018555,0.0026909718702913038,0.044401799924669735
Concept (class-cond),18,19,0.723404255319149,ok,0.00031250715255737305,0.003730433637088432,0.05252906019424274
Concept (class-cond),19,1,0.8480753480753481,ok,0.00023740530014038086,0.0028743472860043124,0.033300749534495244
Concept (class-cond),19,2,0.8587223587223587,ok,0.0005998015403747559,0.0032912829934254985,0.07368497290950952
Concept (class-cond),19,3,0.8415233415233415,ok,0.00011175870895385742,0.002744593932529887,0.029643640336222073
Concept (class-cond),19,4,0.8456183456183456,warning,0.0002543330192565918,0.0033833425401612535,0.03693837877118876
Concept (class-cond),19,5,0.8443898443898444,warning,0.00033205747604370117,0.003165605290642329,0.03443677418496856
Concept (class-cond),19,6,0.8374283374283374,warning,8.058547973632812e-05,0.0029235082500951868,0.03990496743232213
Concept (class-cond),19,7,0.8214578214578214,warning,0.00024086236953735352,0.003281149484272599,0.047739066568471766
Concept (class-cond),19,8,0.819000819000819,warning,0.00015527009963989258,0.002853401899295427,0.027564919548882218
Concept (class-cond),19,9,0.812039312039312,warning,0.00012087821960449219,0.002865663560677711,0.03580855406186687
Concept (class-cond),19,10,0.8018018018018018,warning,0.00023543834686279297,0.0035310154809174363,0.03795760496516452
Concept (class-cond),19,11,0.7944307944307945,critical,0.00010150671005249023,0.0033863319635548707,0.03014838592401781
Concept (class-cond),19,12,0.7854217854217854,critical,0.00017195940017700195,0.003665137517121851,0.03507303235703721
Concept (class-cond),19,13,0.7825552825552825,warning,0.0007461905479431152,0.0031690099092362934,0.0702088367881536
Concept (class-cond),19,14,0.7674037674037674,warning,0.0001646876335144043,0.002994138941830404,0.03673039244969934
Concept (class-cond),19,15,0.7653562653562653,warning,0.0006375312805175781,0.00288128595987867,0.06968882142893747
Concept (class-cond),19,16,0.7559377559377559,warning,0.000888824462890625,0.002604302159887147,0.0938907325108853
Concept (class-cond),19,17,0.7387387387387387,warning,0.0002028346061706543,0.002382488478940849,0.03561913002053365
Concept (class-cond),19,18,0.73996723996724,warning,0.0006680488586425781,0.0037562342542585263,0.05468099496276243
Concept (class-cond),19,19,0.7205400981996727,warning,0.00022929906845092773,0.002644054206879515,0.048119243742686356
Concept (class-cond),20,1,0.8427518427518428,ok,0.00025719404220581055,0.002489743807402569,0.060060336450564904
Concept (class-cond),20,2,0.8505323505323505,ok,0.0002276897430419922,0.0033389741290565677,0.03183310331323282
Concept (class-cond),20,3,0.8292383292383292,ok,0.00023406744003295898,0.003871715172186901,0.052606933181007065
Concept (class-cond),20,4,0.8587223587223587,ok,9.107589721679688e-05,0.0030762320170999043,0.03957069649633376
Concept (class-cond),20,5,0.8456183456183456,warning,0.00011527538299560547,0.003451469409344435,0.043298576622103055
Concept (class-cond),20,6,0.8517608517608518,warning,0.00016391277313232422,0.0031749416818368627,0.02942376567339139
Concept (class-cond),20,7,0.8181818181818182,warning,9.47713851928711e-05,0.0032411956845460393,0.031875913592464375
Concept (class-cond),20,8,0.8153153153153153,ok,0.00012665987014770508,0.0020252489085261,0.04016792444080521
Concept (class-cond),20,9,0.8022113022113022,warning,0.0009581446647644043,0.003269280148706608,0.09352282932627697
Concept (class-cond),20,10,0.7968877968877969,warning,0.0003018975257873535,0.003327200325653326,0.04123441632120074
Concept (class-cond),20,11,0.7776412776412777,warning,0.00031679868698120117,0.004625511311559584,0.04687873264934857
Concept (class-cond),20,12,0.7678132678132679,warning,0.00012701749801635742,0.0035596508736510856,0.038019040158593614
Concept (class-cond),20,13,0.7604422604422605,warning,8.207559585571289e-05,0.0032910234910236676,0.03304129420916179
Concept (class-cond),20,14,0.7596232596232596,ok,0.0001061558723449707,0.0026764169113216315,0.0441010889065597
Concept (class-cond),20,15,0.7485667485667485,warning,0.00023752450942993164,0.0033321027366004802,0.03275105702082675
Concept (class-cond),20,16,0.7276822276822277,warning,0.00026929378509521484,0.0031697502973331163,0.04028533503688173
Concept (class-cond),20,17,0.7383292383292384,critical,0.0004181861877441406,0.003103615476481443,0.038077111324425254
Concept (class-cond),20,18,0.7080262080262081,warning,0.0004933476448059082,0.00319026302309931,0.06341040795585054
Concept (class-cond),20,19,0.7013093289689034,warning,0.0001685023307800293,0.0029899507942145916,0.033552049260750755
Concept (class-cond),21,1,0.8497133497133497,ok,0.0002467632293701172,0.0031467624736273942,0.029031083938141005
Concept (class-cond),21,2,0.8505323505323505,ok,0.00021839141845703125,0.002859274442745135,0.0434030766151084
Concept (class-cond),21,3,0.8431613431613432,warning,0.00027489662170410156,0.002960504932493944,0.03784698522916907
Concept (class-cond),21,4,0.8505323505323505,warning,0.00042045116424560547,0.003889153976273983,0.04310499859690043
Concept (class-cond),21,5,0.8562653562653563,warning,0.0003859400749206543,0.0028614604856047905,0.0457091270387249
Concept (class-cond),21,6,0.8382473382473382,warning,0.0005384683609008789,0.0028090793994518725,0.04890157900202212
Concept (class-cond),21,7,0.8296478296478297,warning,0.00017714500427246094,0.004354350143335405,0.027225133417631678
Concept (class-cond),21,8,0.828009828009828,warning,0.0003770589828491211,0.002667324270379308,0.053928127949107764
Concept (class-cond),21,9,0.8128583128583129,warning,0.0012400150299072266,0.00315971252905772,0.06975431720012587
Concept (class-cond),21,10,0.7895167895167895,warning,0.0001609325408935547,0.0038020134113446007,0.0358633294219349
Concept (class-cond),21,11,0.7911547911547911,warning,0.00022780895233154297,0.003735471582037712,0.033399941335765175
Concept (class-cond),21,12,0.776003276003276,warning,0.0002555251121520996,0.0034411368047133177,0.03853158751196759
Concept (class-cond),21,13,0.7698607698607699,warning,0.0005519986152648926,0.003201313539034409,0.05407677098851663
Concept (class-cond),21,14,0.7637182637182637,warning,0.00013333559036254883,0.0027031667840480287,0.036693702981414764
Concept (class-cond),21,15,0.7493857493857494,warning,0.0002110600471496582,0.003845281159794365,0.047442902114119716
Concept (class-cond),21,16,0.7469287469287469,warning,0.0003587007522583008,0.0024706648752969435,0.04253853188169663
Concept (class-cond),21,17,0.7178542178542179,warning,8.207559585571289e-05,0.002640424993680634,0.03350461917089083
Concept (class-cond),21,18,0.7137592137592138,warning,0.0001894235610961914,0.0026678258982205786,0.032529954742635966
Concept (class-cond),21,19,0.7148117839607201,warning,0.00017386674880981445,0.003044340265300047,0.04028161773704669
Concept (class-cond),22,1,0.8579033579033579,ok,0.0002250075340270996,0.0030709084832811536,0.05130767855235665
Concept (class-cond),22,2,0.8751023751023751,ok,0.00027179718017578125,0.0030963637552410407,0.04204723390985706
Concept (class-cond),22,3,0.8542178542178542,ok,4.5359134674072266e-05,0.0030137897560454123,0.04111484092016961
Concept (class-cond),22,4,0.8685503685503686,ok,0.00041419267654418945,0.0028170771944966916,0.03695111353663318
Concept (class-cond),22,5,0.8538083538083538,ok,5.537271499633789e-05,0.0032691699468947273,0.049367020001626745
Concept (class-cond),22,6,0.8427518427518428,warning,0.00011420249938964844,0.0036812461297653903,0.04193055088708846
Concept (class-cond),22,7,0.8177723177723177,warning,0.0005752444267272949,0.004071263054334968,0.06962566116914749
Concept (class-cond),22,8,0.8214578214578214,critical,0.0003472566604614258,0.0034964254923960346,0.05835361790372881
Concept (class-cond),22,9,0.8087633087633087,warning,0.00010848045349121094,0.0031778517732082012,0.03501643324621709
Concept (class-cond),22,10,0.8128583128583129,warning,0.00017631053924560547,0.004177691832481907,0.04527517742256922
Concept (class-cond),22,11,0.7964782964782965,warning,0.00011968612670898438,0.003085068377113101,0.044344849915973636
Concept (class-cond),22,12,0.7919737919737919,warning,0.0001538395881652832,0.002858818292393298,0.039742421751403696
Concept (class-cond),22,13,0.7813267813267813,warning,0.00011867284774780273,0.0028055001363122478,0.04713125077142425
Concept (class-cond),22,14,0.7706797706797707,warning,0.00011432170867919922,0.0034677588390060196,0.054287090734140085
Concept (class-cond),22,15,0.7665847665847666,warning,0.0003699660301208496,0.0037869417210611685,0.04986810541753842
Concept (class-cond),22,16,0.7522522522522522,warning,8.702278137207031e-05,0.002664082865304704,0.05057542016928029
Concept (class-cond),22,17,0.7461097461097461,warning,0.0005267858505249023,0.004056197696347125,0.07524505286896258
Concept (class-cond),22,18,0.7354627354627354,warning,7.075071334838867e-05,0.0034129936926592256,0.03507419908347743
Concept (class-cond),22,19,0.7099018003273322,warning,0.00023168325424194336,0.003314513354870831,0.03842474255277524
Concept (class-cond),23,1,0.8419328419328419,ok,0.00047069787979125977,0.0028586617671396038,0.05909040218171861
Concept (class-cond),23,2,0.8484848484848485,ok,0.00037425756454467773,0.003214179952146917,0.054024559554753
Concept (class-cond),23,3,0.8411138411138411,ok,0.0003924369812011719,0.003461315538071403,0.051669646431306594
Concept (class-cond),23,4,0.8579033579033579,warning,8.815526962280273e-05,0.005148221070673421,0.03253766160566447
Concept (class-cond),23,5,0.8546273546273546,warning,0.0002135634422302246,0.002777290956190883,0.04607221651633785
Concept (class-cond),23,6,0.8337428337428338,warning,0.00032585859298706055,0.002578575426673076,0.05165162524109266
Concept (class-cond),23,7,0.8419328419328419,warning,0.00038307905197143555,0.0032665499097845286,0.04054091910973551
Concept (class-cond),23,8,0.8128583128583129,warning,0.00031369924545288086,0.0032836478709839805,0.042481109839035046
Concept (class-cond),23,9,0.819000819000819,critical,0.0003523826599121094,0.003021592137980666,0.03449253638005719
Concept (class-cond),23,10,0.8104013104013104,warning,7.396936416625977e-05,0.0032680531037278513,0.026164261933370736
Concept (class-cond),23,11,0.7964782964782965,warning,0.00027495622634887695,0.0031635319376891024,0.03942234286265013
Concept (class-cond),23,12,0.7796887796887797,warning,0.0001494884490966797,0.003381198933468903,0.03997089472701774
Concept (class-cond),23,13,0.7628992628992629,warning,0.00027436017990112305,0.0038800965927955453,0.027319392484855307
Concept (class-cond),23,14,0.7567567567567568,warning,0.00013786554336547852,0.0032892772794011317,0.032305297148024936
Concept (class-cond),23,15,0.7510237510237511,warning,8.463859558105469e-05,0.003100063773443717,0.03936208060097456
Concept (class-cond),23,16,0.7489762489762489,warning,0.00020778179168701172,0.00315890700878262,0.02879755400938741
Concept (class-cond),23,17,0.7428337428337428,warning,5.841255187988281e-05,0.0033282675990494327,0.027341838173786964
Concept (class-cond),23,18,0.7174447174447175,warning,0.00019317865371704102,0.002454817605256271,0.040899360064327206
Concept (class-cond),23,19,0.7180851063829787,warning,0.00022989511489868164,0.0026561138786479273,0.036617803292613826
Concept (class-cond),24,1,0.8587223587223587,ok,0.000989377498626709,0.004126659883092432,0.07222263366106005
Concept (class-cond),24,2,0.8628173628173628,ok,0.0016205310821533203,0.003362456525437447,0.07840832443808701
Concept (class-cond),24,3,0.8480753480753481,ok,0.0009707212448120117,0.0031518224772017454,0.059681808592768414
Concept (class-cond),24,4,0.852989352989353,ok,0.0002828836441040039,0.0029692414060147896,0.03250379288106864
Concept (class-cond),24,5,0.8411138411138411,warning,5.632638931274414e-05,0.003447810144663324,0.04675855784703947
Concept (class-cond),24,6,0.8353808353808354,warning,0.0002713799476623535,0.0026121296625337756,0.04967835024364383
Concept (class-cond),24,7,0.8308763308763308,warning,0.00024169683456420898,0.0028798231704516954,0.03087682129277144
Concept (class-cond),24,8,0.8153153153153153,warning,0.00022751092910766602,0.00308245153910678,0.03296970592417906
Concept (class-cond),24,9,0.8165438165438166,warning,0.0005438923835754395,0.002990428498797752,0.04239288834362231
Concept (class-cond),24,10,0.8112203112203112,warning,0.0006027817726135254,0.003609211755155899,0.06220331620867383
Concept (class-cond),24,11,0.8079443079443079,warning,0.0019753575325012207,0.002872132696810059,0.10445932163128487
Concept (class-cond),24,12,0.785012285012285,warning,0.00024700164794921875,0.003037330804933243,0.03201150720257138
Concept (class-cond),24,13,0.7747747747747747,warning,0.00012409687042236328,0.0037984622118932103,0.02951361191129393
Concept (class-cond),24,14,0.7698607698607699,ok,0.00046455860137939453,0.002861585975327015,0.03524474565467563
Concept (class-cond),24,15,0.76003276003276,warning,0.0002455711364746094,0.003318368666252153,0.03291524589506232
Concept (class-cond),24,16,0.7567567567567568,warning,0.00037223100662231445,0.002602540632531525,0.04328871335312548
Concept (class-cond),24,17,0.735053235053235,warning,0.0006090998649597168,0.002936832715064828,0.05101150680977139
Concept (class-cond),24,18,0.7473382473382474,warning,0.0006361603736877441,0.0037972370715644074,0.04616396776861977
Concept (class-cond),24,19,0.7381342062193126,warning,0.0007213354110717773,0.004089825600229689,0.04334195646050015
Rotation (pooled),0,1,0.8542178542178542,ok,0.00028061866760253906,0.003353786015943474,0.05203429118176988
Rotation (pooled),0,2,0.8513513513513513,ok,0.0003293156623840332,0.003622845253423178,0.046084095450658495
Rotation (pooled),0,3,0.8484848484848485,warning,0.0006455779075622559,0.003992918740341967,0.04854679154443095
Rotation (pooled),0,4,0.8632268632268633,warning,0.00031256675720214844,0.0024977323520898346,0.05308741940551598
Rotation (pooled),0,5,0.8513513513513513,warning,0.0003091096878051758,0.003032725120841185,0.03209729385418747
Rotation (pooled),0,6,0.8407043407043407,warning,0.00023895502090454102,0.004149340215623427,0.07499299284940175
Rotation (pooled),0,7,0.8206388206388207,warning,0.0008966922760009766,0.0030939606206524016,0.055609112766679646
Rotation (pooled),0,8,0.8013923013923014,warning,0.00018662214279174805,0.0027373662510678056,0.024644737343176477
Rotation (pooled),0,9,0.7723177723177723,warning,0.0008597373962402344,0.0037045117359412382,0.08604365053983669
Rotation (pooled),0,10,0.7575757575757576,warning,0.000422060489654541,0.002955960121485098,0.04685641152193904
Rotation (pooled),0,11,0.7448812448812449,warning,0.0005101561546325684,0.0036247027665111914,0.04705843361405702
Rotation (pooled),0,12,0.730958230958231,ok,0.0004673004150390625,0.003307777268771414,0.05129097085933091
Rotation (pooled),0,13,0.6932841932841933,ok,0.0003229379653930664,0.002809476420568797,0.03173673621708587
Rotation (pooled),0,14,0.6826371826371826,ok,0.00020968914031982422,0.0034593357544470686,0.02821156648514561
Rotation (pooled),0,15,0.6678951678951679,ok,0.00027817487716674805,0.003472176005665169,0.04070025300515792
Rotation (pooled),0,16,0.6302211302211302,warning,0.0008602738380432129,0.0041401922317887835,0.06294708996109227
Rotation (pooled),0,17,0.6101556101556102,warning,0.00013339519500732422,0.0035911670514765896,0.035183546576678236
Rotation (pooled),0,18,0.5937755937755937,warning,0.0007874965667724609,0.0032884384718913614,0.059770027487226055
Rotation (pooled),0,19,0.7438625204582652,warning,0.0013862848281860352,0.0041706968675449384,0.07865215176280879
Rotation (pooled),1,1,0.8583128583128583,ok,0.00022846460342407227,0.003176264971505931,0.057170404159941776
Rotation (pooled),1,2,0.8505323505323505,ok,0.00024271011352539062,0.0043366320934400335,0.032941697637514714
Rotation (pooled),1,3,0.8480753480753481,warning,0.00040715932846069336,0.002922772273731846,0.053312878266288104
Rotation (pooled),1,4,0.8546273546273546,warning,0.0002703666687011719,0.0033761521050419217,0.04984218357657191
Rotation (pooled),1,5,0.8390663390663391,warning,0.0008816123008728027,0.0028140682023089425,0.07828391143284828
Rotation (pooled),1,6,0.834971334971335,warning,0.0003892183303833008,0.0037234486966954894,0.06366753684895322
Rotation (pooled),1,7,0.8194103194103194,warning,0.00038546323776245117,0.004203579862707385,0.053301376984344145
Rotation (pooled),1,8,0.7997542997542998,warning,0.001041710376739502,0.003891000371693874,0.08588116008782244
Rotation (pooled),1,9,0.7657657657657657,warning,0.00011646747589111328,0.0031556890416819905,0.03242057850729323
Rotation (pooled),1,10,0.7661752661752662,warning,0.00036972761154174805,0.003782512099350322,0.04698310217863588
Rotation (pooled),1,11,0.7403767403767404,warning,0.00042688846588134766,0.004007363305438442,0.06527623648691958
Rotation (pooled),1,12,0.7231777231777232,warning,0.0005207061767578125,0.0035720528199410175,0.05656470671177139
Rotation (pooled),1,13,0.7027027027027027,critical,0.0010308027267456055,0.004896080077476594,0.08308689544064338
Rotation (pooled),1,14,0.6871416871416871,warning,9.59634780883789e-05,0.0031431685271752817,0.03537963427977756
Rotation (pooled),1,15,0.6674856674856675,warning,0.0005929470062255859,0.003935207423521929,0.07759392090419423
Rotation (pooled),1,16,0.64004914004914,warning,0.0008277297019958496,0.0034275606088213922,0.07724903430789708
Rotation (pooled),1,17,0.6130221130221131,critical,0.0005400776863098145,0.003430478047977707,0.06652572431603886
Rotation (pooled),1,18,0.5990990990990991,warning,0.00032329559326171875,0.003115642502075993,0.05751775092846045
Rotation (pooled),1,19,0.7303600654664485,warning,0.00018936395645141602,0.0033042296024739927,0.044075694368544485
Rotation (pooled),2,1,0.8394758394758395,ok,0.0002689361572265625,0.0036309310298190487,0.07846781513743317
Rotation (pooled),2,2,0.8452088452088452,ok,0.00031048059463500977,0.0029723278169299944,0.043331324205819456
Rotation (pooled),2,3,0.8484848484848485,ok,0.00029647350311279297,0.003272734833702044,0.07177449026487137
Rotation (pooled),2,4,0.8468468468468469,ok,0.000706017017364502,0.0024636466171285266,0.06973835773938432
Rotation (pooled),2,5,0.8648648648648649,ok,0.0004456043243408203,0.0032088710056674173,0.05802764712751255
Rotation (pooled),2,6,0.8276003276003276,ok,0.0004742145538330078,0.0036293382593029807,0.06797820588697386
Rotation (pooled),2,7,0.8112203112203112,ok,0.0002881288528442383,0.0036133109613159875,0.042699565879091385
Rotation (pooled),2,8,0.7981162981162981,ok,0.00040733814239501953,0.0035393309031613194,0.05632842980923226
Rotation (pooled),2,9,0.7674037674037674,warning,0.00017088651657104492,0.004673566270945317,0.058787221143637734
Rotation (pooled),2,10,0.76003276003276,warning,0.0005005598068237305,0.002823781896332955,0.06939851215611123
Rotation (pooled),2,11,0.7264537264537264,warning,0.00024300813674926758,0.0038700648216122083,0.04365519020982151
Rotation (pooled),2,12,0.7272727272727273,ok,0.0007026791572570801,0.003362001428805615,0.06816736038737645
Rotation (pooled),2,13,0.7051597051597052,warning,0.001076817512512207,0.0034441267857306885,0.07369428935302866
Rotation (pooled),2,14,0.6805896805896806,warning,0.0006780624389648438,0.0042957536442053725,0.06275150464522758
Rotation (pooled),2,15,0.6699426699426699,warning,0.00020813941955566406,0.0030054996847107395,0.04961598269211827
Rotation (pooled),2,16,0.6351351351351351,warning,0.0003807544708251953,0.0032544790415802026,0.053939934504156635
Rotation (pooled),2,17,0.585995085995086,warning,0.0001800060272216797,0.00378598830709724,0.046046101246380096
Rotation (pooled),2,18,0.5917280917280917,warning,0.0001398921012878418,0.0031202223562878852,0.03252814529331788
Rotation (pooled),2,19,0.7311783960720131,warning,0.00019401311874389648,0.0033278020488548476,0.07445700537713386
Rotation (pooled),3,1,0.8439803439803439,ok,0.00017517805099487305,0.0031597881373777426,0.043083447006029174
Rotation (pooled),3,2,0.852989352989353,ok,0.0011145472526550293,0.0028628519874950914,0.05981542288579727
Rotation (pooled),3,3,0.8394758394758395,ok,0.00025540590286254883,0.002927925596776124,0.040187255540177345
Rotation (pooled),3,4,0.8447993447993448,ok,0.00020253658294677734,0.002893390211664228,0.04399549802742365
Rotation (pooled),3,5,0.8493038493038493,warning,0.00025397539138793945,0.003781093180305134,0.03734043492320342
Rotation (pooled),3,6,0.8419328419328419,warning,0.000217437744140625,0.002565058786243706,0.03449735477266203
Rotation (pooled),3,7,0.8194103194103194,warning,0.0004069805145263672,0.0029335040792015186,0.03857147709222817
Rotation (pooled),3,8,0.7985257985257985,warning,0.0003771781921386719,0.0032653766366970262,0.06069404543225863
Rotation (pooled),3,9,0.7841932841932842,warning,0.00031495094299316406,0.0033669669008035957,0.036555433978476694
Rotation (pooled),3,10,0.7522522522522522,critical,0.00015109777450561523,0.004640918947014379,0.040797089232121525
Rotation (pooled),3,11,0.7354627354627354,warning,0.0008821487426757812,0.0027416635643141615,0.08610575694315645
Rotation (pooled),3,12,0.7178542178542179,warning,0.0001410841941833496,0.0029989897861860217,0.028301664402313312
Rotation (pooled),3,13,0.687960687960688,warning,0.00024199485778808594,0.0038531911943844093,0.02557560250711879
Rotation (pooled),3,14,0.6691236691236692,warning,0.0004355907440185547,0.0036719195780578334,0.050337193428756505
Rotation (pooled),3,15,0.6597051597051597,warning,0.0004935860633850098,0.003140855623451547,0.04937916563229442
Rotation (pooled),3,16,0.6265356265356266,warning,0.00022161006927490234,0.00346341802737946,0.029330131673067385
Rotation (pooled),3,17,0.6068796068796068,warning,0.0006446242332458496,0.0034131594934369083,0.06098124119560871
Rotation (pooled),3,18,0.5847665847665847,warning,4.5359134674072266e-05,0.0029176749422700444,0.03045300747980886
Rotation (pooled),3,19,0.7201309328968903,warning,0.0005115866661071777,0.0033129777492746904,0.06917233213384431
Rotation (pooled),4,1,0.8419328419328419,ok,0.0005003809928894043,0.003726499592076522,0.07244013910337993
Rotation (pooled),4,2,0.8390663390663391,ok,0.0001748800277709961,0.003006579384252927,0.03919254438486335
Rotation (pooled),4,3,0.8435708435708436,ok,0.00021028518676757812,0.0035596267696119993,0.04587044139956349
Rotation (pooled),4,4,0.857084357084357,ok,0.00015693902969360352,0.0024275808951806487,0.03856105421494156
Rotation (pooled),4,5,0.8411138411138411,ok,0.00014346837997436523,0.0028579067816462494,0.055509652631930535
Rotation (pooled),4,6,0.8308763308763308,ok,0.00024312734603881836,0.0027104404150641234,0.05129503165535707
Rotation (pooled),4,7,0.8153153153153153,warning,0.0003078579902648926,0.004535671451628035,0.04894156545785046
Rotation (pooled),4,8,0.812039312039312,warning,0.00045365095138549805,0.004459514498517841,0.06258635892762356
Rotation (pooled),4,9,0.7661752661752662,warning,0.00020498037338256836,0.003543789724387461,0.0694650591035121
Rotation (pooled),4,10,0.7514332514332515,warning,0.0004685521125793457,0.002677197137933729,0.06324324982178241
Rotation (pooled),4,11,0.7469287469287469,ok,9.149312973022461e-05,0.002825956401710776,0.037265726945604816
Rotation (pooled),4,12,0.7223587223587223,ok,0.00012677907943725586,0.0031635151304630644,0.05613500879502371
Rotation (pooled),4,13,0.7121212121212122,ok,0.00023096799850463867,0.0026323100094919087,0.03912423859006381
Rotation (pooled),4,14,0.678951678951679,ok,0.000249326229095459,0.0028349925894682725,0.04794472358245775
Rotation (pooled),4,15,0.6732186732186732,ok,0.00024121999740600586,0.003825981839267151,0.05791560809813894
Rotation (pooled),4,16,0.6564291564291564,ok,0.00024402141571044922,0.002718082781563356,0.047182458629600944
Rotation (pooled),4,17,0.6363636363636364,ok,0.00032639503479003906,0.003244586744011096,0.054990688507825874
Rotation (pooled),4,18,0.5933660933660934,warning,0.00019037723541259766,0.004498506612748657,0.04624552453933305
Rotation (pooled),4,19,0.7184942716857611,warning,0.0003127455711364746,0.002870984166169186,0.05115331669634218
Rotation (pooled),5,1,0.8370188370188371,ok,0.0004277229309082031,0.002618909362268486,0.0493508732393704
Rotation (pooled),5,2,0.8423423423423423,ok,0.0002932548522949219,0.003230943832208371,0.039224177758750214
Rotation (pooled),5,3,0.8452088452088452,ok,0.00044929981231689453,0.0032553599505868577,0.037872176572000114
Rotation (pooled),5,4,0.8558558558558559,ok,0.0003504157066345215,0.0025508180615576867,0.045317304551175816
Rotation (pooled),5,5,0.8591318591318591,ok,0.00024008750915527344,0.002736140399710452,0.0317997332427034
Rotation (pooled),5,6,0.8181818181818182,ok,0.00046139955520629883,0.003080316686764918,0.04592843869312784
Rotation (pooled),5,7,0.803030303030303,warning,0.0003281235694885254,0.0035797207105920624,0.04305672529254832
Rotation (pooled),5,8,0.7919737919737919,warning,0.00030237436294555664,0.003023376987343053,0.031285480676404936
Rotation (pooled),5,9,0.7805077805077805,warning,0.00045365095138549805,0.003502568073350246,0.05466625083487305
Rotation (pooled),5,10,0.7588042588042588,warning,0.0002776980400085449,0.003294571926103546,0.0358983898303875
Rotation (pooled),5,11,0.7428337428337428,warning,0.0001392364501953125,0.00258708446684025,0.030541989992179705
Rotation (pooled),5,12,0.7235872235872236,warning,0.0010669827461242676,0.0036885741221116645,0.08234126689209981
Rotation (pooled),5,13,0.7006552006552007,warning,0.0012111067771911621,0.0026779826689915633,0.09010756705087863
Rotation (pooled),5,14,0.6945126945126945,critical,0.0006965994834899902,0.0032641376541877832,0.049124459139575596
Rotation (pooled),5,15,0.6629811629811629,critical,0.0006914138793945312,0.002634323699329227,0.060642679617988034
Rotation (pooled),5,16,0.6285831285831286,warning,0.0002638697624206543,0.0030484686476406992,0.03434526131005321
Rotation (pooled),5,17,0.6052416052416052,warning,0.0005133152008056641,0.0034223184606758804,0.04079109579069196
Rotation (pooled),5,18,0.604013104013104,warning,0.0005154013633728027,0.0035047004701689883,0.04842227520394442
Rotation (pooled),5,19,0.7389525368248773,warning,0.00019884109497070312,0.0029110938527143887,0.041198597886869054
Rotation (pooled),6,1,0.8329238329238329,ok,0.0006669759750366211,0.003509384910810167,0.07821970491423706
Rotation (pooled),6,2,0.8476658476658476,ok,0.0005274415016174316,0.003281651201173702,0.06593736289503822
Rotation (pooled),6,3,0.8574938574938575,ok,0.00013083219528198242,0.002707235924395363,0.04426374227554807
Rotation (pooled),6,4,0.8480753480753481,ok,0.0008079409599304199,0.0028197930070261367,0.06856620375531894
Rotation (pooled),6,5,0.8468468468468469,ok,0.00014793872833251953,0.0028159669005241718,0.04341545853065231
Rotation (pooled),6,6,0.8325143325143325,ok,0.000347137451171875,0.003370242113358787,0.09332760907310583
Rotation (pooled),6,7,0.825962325962326,ok,0.0007906556129455566,0.0032056055719587324,0.0700179929742063
Rotation (pooled),6,8,0.7854217854217854,ok,0.0004328489303588867,0.003098182608443472,0.08053201275188933
Rotation (pooled),6,9,0.7751842751842751,ok,0.00012493133544921875,0.003016232333006371,0.043601042935013545
Rotation (pooled),6,10,0.7657657657657657,ok,0.0002510547637939453,0.0034809882365391858,0.04284919071507797
Rotation (pooled),6,11,0.7530712530712531,ok,0.0005024075508117676,0.003484609734847641,0.07550168613322386
Rotation (pooled),6,12,0.7317772317772318,ok,0.0006369948387145996,0.0032155433616058784,0.06449822575482396
Rotation (pooled),6,13,0.7072072072072072,ok,0.00015413761138916016,0.0036165933810922424,0.05870699912752902
Rotation (pooled),6,14,0.6928746928746928,ok,0.0002333521842956543,0.0029133155728486085,0.03268730275521805
Rotation (pooled),6,15,0.676085176085176,warning,0.0011895298957824707,0.0028507038523709043,0.0893377195743157
Rotation (pooled),6,16,0.6609336609336609,warning,0.0007268786430358887,0.003372834069955121,0.08549386797274326
Rotation (pooled),6,17,0.6367731367731367,warning,0.0003834962844848633,0.0033550969161236523,0.0614872972933265
Rotation (pooled),6,18,0.6191646191646192,warning,0.0014204978942871094,0.003690125704479145,0.08901693580563828
Rotation (pooled),6,19,0.7274959083469722,warning,0.0007973313331604004,0.003455615703098801,0.08099825884058781
Rotation (pooled),7,1,0.8341523341523341,ok,0.0010231733322143555,0.0036520500189750954,0.06783010218087296
Rotation (pooled),7,2,0.8439803439803439,ok,0.0003249049186706543,0.002958310245108598,0.04223377900339212
Rotation (pooled),7,3,0.8427518427518428,ok,0.0005246996879577637,0.0032250356637194477,0.0487710580702762
Rotation (pooled),7,4,0.8488943488943489,warning,0.0011409521102905273,0.002923870412983279,0.09239830450558327
Rotation (pooled),7,5,0.8542178542178542,warning,0.0005400776863098145,0.002686296783936091,0.0398828715150722
Rotation (pooled),7,6,0.8292383292383292,warning,0.0006797909736633301,0.003641838241216942,0.0560784365535224
Rotation (pooled),7,7,0.8063063063063063,ok,0.0009295344352722168,0.0033663572018023244,0.06195676342388158
Rotation (pooled),7,8,0.7977067977067978,ok,0.00035458803176879883,0.0034806537320835797,0.04870168590078391
Rotation (pooled),7,9,0.7858312858312858,ok,0.0005064606666564941,0.0035634812731676338,0.04631359240607578
Rotation (pooled),7,10,0.7465192465192465,warning,0.0009420514106750488,0.004567473302500056,0.05781685072378722
Rotation (pooled),7,11,0.7444717444717445,warning,0.0010800957679748535,0.0030778086304384736,0.055687476589619395
Rotation (pooled),7,12,0.7395577395577395,warning,0.000554502010345459,0.003602917298832227,0.06581270458769965
Rotation (pooled),7,13,0.7088452088452089,warning,0.0007745623588562012,0.0037595697944510075,0.062898875276896
Rotation (pooled),7,14,0.6781326781326781,warning,0.0020781755447387695,0.0037623052877912297,0.09630254733712865
Rotation (pooled),7,15,0.6654381654381655,warning,0.0004437565803527832,0.003256661809823926,0.04752174024828642
Rotation (pooled),7,16,0.6392301392301393,warning,0.0012153983116149902,0.0034797348991434333,0.05841016523239876
Rotation (pooled),7,17,0.6248976248976249,ok,0.0006312727928161621,0.0032124137624519097,0.06027159108249258
Rotation (pooled),7,18,0.6117936117936118,ok,0.00048154592514038086,0.003098042252690529,0.0450284579892915
Rotation (pooled),7,19,0.7377250409165302,ok,0.0003567934036254883,0.0034666532007336416,0.04645583548994748
Rotation (pooled),8,1,0.8513513513513513,ok,0.0005845427513122559,0.003337223584285012,0.04254801742145011
Rotation (pooled),8,2,0.8476658476658476,ok,0.0012240409851074219,0.0027082800984816946,0.07661759497156949
Rotation (pooled),8,3,0.8443898443898444,ok,0.0006290078163146973,0.004166438885402333,0.055923289283011726
Rotation (pooled),8,4,0.8456183456183456,ok,0.0012997984886169434,0.0030439905394684273,0.0820292470782971
Rotation (pooled),8,5,0.8546273546273546,ok,0.0008862614631652832,0.002869223198398525,0.058875963235629485
Rotation (pooled),8,6,0.8214578214578214,warning,0.0019500255584716797,0.0036318915047183938,0.11168105172884937
Rotation (pooled),8,7,0.8087633087633087,warning,0.0005115866661071777,0.0032652386811875974,0.0625334687888154
Rotation (pooled),8,8,0.7895167895167895,warning,0.000979006290435791,0.0035115372644916117,0.055773100978942794
Rotation (pooled),8,9,0.7772317772317773,ok,0.0007772445678710938,0.0031443498121666294,0.06956771759338828
Rotation (pooled),8,10,0.757985257985258,warning,0.0019660592079162598,0.002756574795694532,0.09004788827900474
Rotation (pooled),8,11,0.7358722358722358,warning,0.0014995932579040527,0.0027538766291514164,0.0825637065577432
Rotation (pooled),8,12,0.7231777231777232,warning,0.0006996393203735352,0.003725286656404799,0.06681806203670691
Rotation (pooled),8,13,0.6986076986076986,ok,0.0016010403633117676,0.003665458136702734,0.0800618549503187
Rotation (pooled),8,14,0.6748566748566749,ok,0.0008121132850646973,0.003448933363950288,0.06356029674312805
Rotation (pooled),8,15,0.6715806715806716,ok,0.0003815293312072754,0.0036647260028537243,0.041157116326308966
Rotation (pooled),8,16,0.6261261261261262,ok,0.0013358592987060547,0.003578152934329509,0.08450396064934713
Rotation (pooled),8,17,0.6007371007371007,ok,0.0011706352233886719,0.004171729454161159,0.06189595734628869
Rotation (pooled),8,18,0.5737100737100738,ok,0.0012368559837341309,0.003097960377202909,0.060430102468102896
Rotation (pooled),8,19,0.7393617021276596,ok,0.0006340146064758301,0.003681019090261653,0.057531326124403634
Rotation (pooled),9,1,0.8493038493038493,ok,0.0009541511535644531,0.002901373257999114,0.0874445262417674
Rotation (pooled),9,2,0.8472563472563472,ok,7.659196853637695e-05,0.002622690252865242,0.04432380367004647
Rotation (pooled),9,3,0.8431613431613432,ok,0.00010091066360473633,0.003195908011691238,0.0474415154003524
Rotation (pooled),9,4,0.866912366912367,ok,0.00010347366333007812,0.0029612974272469825,0.0532591690142946
Rotation (pooled),9,5,0.8538083538083538,ok,0.00010675191879272461,0.002651321265218641,0.03231019515431311
Rotation (pooled),9,6,0.8398853398853399,warning,0.0002142786979675293,0.00370526561394814,0.0456736359980192
Rotation (pooled),9,7,0.8177723177723177,warning,6.097555160522461e-05,0.003948605965005044,0.07122603482029034
Rotation (pooled),9,8,0.7964782964782965,warning,0.0003382563591003418,0.002993601155856735,0.055590435466672056
Rotation (pooled),9,9,0.7792792792792793,warning,0.0005955696105957031,0.0034736014997996155,0.061402795691406255
Rotation (pooled),9,10,0.7514332514332515,warning,0.00011616945266723633,0.0032034637301538993,0.0548361842833264
Rotation (pooled),9,11,0.7448812448812449,warning,0.00012248754501342773,0.0023572378344498763,0.04697635425994573
Rotation (pooled),9,12,0.7280917280917281,warning,4.190206527709961e-05,0.003543991056782371,0.0477231904591579
Rotation (pooled),9,13,0.7256347256347256,warning,0.0002726316452026367,0.003414941763331081,0.05253381075310629
Rotation (pooled),9,14,0.6781326781326781,warning,0.00031501054763793945,0.0027027691223964123,0.05199022920046919
Rotation (pooled),9,15,0.6662571662571662,ok,7.259845733642578e-05,0.0026840445770064955,0.04365950358465592
Rotation (pooled),9,16,0.633087633087633,ok,0.00014096498489379883,0.0029794608077093137,0.04425683119024888
Rotation (pooled),9,17,0.6081081081081081,warning,0.00027304887771606445,0.0033089259865842196,0.04451498233108366
Rotation (pooled),9,18,0.5954135954135954,warning,0.0002561211585998535,0.003002703779717246,0.04753594232279193
Rotation (pooled),9,19,0.733633387888707,warning,0.00035256147384643555,0.0031190167469178805,0.06281917595603469
Rotation (pooled),10,1,0.8394758394758395,ok,0.00029718875885009766,0.002582086551791098,0.04909597877685721
Rotation (pooled),10,2,0.8427518427518428,ok,0.0006884932518005371,0.003212317024865666,0.061418322699844666
Rotation (pooled),10,3,0.8394758394758395,ok,0.0005085468292236328,0.003404152433793688,0.06683817540007865
Rotation (pooled),10,4,0.85995085995086,ok,0.0005944371223449707,0.0028490817765325993,0.04971946819695313
Rotation (pooled),10,5,0.8615888615888616,ok,0.0003796815872192383,0.003336884289586873,0.05096197724006735
Rotation (pooled),10,6,0.834971334971335,ok,0.0007094740867614746,0.0033072930621557313,0.057491155785953076
Rotation (pooled),10,7,0.8202293202293203,ok,0.00023221969604492188,0.0027858452178166106,0.0332775261540772
Rotation (pooled),10,8,0.7956592956592956,ok,0.000370025634765625,0.0031878848655585972,0.05731142364277118
Rotation (pooled),10,9,0.7784602784602784,warning,0.000917971134185791,0.0029719352848020424,0.0589531219536156
Rotation (pooled),10,10,0.7575757575757576,warning,0.0003885626792907715,0.0033436544565339926,0.0459554948500109
Rotation (pooled),10,11,0.7334152334152334,warning,0.00040465593338012695,0.002851326891239044,0.03615635070289246
Rotation (pooled),10,12,0.733005733005733,ok,0.00030994415283203125,0.0033642561557796595,0.0556228521803812
Rotation (pooled),10,13,0.7100737100737101,ok,0.00018519163131713867,0.0025778644483439956,0.040603913202444955
Rotation (pooled),10,14,0.6736281736281736,ok,0.00046449899673461914,0.0031568722203274497,0.04592287286133622
Rotation (pooled),10,15,0.6666666666666666,ok,0.00020015239715576172,0.0034376542021898153,0.033186222572088614
Rotation (pooled),10,16,0.6228501228501229,warning,0.00029528141021728516,0.0037922949414435766,0.04265514900183257
Rotation (pooled),10,17,0.6171171171171171,warning,0.0002632737159729004,0.0029915434972243226,0.03873056779103771
Rotation (pooled),10,18,0.6122031122031122,warning,0.00017654895782470703,0.0026874830918265638,0.032056133798266384
Rotation (pooled),10,19,0.7397708674304418,ok,0.00041413307189941406,0.003150068466476401,0.04677549755270407
Rotation (pooled),11,1,0.8402948402948403,ok,0.0001965165138244629,0.002328459523720347,0.03775543333252436
Rotation (pooled),11,2,0.8447993447993448,ok,0.00035840272903442383,0.003009409028604835,0.050434290326370555
Rotation (pooled),11,3,0.8513513513513513,ok,9.423494338989258e-05,0.003643372183434253,0.030621228438426795
Rotation (pooled),11,4,0.8497133497133497,ok,0.00019061565399169922,0.003413392257002551,0.03801739105575678
Rotation (pooled),11,5,0.852989352989353,ok,0.00020945072174072266,0.002902524761651845,0.03923412024735317
Rotation (pooled),11,6,0.8357903357903358,warning,0.00030487775802612305,0.0023042984792285342,0.050026862011823124
Rotation (pooled),11,7,0.8165438165438166,warning,0.0003624558448791504,0.0033176886630400704,0.04804194720448997
Rotation (pooled),11,8,0.7948402948402948,warning,0.00031107664108276367,0.0026615740231895803,0.04002396863860244
Rotation (pooled),11,9,0.7678132678132679,warning,0.0007359981536865234,0.0029407070532800382,0.07385376160987243
Rotation (pooled),11,10,0.7469287469287469,warning,0.00036644935607910156,0.003124785376172456,0.05272550378387594
Rotation (pooled),11,11,0.7387387387387387,warning,5.358457565307617e-05,0.002569152289658008,0.03498997545021568
Rotation (pooled),11,12,0.7178542178542179,ok,0.00016736984252929688,0.003323994120530653,0.035174341526663926
Rotation (pooled),11,13,0.6924651924651924,warning,0.00032597780227661133,0.00337962596082614,0.054450562546699194
Rotation (pooled),11,14,0.6683046683046683,warning,0.0003037452697753906,0.002820722237906893,0.06562300204615172
Rotation (pooled),11,15,0.6576576576576577,warning,0.00027370452880859375,0.0028648998046924474,0.04849006430282928
Rotation (pooled),11,16,0.6314496314496314,warning,0.00016611814498901367,0.0033430283595627264,0.03676679348981163
Rotation (pooled),11,17,0.6072891072891073,ok,0.00014495849609375,0.0034247129267122077,0.027999018181655393
Rotation (pooled),11,18,0.5913185913185913,ok,9.107589721679688e-05,0.0029776083194419985,0.05651079644094376
Rotation (pooled),11,19,0.7295417348608838,ok,7.033348083496094e-05,0.0036038808766770754,0.025047701379710446
Rotation (pooled),12,1,0.8513513513513513,ok,0.00016313791275024414,0.0031694243869152482,0.04284354946001849
Rotation (pooled),12,2,0.8480753480753481,ok,0.00025516748428344727,0.004400101342464609,0.038753513701376086
Rotation (pooled),12,3,0.8435708435708436,ok,0.00010412931442260742,0.0032867792357884184,0.04139595736067903
Rotation (pooled),12,4,0.8521703521703522,warning,0.00041478872299194336,0.0037633203093055904,0.0573828236723856
Rotation (pooled),12,5,0.8517608517608518,warning,0.00014036893844604492,0.0031272926681374705,0.04521729530643659
Rotation (pooled),12,6,0.8157248157248157,warning,0.0004125237464904785,0.003932959382662086,0.04768800491926306
Rotation (pooled),12,7,0.8144963144963145,warning,0.0004456639289855957,0.0028508948717392334,0.05907919925136405
Rotation (pooled),12,8,0.7944307944307945,warning,0.0002123117446899414,0.0037545366950459446,0.04849431811196708
Rotation (pooled),12,9,0.7764127764127764,warning,0.0003313422203063965,0.0027848348731252916,0.05680234172727751
Rotation (pooled),12,10,0.7596232596232596,ok,9.900331497192383e-05,0.003348026682102874,0.039048956798272014
Rotation (pooled),12,11,0.7268632268632269,ok,0.00010704994201660156,0.0031561205396503133,0.053304320547031714
Rotation (pooled),12,12,0.723996723996724,ok,7.581710815429688e-05,0.0025927922611668755,0.03205161173093558
Rotation (pooled),12,13,0.7027027027027027,ok,0.00015413761138916016,0.002433497530839341,0.04173386927854405
Rotation (pooled),12,14,0.676085176085176,ok,0.0002289414405822754,0.004135961796462922,0.047897545296819326
Rotation (pooled),12,15,0.6707616707616708,ok,0.00010114908218383789,0.0025757680946379233,0.02346494333556786
Rotation (pooled),12,16,0.6269451269451269,ok,0.00021564960479736328,0.0025500250901170814,0.035870780120985116
Rotation (pooled),12,17,0.6277641277641277,ok,8.118152618408203e-05,0.00328616659717414,0.03656542069586811
Rotation (pooled),12,18,0.5978705978705978,ok,0.00042110681533813477,0.0036056549626582567,0.04696260155184804
Rotation (pooled),12,19,0.7242225859247136,ok,0.0001462697982788086,0.003588852748178224,0.03519587056090074
Rotation (pooled),13,1,0.8345618345618345,ok,0.00034940242767333984,0.004013505665610784,0.05580153312960475
Rotation (pooled),13,2,0.8435708435708436,ok,0.00021219253540039062,0.0028126836282730133,0.04392467194430747
Rotation (pooled),13,3,0.8472563472563472,ok,0.00026667118072509766,0.0031388893257437043,0.052114836283636036
Rotation (pooled),13,4,0.8497133497133497,warning,0.0008828639984130859,0.0028559842573268102,0.0821869185752708
Rotation (pooled),13,5,0.855036855036855,warning,0.0004717111587524414,0.003599420066471437,0.049978850007155025
Rotation (pooled),13,6,0.8304668304668305,warning,0.00033408403396606445,0.0037415956556617978,0.04510450488017233
Rotation (pooled),13,7,0.8116298116298116,ok,0.0001932382583618164,0.0024230385955365348,0.0407563260457815
Rotation (pooled),13,8,0.7968877968877969,ok,0.00036156177520751953,0.003662167258947117,0.05628416839419552
Rotation (pooled),13,9,0.7698607698607699,ok,0.0004004240036010742,0.0032076094559504043,0.05280457043352505
Rotation (pooled),13,10,0.7506142506142506,warning,0.0010759830474853516,0.003319440660913988,0.09429993437882282
Rotation (pooled),13,11,0.7227682227682227,warning,0.0012322068214416504,0.0035832289659626752,0.08105624929401502
Rotation (pooled),13,12,0.726044226044226,warning,0.0001131892204284668,0.002753882942747467,0.050250390385785576
Rotation (pooled),13,13,0.7014742014742015,warning,0.0004937052726745605,0.002720794896289183,0.04731871291211696
Rotation (pooled),13,14,0.6814086814086814,ok,0.0002614259719848633,0.0029791337281836333,0.06403738923998586
Rotation (pooled),13,15,0.6564291564291564,ok,0.00028145313262939453,0.003013741294394268,0.05974412674120919
Rotation (pooled),13,16,0.6285831285831286,ok,0.00010776519775390625,0.002731585515035856,0.03902196886805845
Rotation (pooled),13,17,0.595004095004095,ok,0.00021266937255859375,0.003587733979955577,0.05460910608007647
Rotation (pooled),13,18,0.5827190827190827,warning,0.0004360675811767578,0.0028757829184594503,0.0830660649050137
Rotation (pooled),13,19,0.7377250409165302,warning,0.00028824806213378906,0.0034618562699268414,0.05206253353091111
Rotation (pooled),14,1,0.8505323505323505,ok,0.00047266483306884766,0.003551777984964228,0.044629114189815515
Rotation (pooled),14,2,0.8501228501228502,ok,0.0002849698066711426,0.0029181295035346647,0.03961583617579103
Rotation (pooled),14,3,0.8366093366093366,ok,0.0003339052200317383,0.0025479040639177124,0.054936414899177305
Rotation (pooled),14,4,0.8546273546273546,ok,0.00017511844635009766,0.002775693282781191,0.039016420827884105
Rotation (pooled),14,5,0.8402948402948403,ok,0.00010788440704345703,0.002936139363235284,0.028222360186563954
Rotation (pooled),14,6,0.8247338247338247,ok,7.456541061401367e-05,0.0028480378192668404,0.042504282390590474
Rotation (pooled),14,7,0.8353808353808354,ok,0.00020635128021240234,0.002554373141805391,0.04680354986487591
Rotation (pooled),14,8,0.7932022932022932,ok,0.0003083944320678711,0.002272519170684442,0.04786043467422644
Rotation (pooled),14,9,0.7768222768222768,ok,0.00020927190780639648,0.003192319361755646,0.0429996826394712
Rotation (pooled),14,10,0.7465192465192465,ok,0.00044232606887817383,0.002916266690082621,0.05864882998931318
Rotation (pooled),14,11,0.7407862407862408,ok,0.00037157535552978516,0.0031226908652447188,0.03849593363751161
Rotation (pooled),14,12,0.7178542178542179,ok,0.000453948974609375,0.003096318143764172,0.04609341401931753
Rotation (pooled),14,13,0.7076167076167076,warning,0.0006123781204223633,0.003354317008357587,0.05202114150076089
Rotation (pooled),14,14,0.6908271908271908,warning,0.000310361385345459,0.002931296250285583,0.04300612318503995
Rotation (pooled),14,15,0.6695331695331695,warning,0.0003552436828613281,0.002457049661462962,0.044502027793444435
Rotation (pooled),14,16,0.6478296478296478,ok,0.0002701282501220703,0.002762354566610407,0.04105777824034396
Rotation (pooled),14,17,0.6068796068796068,ok,0.00016933679580688477,0.002626457018478773,0.03265320347205574
Rotation (pooled),14,18,0.5896805896805897,ok,0.00037491321563720703,0.002501576305059926,0.05891887267928656
Rotation (pooled),14,19,0.7258592471358429,ok,0.00011110305786132812,0.002356259269978869,0.028200015781545882
Rotation (pooled),15,1,0.8603603603603603,ok,0.00016230344772338867,0.003299332428808946,0.053372881955685125
Rotation (pooled),15,2,0.8427518427518428,ok,0.00017827749252319336,0.0023486188618125348,0.03506492522227089
Rotation (pooled),15,3,0.8345618345618345,ok,0.00018042325973510742,0.003409307195632796,0.034993747680964485
Rotation (pooled),15,4,0.8558558558558559,warning,0.0005410313606262207,0.0023740936485943664,0.06065317183232622
Rotation (pooled),15,5,0.8546273546273546,warning,0.0002486705780029297,0.002666642895900801,0.03500613132697635
Rotation (pooled),15,6,0.8370188370188371,warning,0.00010603666305541992,0.0032559355363630657,0.02956677724718698
Rotation (pooled),15,7,0.8149058149058149,ok,0.0003342628479003906,0.0023705238450305657,0.03766901867056493
Rotation (pooled),15,8,0.7866502866502867,warning,0.0005481839179992676,0.0029508116296982296,0.05195820329437758
Rotation (pooled),15,9,0.7805077805077805,warning,0.0002390742301940918,0.004284946840554441,0.04315686190461193
Rotation (pooled),15,10,0.7542997542997543,warning,0.0004519224166870117,0.0032140993763287396,0.05682435253426049
Rotation (pooled),15,11,0.7485667485667485,warning,0.00026232004165649414,0.002805260960522263,0.04498745261970488
Rotation (pooled),15,12,0.7276822276822277,ok,0.0002563595771789551,0.003574205065639582,0.03200741472563135
Rotation (pooled),15,13,0.7244062244062244,ok,0.00015026330947875977,0.002571830623975372,0.033936017366367116
Rotation (pooled),15,14,0.6920556920556921,ok,0.0004451274871826172,0.002581872500324895,0.03697005892134317
Rotation (pooled),15,15,0.6801801801801802,ok,0.00020360946655273438,0.0024063870047603114,0.041696580094845975
Rotation (pooled),15,16,0.6531531531531531,ok,0.0003648996353149414,0.0028945009182743692,0.049523493987982926
Rotation (pooled),15,17,0.6420966420966421,ok,0.00033402442932128906,0.0028154294879273907,0.04576330447995116
Rotation (pooled),15,18,0.6228501228501229,warning,0.0001919865608215332,0.004109408955938814,0.0277948808962808
Rotation (pooled),15,19,0.7107201309328969,warning,0.000186920166015625,0.002758903689017979,0.06011372847133896
Rotation (pooled),16,1,0.855036855036855,ok,0.0003935694694519043,0.002865800357903801,0.04214254824140409
Rotation (pooled),16,2,0.8439803439803439,ok,0.00012040138244628906,0.002330690322193256,0.03307407376158869
Rotation (pooled),16,3,0.8447993447993448,ok,0.00020831823348999023,0.002900719604980238,0.06479336607367575
Rotation (pooled),16,4,0.8542178542178542,warning,0.00010883808135986328,0.004009373901849746,0.04431174972002015
Rotation (pooled),16,5,0.8439803439803439,warning,0.0009669065475463867,0.0029181329320165923,0.057219195701269605
Rotation (pooled),16,6,0.8390663390663391,warning,0.00024259090423583984,0.002818455184633137,0.0500238175776308
Rotation (pooled),16,7,0.8128583128583129,warning,0.00010836124420166016,0.0027427441141275274,0.047947573523831555
Rotation (pooled),16,8,0.8075348075348076,warning,0.0008133053779602051,0.0023547470944324887,0.07079071696789711
Rotation (pooled),16,9,0.7764127764127764,warning,0.00010538101196289062,0.0022603642308843498,0.0402797991492013
Rotation (pooled),16,10,0.7645372645372646,warning,0.00019294023513793945,0.004013647156733265,0.0487093514088902
Rotation (pooled),16,11,0.7362817362817363,ok,9.816884994506836e-05,0.002732689480956847,0.035579098295067633
Rotation (pooled),16,12,0.7276822276822277,ok,0.0002467632293701172,0.0025546794049193756,0.03214929374522182
Rotation (pooled),16,13,0.6961506961506961,ok,3.808736801147461e-05,0.0027102678406362313,0.04269481910736645
Rotation (pooled),16,14,0.6908271908271908,ok,0.00010067224502563477,0.003304017098697108,0.03988176938149691
Rotation (pooled),16,15,0.6785421785421786,ok,0.00022286176681518555,0.0030794807332125587,0.045823625884995944
Rotation (pooled),16,16,0.6388206388206388,ok,0.00026297569274902344,0.002622563236711291,0.037993904694390054
Rotation (pooled),16,17,0.6109746109746109,ok,0.00014358758926391602,0.003658079913592022,0.05212125256520305
Rotation (pooled),16,18,0.5847665847665847,ok,0.0003291964530944824,0.0027144403461317776,0.04411204680300597
Rotation (pooled),16,19,0.7291325695581015,warning,0.00041991472244262695,0.00292298769945264,0.05068492762088861
Rotation (pooled),17,1,0.8456183456183456,ok,0.00022369623184204102,0.003588871351351083,0.034595651393809664
Rotation (pooled),17,2,0.8595413595413596,ok,0.00046813488006591797,0.0027653459258454322,0.06018309445897646
Rotation (pooled),17,3,0.834971334971335,ok,0.0005048513412475586,0.0030444069184692186,0.055676775600800844
Rotation (pooled),17,4,0.8501228501228502,ok,0.000431060791015625,0.0032155285653008934,0.04712510283465847
Rotation (pooled),17,5,0.8402948402948403,ok,0.00016075372695922852,0.0032225788014259744,0.049761130658045466
Rotation (pooled),17,6,0.8198198198198198,ok,0.00012606382369995117,0.0028166998658821943,0.037055368691585176
Rotation (pooled),17,7,0.8124488124488124,warning,0.00018602609634399414,0.0042107655881239645,0.04040242465679042
Rotation (pooled),17,8,0.7915642915642915,warning,0.00030225515365600586,0.003108632816006327,0.044917728608500136
Rotation (pooled),17,9,0.7813267813267813,warning,0.0003527998924255371,0.003356516474691631,0.046869719490816204
Rotation (pooled),17,10,0.7714987714987716,ok,0.00020164251327514648,0.003090229517517017,0.03615071730415696
Rotation (pooled),17,11,0.7305487305487306,ok,0.0006123185157775879,0.0029158414890292205,0.0658731500349861
Rotation (pooled),17,12,0.721949221949222,ok,0.00011849403381347656,0.0029275912905461724,0.032048168768398826
Rotation (pooled),17,13,0.7096642096642096,warning,0.0006969571113586426,0.0027896838750581052,0.06681298108178017
Rotation (pooled),17,14,0.6895986895986896,warning,0.0003809928894042969,0.003297176335833936,0.04602059768779798
Rotation (pooled),17,15,0.6625716625716626,warning,0.00029277801513671875,0.003221181282528997,0.04714166150433312
Rotation (pooled),17,16,0.6576576576576577,ok,0.00043761730194091797,0.0032934986351845375,0.044154366542824314
Rotation (pooled),17,17,0.6248976248976249,ok,0.00022137165069580078,0.0034962175278145675,0.040144800621158966
Rotation (pooled),17,18,0.5814905814905815,ok,8.845329284667969e-05,0.0034744032278394878,0.03328685022823443
Rotation (pooled),17,19,0.7160392798690671,ok,0.00026482343673706055,0.0028925931943177526,0.031484794498947116
Rotation (pooled),18,1,0.8648648648648649,ok,0.00018709897994995117,0.002538175527384049,0.042472600787961945
Rotation (pooled),18,2,0.8488943488943489,ok,0.0003370046615600586,0.0033519280694512877,0.06654107345483226
Rotation (pooled),18,3,0.8480753480753481,ok,0.00013059377670288086,0.0032817179642589183,0.05821604677027873
Rotation (pooled),18,4,0.8538083538083538,ok,0.0005442500114440918,0.003153217471674282,0.05796326977628136
Rotation (pooled),18,5,0.855036855036855,ok,0.00015407800674438477,0.0032320539403286495,0.0491922204111225
Rotation (pooled),18,6,0.8345618345618345,ok,0.0003668069839477539,0.003473626800188462,0.050400136459915715
Rotation (pooled),18,7,0.8173628173628174,ok,0.0004132986068725586,0.0033583736063399153,0.05228371237977472
Rotation (pooled),18,8,0.7919737919737919,ok,0.00010448694229125977,0.003626962650260957,0.056427259341490225
Rotation (pooled),18,9,0.7870597870597871,ok,0.0001360774040222168,0.002902633503204315,0.03768207656370621
Rotation (pooled),18,10,0.7510237510237511,ok,0.0005179643630981445,0.003461052003647541,0.047228790838618424
Rotation (pooled),18,11,0.7436527436527437,ok,0.0004456043243408203,0.0032965178307278803,0.06194791701957167
Rotation (pooled),18,12,0.7158067158067158,ok,0.0002707839012145996,0.0035185717999212827,0.05577647304618279
Rotation (pooled),18,13,0.6981981981981982,ok,0.0002434849739074707,0.002889601492930961,0.04708194163880395
Rotation (pooled),18,14,0.6711711711711712,ok,0.00040668249130249023,0.002811010698382718,0.06114984343247338
Rotation (pooled),18,15,0.6658476658476659,ok,7.593631744384766e-05,0.003201321020961953,0.0362647803775649
Rotation (pooled),18,16,0.6302211302211302,ok,0.00012433528900146484,0.002801536246755872,0.04150901830859672
Rotation (pooled),18,17,0.61998361998362,ok,0.0002231001853942871,0.0034335822274089243,0.03858166946817869
Rotation (pooled),18,18,0.5945945945945946,ok,0.00025337934494018555,0.0026909718702913038,0.044401799924669735
Rotation (pooled),18,19,0.723404255319149,ok,0.00031250715255737305,0.003730433637088432,0.05252906019424274
Rotation (pooled),19,1,0.8480753480753481,ok,0.00023740530014038086,0.0028743472860043124,0.033300749534495244
Rotation (pooled),19,2,0.8587223587223587,ok,0.0005998015403747559,0.0032912829934254985,0.07368497290950952
Rotation (pooled),19,3,0.8415233415233415,ok,0.00011175870895385742,0.002744593932529887,0.029643640336222073
Rotation (pooled),19,4,0.8456183456183456,ok,0.0002543330192565918,0.0033833425401612535,0.03693837877118876
Rotation (pooled),19,5,0.8443898443898444,ok,0.00033205747604370117,0.003165605290642329,0.03443677418496856
Rotation (pooled),19,6,0.8243243243243243,ok,8.058547973632812e-05,0.0029235082500951868,0.03990496743232213
Rotation (pooled),19,7,0.8112203112203112,ok,0.00024086236953735352,0.003281149484272599,0.047739066568471766
Rotation (pooled),19,8,0.7993447993447993,ok,0.00015527009963989258,0.002853401899295427,0.027564919548882218
Rotation (pooled),19,9,0.776003276003276,ok,0.00012087821960449219,0.002865663560677711,0.03580855406186687
Rotation (pooled),19,10,0.7452907452907452,warning,0.00023543834686279297,0.0035310154809174363,0.03795760496516452
Rotation (pooled),19,11,0.7321867321867321,warning,0.00010150671005249023,0.0033863319635548707,0.03014838592401781
Rotation (pooled),19,12,0.7178542178542179,warning,0.00017195940017700195,0.003665137517121851,0.03507303235703721
Rotation (pooled),19,13,0.7051597051597052,warning,0.0007461905479431152,0.0031690099092362934,0.0702088367881536
Rotation (pooled),19,14,0.7010647010647011,warning,0.0001646876335144043,0.002994138941830404,0.03673039244969934
Rotation (pooled),19,15,0.6662571662571662,warning,0.0006375312805175781,0.00288128595987867,0.06968882142893747
Rotation (pooled),19,16,0.6478296478296478,warning,0.000888824462890625,0.002604302159887147,0.0938907325108853
Rotation (pooled),19,17,0.601965601965602,warning,0.0002028346061706543,0.002382488478940849,0.03561913002053365
Rotation (pooled),19,18,0.5954135954135954,warning,0.0006680488586425781,0.0037562342542585263,0.05468099496276243
Rotation (pooled),19,19,0.7205400981996727,warning,0.00022929906845092773,0.002644054206879515,0.048119243742686356
Rotation (pooled),20,1,0.8427518427518428,ok,0.00025719404220581055,0.002489743807402569,0.060060336450564904
Rotation (pooled),20,2,0.8505323505323505,ok,0.0002276897430419922,0.0033389741290565677,0.03183310331323282
Rotation (pooled),20,3,0.8292383292383292,ok,0.00023406744003295898,0.003871715172186901,0.052606933181007065
Rotation (pooled),20,4,0.8587223587223587,ok,9.107589721679688e-05,0.0030762320170999043,0.03957069649633376
Rotation (pooled),20,5,0.8456183456183456,ok,0.00011527538299560547,0.003451469409344435,0.043298576622103055
Rotation (pooled),20,6,0.8431613431613432,ok,0.00016391277313232422,0.0031749416818368627,0.02942376567339139
Rotation (pooled),20,7,0.8034398034398035,ok,9.47713851928711e-05,0.0032411956845460393,0.031875913592464375
Rotation (pooled),20,8,0.7944307944307945,ok,0.00012665987014770508,0.0020252489085261,0.04016792444080521
Rotation (pooled),20,9,0.7702702702702703,warning,0.0009581446647644043,0.003269280148706608,0.09352282932627697
Rotation (pooled),20,10,0.7514332514332515,warning,0.0003018975257873535,0.003327200325653326,0.04123441632120074
Rotation (pooled),20,11,0.7391482391482391,warning,0.00031679868698120117,0.004625511311559584,0.04687873264934857
Rotation (pooled),20,12,0.714987714987715,warning,0.00012701749801635742,0.0035596508736510856,0.038019040158593614
Rotation (pooled),20,13,0.6904176904176904,warning,8.207559585571289e-05,0.0032910234910236676,0.03304129420916179
Rotation (pooled),20,14,0.6785421785421786,ok,0.0001061558723449707,0.0026764169113216315,0.0441010889065597
Rotation (pooled),20,15,0.6535626535626535,ok,0.00023752450942993164,0.0033321027366004802,0.03275105702082675
Rotation (pooled),20,16,0.6216216216216216,ok,0.00026929378509521484,0.0031697502973331163,0.04028533503688173
Rotation (pooled),20,17,0.5921375921375921,warning,0.0004181861877441406,0.003103615476481443,0.038077111324425254
Rotation (pooled),20,18,0.5712530712530712,warning,0.0004933476448059082,0.00319026302309931,0.06341040795585054
Rotation (pooled),20,19,0.7013093289689034,warning,0.0001685023307800293,0.0029899507942145916,0.033552049260750755
Rotation (pooled),21,1,0.8497133497133497,ok,0.0002467632293701172,0.0031467624736273942,0.029031083938141005
Rotation (pooled),21,2,0.8505323505323505,ok,0.00021839141845703125,0.002859274442745135,0.0434030766151084
Rotation (pooled),21,3,0.8431613431613432,ok,0.00027489662170410156,0.002960504932493944,0.03784698522916907
Rotation (pooled),21,4,0.8505323505323505,warning,0.00042045116424560547,0.003889153976273983,0.04310499859690043
Rotation (pooled),21,5,0.8562653562653563,warning,0.0003859400749206543,0.0028614604856047905,0.0457091270387249
Rotation (pooled),21,6,0.8304668304668305,warning,0.0005384683609008789,0.0028090793994518725,0.04890157900202212
Rotation (pooled),21,7,0.8149058149058149,warning,0.00017714500427246094,0.004354350143335405,0.027225133417631678
Rotation (pooled),21,8,0.8067158067158067,warning,0.0003770589828491211,0.002667324270379308,0.053928127949107764
Rotation (pooled),21,9,0.766994266994267,warning,0.0012400150299072266,0.00315971252905772,0.06975431720012587
Rotation (pooled),21,10,0.7489762489762489,warning,0.0001609325408935547,0.0038020134113446007,0.0358633294219349
Rotation (pooled),21,11,0.7387387387387387,warning,0.00022780895233154297,0.003735471582037712,0.033399941335765175
Rotation (pooled),21,12,0.7133497133497133,ok,0.0002555251121520996,0.0034411368047133177,0.03853158751196759
Rotation (pooled),21,13,0.7059787059787059,warning,0.0005519986152648926,0.003201313539034409,0.05407677098851663
Rotation (pooled),21,14,0.6895986895986896,warning,0.00013333559036254883,0.0027031667840480287,0.036693702981414764
Rotation (pooled),21,15,0.6609336609336609,warning,0.0002110600471496582,0.003845281159794365,0.047442902114119716
Rotation (pooled),21,16,0.638001638001638,ok,0.0003587007522583008,0.0024706648752969435,0.04253853188169663
Rotation (pooled),21,17,0.6027846027846028,ok,8.207559585571289e-05,0.002640424993680634,0.03350461917089083
Rotation (pooled),21,18,0.5900900900900901,ok,0.0001894235610961914,0.0026678258982205786,0.032529954742635966
Rotation (pooled),21,19,0.7148117839607201,ok,0.00017386674880981445,0.003044340265300047,0.04028161773704669
Rotation (pooled),22,1,0.8579033579033579,ok,0.0002250075340270996,0.0030709084832811536,0.05130767855235665
Rotation (pooled),22,2,0.8751023751023751,ok,0.00027179718017578125,0.0030963637552410407,0.04204723390985706
Rotation (pooled),22,3,0.8542178542178542,ok,4.5359134674072266e-05,0.0030137897560454123,0.04111484092016961
Rotation (pooled),22,4,0.8685503685503686,ok,0.00041419267654418945,0.0028170771944966916,0.03695111353663318
Rotation (pooled),22,5,0.8538083538083538,ok,5.537271499633789e-05,0.0032691699468947273,0.049367020001626745
Rotation (pooled),22,6,0.8304668304668305,warning,0.00011420249938964844,0.0036812461297653903,0.04193055088708846
Rotation (pooled),22,7,0.8034398034398035,warning,0.0005752444267272949,0.004071263054334968,0.06962566116914749
Rotation (pooled),22,8,0.7948402948402948,critical,0.0003472566604614258,0.0034964254923960346,0.05835361790372881
Rotation (pooled),22,9,0.7792792792792793,warning,0.00010848045349121094,0.0031778517732082012,0.03501643324621709
Rotation (pooled),22,10,0.773955773955774,warning,0.00017631053924560547,0.004177691832481907,0.04527517742256922
Rotation (pooled),22,11,0.73996723996724,warning,0.00011968612670898438,0.003085068377113101,0.044344849915973636
Rotation (pooled),22,12,0.7325962325962326,warning,0.0001538395881652832,0.002858818292393298,0.039742421751403696
Rotation (pooled),22,13,0.717035217035217,ok,0.00011867284774780273,0.0028055001363122478,0.04713125077142425
Rotation (pooled),22,14,0.6945126945126945,warning,0.00011432170867919922,0.0034677588390060196,0.054287090734140085
Rotation (pooled),22,15,0.6805896805896806,warning,0.0003699660301208496,0.0037869417210611685,0.04986810541753842
Rotation (pooled),22,16,0.6392301392301393,warning,8.702278137207031e-05,0.002664082865304704,0.05057542016928029
Rotation (pooled),22,17,0.6171171171171171,warning,0.0005267858505249023,0.004056197696347125,0.07524505286896258
Rotation (pooled),22,18,0.5843570843570843,warning,7.075071334838867e-05,0.0034129936926592256,0.03507419908347743
Rotation (pooled),22,19,0.7099018003273322,warning,0.00023168325424194336,0.003314513354870831,0.03842474255277524
Rotation (pooled),23,1,0.8419328419328419,ok,0.00047069787979125977,0.0028586617671396038,0.05909040218171861
Rotation (pooled),23,2,0.8484848484848485,ok,0.00037425756454467773,0.003214179952146917,0.054024559554753
Rotation (pooled),23,3,0.8411138411138411,ok,0.0003924369812011719,0.003461315538071403,0.051669646431306594
Rotation (pooled),23,4,0.8579033579033579,warning,8.815526962280273e-05,0.005148221070673421,0.03253766160566447
Rotation (pooled),23,5,0.8546273546273546,warning,0.0002135634422302246,0.002777290956190883,0.04607221651633785
Rotation (pooled),23,6,0.8267813267813268,warning,0.00032585859298706055,0.002578575426673076,0.05165162524109266
Rotation (pooled),23,7,0.819000819000819,ok,0.00038307905197143555,0.0032665499097845286,0.04054091910973551
Rotation (pooled),23,8,0.7940212940212941,ok,0.00031369924545288086,0.0032836478709839805,0.042481109839035046
Rotation (pooled),23,9,0.7792792792792793,ok,0.0003523826599121094,0.003021592137980666,0.03449253638005719
Rotation (pooled),23,10,0.766994266994267,ok,7.396936416625977e-05,0.0032680531037278513,0.026164261933370736
Rotation (pooled),23,11,0.742014742014742,ok,0.00027495622634887695,0.0031635319376891024,0.03942234286265013
Rotation (pooled),23,12,0.7317772317772318,ok,0.0001494884490966797,0.003381198933468903,0.03997089472701774
Rotation (pooled),23,13,0.6936936936936937,ok,0.00027436017990112305,0.0038800965927955453,0.027319392484855307
Rotation (pooled),23,14,0.6818181818181818,ok,0.00013786554336547852,0.0032892772794011317,0.032305297148024936
Rotation (pooled),23,15,0.6752661752661753,ok,8.463859558105469e-05,0.003100063773443717,0.03936208060097456
Rotation (pooled),23,16,0.6384111384111384,ok,0.00020778179168701172,0.00315890700878262,0.02879755400938741
Rotation (pooled),23,17,0.6081081081081081,ok,5.841255187988281e-05,0.0033282675990494327,0.027341838173786964
Rotation (pooled),23,18,0.6060606060606061,ok,0.00019317865371704102,0.002454817605256271,0.040899360064327206
Rotation (pooled),23,19,0.7180851063829787,ok,0.00022989511489868164,0.0026561138786479273,0.036617803292613826
Rotation (pooled),24,1,0.8587223587223587,ok,0.000989377498626709,0.004126659883092432,0.07222263366106005
Rotation (pooled),24,2,0.8628173628173628,ok,0.0016205310821533203,0.003362456525437447,0.07840832443808701
Rotation (pooled),24,3,0.8480753480753481,ok,0.0009707212448120117,0.0031518224772017454,0.059681808592768414
Rotation (pooled),24,4,0.852989352989353,ok,0.0002828836441040039,0.0029692414060147896,0.03250379288106864
Rotation (pooled),24,5,0.8411138411138411,ok,5.632638931274414e-05,0.003447810144663324,0.04675855784703947
Rotation (pooled),24,6,0.8271908271908271,ok,0.0002713799476623535,0.0026121296625337756,0.04967835024364383
Rotation (pooled),24,7,0.8079443079443079,ok,0.00024169683456420898,0.0028798231704516954,0.03087682129277144
Rotation (pooled),24,8,0.7862407862407862,ok,0.00022751092910766602,0.00308245153910678,0.03296970592417906
Rotation (pooled),24,9,0.7891072891072891,ok,0.0005438923835754395,0.002990428498797752,0.04239288834362231
Rotation (pooled),24,10,0.7714987714987716,ok,0.0006027817726135254,0.003609211755155899,0.06220331620867383
Rotation (pooled),24,11,0.757985257985258,warning,0.0019753575325012207,0.002872132696810059,0.10445932163128487
Rotation (pooled),24,12,0.7215397215397216,warning,0.00024700164794921875,0.003037330804933243,0.03201150720257138
Rotation (pooled),24,13,0.717035217035217,warning,0.00012409687042236328,0.0037984622118932103,0.02951361191129393
Rotation (pooled),24,14,0.6961506961506961,ok,0.00046455860137939453,0.002861585975327015,0.03524474565467563
Rotation (pooled),24,15,0.6805896805896806,ok,0.0002455711364746094,0.003318368666252153,0.03291524589506232
Rotation (pooled),24,16,0.6658476658476659,ok,0.00037223100662231445,0.002602540632531525,0.04328871335312548
Rotation (pooled),24,17,0.642915642915643,ok,0.0006090998649597168,0.002936832715064828,0.05101150680977139
Rotation (pooled),24,18,0.5982800982800983,ok,0.0006361603736877441,0.0037972370715644074,0.04616396776861977
Rotation (pooled),24,19,0.7381342062193126,warning,0.0007213354110717773,0.004089825600229689,0.04334195646050015
Rotation (class-cond),0,1,0.8542178542178542,ok,0.00028061866760253906,0.003353786015943474,0.05203429118176988
Rotation (class-cond),0,2,0.8513513513513513,ok,0.0003293156623840332,0.003622845253423178,0.046084095450658495
Rotation (class-cond),0,3,0.8484848484848485,warning,0.0006455779075622559,0.003992918740341967,0.04854679154443095
Rotation (class-cond),0,4,0.8632268632268633,warning,0.00031256675720214844,0.0024977323520898346,0.05308741940551598
Rotation (class-cond),0,5,0.8513513513513513,warning,0.0003091096878051758,0.003032725120841185,0.03209729385418747
Rotation (class-cond),0,6,0.8407043407043407,warning,0.00023895502090454102,0.004149340215623427,0.07499299284940175
Rotation (class-cond),0,7,0.8206388206388207,warning,0.0008966922760009766,0.0030939606206524016,0.055609112766679646
Rotation (class-cond),0,8,0.8013923013923014,warning,0.00018662214279174805,0.0027373662510678056,0.024644737343176477
Rotation (class-cond),0,9,0.7723177723177723,warning,0.0008597373962402344,0.0037045117359412382,0.08604365053983669
Rotation (class-cond),0,10,0.7575757575757576,warning,0.000422060489654541,0.002955960121485098,0.04685641152193904
Rotation (class-cond),0,11,0.7448812448812449,warning,0.0005101561546325684,0.0036247027665111914,0.04705843361405702
Rotation (class-cond),0,12,0.730958230958231,warning,0.0004673004150390625,0.003307777268771414,0.05129097085933091
Rotation (class-cond),0,13,0.6932841932841933,warning,0.0003229379653930664,0.002809476420568797,0.03173673621708587
Rotation (class-cond),0,14,0.6826371826371826,warning,0.00020968914031982422,0.0034593357544470686,0.02821156648514561
Rotation (class-cond),0,15,0.6678951678951679,warning,0.00027817487716674805,0.003472176005665169,0.04070025300515792
Rotation (class-cond),0,16,0.6302211302211302,warning,0.0008602738380432129,0.0041401922317887835,0.06294708996109227
Rotation (class-cond),0,17,0.6101556101556102,warning,0.00013339519500732422,0.0035911670514765896,0.035183546576678236
Rotation (class-cond),0,18,0.5937755937755937,warning,0.0007874965667724609,0.0032884384718913614,0.059770027487226055
Rotation (class-cond),0,19,0.7438625204582652,warning,0.0013862848281860352,0.0041706968675449384,0.07865215176280879
Rotation (class-cond),1,1,0.8583128583128583,ok,0.00022846460342407227,0.003176264971505931,0.057170404159941776
Rotation (class-cond),1,2,0.8505323505323505,ok,0.00024271011352539062,0.0043366320934400335,0.032941697637514714
Rotation (class-cond),1,3,0.8480753480753481,warning,0.00040715932846069336,0.002922772273731846,0.053312878266288104
Rotation (class-cond),1,4,0.8546273546273546,warning,0.0002703666687011719,0.0033761521050419217,0.04984218357657191
Rotation (class-cond),1,5,0.8390663390663391,warning,0.0008816123008728027,0.0028140682023089425,0.07828391143284828
Rotation (class-cond),1,6,0.834971334971335,warning,0.0003892183303833008,0.0037234486966954894,0.06366753684895322
Rotation (class-cond),1,7,0.8194103194103194,warning,0.00038546323776245117,0.004203579862707385,0.053301376984344145
Rotation (class-cond),1,8,0.7997542997542998,warning,0.001041710376739502,0.003891000371693874,0.08588116008782244
Rotation (class-cond),1,9,0.7657657657657657,warning,0.00011646747589111328,0.0031556890416819905,0.03242057850729323
Rotation (class-cond),1,10,0.7661752661752662,warning,0.00036972761154174805,0.003782512099350322,0.04698310217863588
Rotation (class-cond),1,11,0.7403767403767404,warning,0.00042688846588134766,0.004007363305438442,0.06527623648691958
Rotation (class-cond),1,12,0.7231777231777232,warning,0.0005207061767578125,0.0035720528199410175,0.05656470671177139
Rotation (class-cond),1,13,0.7027027027027027,critical,0.0010308027267456055,0.004896080077476594,0.08308689544064338
Rotation (class-cond),1,14,0.6871416871416871,warning,9.59634780883789e-05,0.0031431685271752817,0.03537963427977756
Rotation (class-cond),1,15,0.6674856674856675,warning,0.0005929470062255859,0.003935207423521929,0.07759392090419423
Rotation (class-cond),1,16,0.64004914004914,warning,0.0008277297019958496,0.0034275606088213922,0.07724903430789708
Rotation (class-cond),1,17,0.6130221130221131,critical,0.0005400776863098145,0.003430478047977707,0.06652572431603886
Rotation (class-cond),1,18,0.5990990990990991,warning,0.00032329559326171875,0.003115642502075993,0.05751775092846045
Rotation (class-cond),1,19,0.7303600654664485,warning,0.00018936395645141602,0.0033042296024739927,0.044075694368544485
Rotation (class-cond),2,1,0.8394758394758395,ok,0.0002689361572265625,0.0036309310298190487,0.07846781513743317
Rotation (class-cond),2,2,0.8452088452088452,ok,0.00031048059463500977,0.0029723278169299944,0.043331324205819456
Rotation (class-cond),2,3,0.8484848484848485,ok,0.00029647350311279297,0.003272734833702044,0.07177449026487137
Rotation (class-cond),2,4,0.8468468468468469,ok,0.000706017017364502,0.0024636466171285266,0.06973835773938432
Rotation (class-cond),2,5,0.8648648648648649,ok,0.0004456043243408203,0.0032088710056674173,0.05802764712751255
Rotation (class-cond),2,6,0.8276003276003276,ok,0.0004742145538330078,0.0036293382593029807,0.06797820588697386
Rotation (class-cond),2,7,0.8112203112203112,ok,0.0002881288528442383,0.0036133109613159875,0.042699565879091385
Rotation (class-cond),2,8,0.7981162981162981,warning,0.00040733814239501953,0.0035393309031613194,0.05632842980923226
Rotation (class-cond),2,9,0.7674037674037674,warning,0.00017088651657104492,0.004673566270945317,0.058787221143637734
Rotation (class-cond),2,10,0.76003276003276,warning,0.0005005598068237305,0.002823781896332955,0.06939851215611123
Rotation (class-cond),2,11,0.7264537264537264,warning,0.00024300813674926758,0.0038700648216122083,0.04365519020982151
Rotation (class-cond),2,12,0.7272727272727273,ok,0.0007026791572570801,0.003362001428805615,0.06816736038737645
Rotation (class-cond),2,13,0.7051597051597052,warning,0.001076817512512207,0.0034441267857306885,0.07369428935302866
Rotation (class-cond),2,14,0.6805896805896806,warning,0.0006780624389648438,0.0042957536442053725,0.06275150464522758
Rotation (class-cond),2,15,0.6699426699426699,warning,0.00020813941955566406,0.0030054996847107395,0.04961598269211827
Rotation (class-cond),2,16,0.6351351351351351,warning,0.0003807544708251953,0.0032544790415802026,0.053939934504156635
Rotation (class-cond),2,17,0.585995085995086,warning,0.0001800060272216797,0.00378598830709724,0.046046101246380096
Rotation (class-cond),2,18,0.5917280917280917,warning,0.0001398921012878418,0.0031202223562878852,0.03252814529331788
Rotation (class-cond),2,19,0.7311783960720131,warning,0.00019401311874389648,0.0033278020488548476,0.07445700537713386
Rotation (class-cond),3,1,0.8439803439803439,ok,0.00017517805099487305,0.0031597881373777426,0.043083447006029174
Rotation (class-cond),3,2,0.852989352989353,ok,0.0011145472526550293,0.0028628519874950914,0.05981542288579727
Rotation (class-cond),3,3,0.8394758394758395,ok,0.00025540590286254883,0.002927925596776124,0.040187255540177345
Rotation (class-cond),3,4,0.8447993447993448,ok,0.00020253658294677734,0.002893390211664228,0.04399549802742365
Rotation (class-cond),3,5,0.8493038493038493,warning,0.00025397539138793945,0.003781093180305134,0.03734043492320342
Rotation (class-cond),3,6,0.8419328419328419,warning,0.000217437744140625,0.002565058786243706,0.03449735477266203
Rotation (class-cond),3,7,0.8194103194103194,warning,0.0004069805145263672,0.0029335040792015186,0.03857147709222817
Rotation (class-cond),3,8,0.7985257985257985,warning,0.0003771781921386719,0.0032653766366970262,0.06069404543225863
Rotation (class-cond),3,9,0.7841932841932842,warning,0.00031495094299316406,0.0033669669008035957,0.036555433978476694
Rotation (class-cond),3,10,0.7522522522522522,critical,0.00015109777450561523,0.004640918947014379,0.040797089232121525
Rotation (class-cond),3,11,0.7354627354627354,warning,0.0008821487426757812,0.0027416635643141615,0.08610575694315645
Rotation (class-cond),3,12,0.7178542178542179,warning,0.0001410841941833496,0.0029989897861860217,0.028301664402313312
Rotation (class-cond),3,13,0.687960687960688,warning,0.00024199485778808594,0.0038531911943844093,0.02557560250711879
Rotation (class-cond),3,14,0.6691236691236692,warning,0.0004355907440185547,0.0036719195780578334,0.050337193428756505
Rotation (class-cond),3,15,0.6597051597051597,warning,0.0004935860633850098,0.003140855623451547,0.04937916563229442
Rotation (class-cond),3,16,0.6265356265356266,warning,0.00022161006927490234,0.00346341802737946,0.029330131673067385
Rotation (class-cond),3,17,0.6068796068796068,warning,0.0006446242332458496,0.0034131594934369083,0.06098124119560871
Rotation (class-cond),3,18,0.5847665847665847,warning,4.5359134674072266e-05,0.0029176749422700444,0.03045300747980886
Rotation (class-cond),3,19,0.7201309328968903,warning,0.0005115866661071777,0.0033129777492746904,0.06917233213384431
Rotation (class-cond),4,1,0.8419328419328419,ok,0.0005003809928894043,0.003726499592076522,0.07244013910337993
Rotation (class-cond),4,2,0.8390663390663391,ok,0.0001748800277709961,0.003006579384252927,0.03919254438486335
Rotation (class-cond),4,3,0.8435708435708436,ok,0.00021028518676757812,0.0035596267696119993,0.04587044139956349
Rotation (class-cond),4,4,0.857084357084357,ok,0.00015693902969360352,0.0024275808951806487,0.03856105421494156
Rotation (class-cond),4,5,0.8411138411138411,ok,0.00014346837997436523,0.0028579067816462494,0.055509652631930535
Rotation (class-cond),4,6,0.8308763308763308,ok,0.00024312734603881836,0.0027104404150641234,0.05129503165535707
Rotation (class-cond),4,7,0.8153153153153153,warning,0.0003078579902648926,0.004535671451628035,0.04894156545785046
Rotation (class-cond),4,8,0.812039312039312,warning,0.00045365095138549805,0.004459514498517841,0.06258635892762356
Rotation (class-cond),4,9,0.7661752661752662,warning,0.00020498037338256836,0.003543789724387461,0.0694650591035121
Rotation (class-cond),4,10,0.7514332514332515,warning,0.0004685521125793457,0.002677197137933729,0.06324324982178241
Rotation (class-cond),4,11,0.7469287469287469,warning,9.149312973022461e-05,0.002825956401710776,0.037265726945604816
Rotation (class-cond),4,12,0.7223587223587223,warning,0.00012677907943725586,0.0031635151304630644,0.05613500879502371
Rotation (class-cond),4,13,0.7121212121212122,ok,0.00023096799850463867,0.0026323100094919087,0.03912423859006381
Rotation (class-cond),4,14,0.678951678951679,ok,0.000249326229095459,0.0028349925894682725,0.04794472358245775
Rotation (class-cond),4,15,0.6732186732186732,ok,0.00024121999740600586,0.003825981839267151,0.05791560809813894
Rotation (class-cond),4,16,0.6564291564291564,ok,0.00024402141571044922,0.002718082781563356,0.047182458629600944
Rotation (class-cond),4,17,0.6363636363636364,ok,0.00032639503479003906,0.003244586744011096,0.054990688507825874
Rotation (class-cond),4,18,0.5933660933660934,warning,0.00019037723541259766,0.004498506612748657,0.04624552453933305
Rotation (class-cond),4,19,0.7184942716857611,warning,0.0003127455711364746,0.002870984166169186,0.05115331669634218
Rotation (class-cond),5,1,0.8370188370188371,ok,0.0004277229309082031,0.002618909362268486,0.0493508732393704
Rotation (class-cond),5,2,0.8423423423423423,ok,0.0002932548522949219,0.003230943832208371,0.039224177758750214
Rotation (class-cond),5,3,0.8452088452088452,warning,0.00044929981231689453,0.0032553599505868577,0.037872176572000114
Rotation (class-cond),5,4,0.8558558558558559,warning,0.0003504157066345215,0.0025508180615576867,0.045317304551175816
Rotation (class-cond),5,5,0.8591318591318591,warning,0.00024008750915527344,0.002736140399710452,0.0317997332427034
Rotation (class-cond),5,6,0.8181818181818182,warning,0.00046139955520629883,0.003080316686764918,0.04592843869312784
Rotation (class-cond),5,7,0.803030303030303,warning,0.0003281235694885254,0.0035797207105920624,0.04305672529254832
Rotation (class-cond),5,8,0.7919737919737919,warning,0.00030237436294555664,0.003023376987343053,0.031285480676404936
Rotation (class-cond),5,9,0.7805077805077805,warning,0.00045365095138549805,0.003502568073350246,0.05466625083487305
Rotation (class-cond),5,10,0.7588042588042588,warning,0.0002776980400085449,0.003294571926103546,0.0358983898303875
Rotation (class-cond),5,11,0.7428337428337428,warning,0.0001392364501953125,0.00258708446684025,0.030541989992179705
Rotation (class-cond),5,12,0.7235872235872236,warning,0.0010669827461242676,0.0036885741221116645,0.08234126689209981
Rotation (class-cond),5,13,0.7006552006552007,warning,0.0012111067771911621,0.0026779826689915633,0.09010756705087863
Rotation (class-cond),5,14,0.6945126945126945,critical,0.0006965994834899902,0.0032641376541877832,0.049124459139575596
Rotation (class-cond),5,15,0.6629811629811629,critical,0.0006914138793945312,0.002634323699329227,0.060642679617988034
Rotation (class-cond),5,16,0.6285831285831286,warning,0.0002638697624206543,0.0030484686476406992,0.03434526131005321
Rotation (class-cond),5,17,0.6052416052416052,warning,0.0005133152008056641,0.0034223184606758804,0.04079109579069196
Rotation (class-cond),5,18,0.604013104013104,warning,0.0005154013633728027,0.0035047004701689883,0.04842227520394442
Rotation (class-cond),5,19,0.7389525368248773,warning,0.00019884109497070312,0.0029110938527143887,0.041198597886869054
Rotation (class-cond),6,1,0.8329238329238329,ok,0.0006669759750366211,0.003509384910810167,0.07821970491423706
Rotation (class-cond),6,2,0.8476658476658476,ok,0.0005274415016174316,0.003281651201173702,0.06593736289503822
Rotation (class-cond),6,3,0.8574938574938575,ok,0.00013083219528198242,0.002707235924395363,0.04426374227554807
Rotation (class-cond),6,4,0.8480753480753481,warning,0.0008079409599304199,0.0028197930070261367,0.06856620375531894
Rotation (class-cond),6,5,0.8468468468468469,warning,0.00014793872833251953,0.0028159669005241718,0.04341545853065231
Rotation (class-cond),6,6,0.8325143325143325,warning,0.000347137451171875,0.003370242113358787,0.09332760907310583
Rotation (class-cond),6,7,0.825962325962326,warning,0.0007906556129455566,0.0032056055719587324,0.0700179929742063
Rotation (class-cond),6,8,0.7854217854217854,warning,0.0004328489303588867,0.003098182608443472,0.08053201275188933
Rotation (class-cond),6,9,0.7751842751842751,warning,0.00012493133544921875,0.003016232333006371,0.043601042935013545
Rotation (class-cond),6,10,0.7657657657657657,warning,0.0002510547637939453,0.0034809882365391858,0.04284919071507797
Rotation (class-cond),6,11,0.7530712530712531,warning,0.0005024075508117676,0.003484609734847641,0.07550168613322386
Rotation (class-cond),6,12,0.7317772317772318,warning,0.0006369948387145996,0.0032155433616058784,0.06449822575482396
Rotation (class-cond),6,13,0.7072072072072072,warning,0.00015413761138916016,0.0036165933810922424,0.05870699912752902
Rotation (class-cond),6,14,0.6928746928746928,warning,0.0002333521842956543,0.0029133155728486085,0.03268730275521805
Rotation (class-cond),6,15,0.676085176085176,warning,0.0011895298957824707,0.0028507038523709043,0.0893377195743157
Rotation (class-cond),6,16,0.6609336609336609,warning,0.0007268786430358887,0.003372834069955121,0.08549386797274326
Rotation (class-cond),6,17,0.6367731367731367,warning,0.0003834962844848633,0.0033550969161236523,0.0614872972933265
Rotation (class-cond),6,18,0.6191646191646192,warning,0.0014204978942871094,0.003690125704479145,0.08901693580563828
Rotation (class-cond),6,19,0.7274959083469722,warning,0.0007973313331604004,0.003455615703098801,0.08099825884058781
Rotation (class-cond),7,1,0.8341523341523341,ok,0.0010231733322143555,0.0036520500189750954,0.06783010218087296
Rotation (class-cond),7,2,0.8439803439803439,ok,0.0003249049186706543,0.002958310245108598,0.04223377900339212
Rotation (class-cond),7,3,0.8427518427518428,ok,0.0005246996879577637,0.0032250356637194477,0.0487710580702762
Rotation (class-cond),7,4,0.8488943488943489,warning,0.0011409521102905273,0.002923870412983279,0.09239830450558327
Rotation (class-cond),7,5,0.8542178542178542,warning,0.0005400776863098145,0.002686296783936091,0.0398828715150722
Rotation (class-cond),7,6,0.8292383292383292,warning,0.0006797909736633301,0.003641838241216942,0.0560784365535224
Rotation (class-cond),7,7,0.8063063063063063,ok,0.0009295344352722168,0.0033663572018023244,0.06195676342388158
Rotation (class-cond),7,8,0.7977067977067978,ok,0.00035458803176879883,0.0034806537320835797,0.04870168590078391
Rotation (class-cond),7,9,0.7858312858312858,warning,0.0005064606666564941,0.0035634812731676338,0.04631359240607578
Rotation (class-cond),7,10,0.7465192465192465,warning,0.0009420514106750488,0.004567473302500056,0.05781685072378722
Rotation (class-cond),7,11,0.7444717444717445,warning,0.0010800957679748535,0.0030778086304384736,0.055687476589619395
Rotation (class-cond),7,12,0.7395577395577395,warning,0.000554502010345459,0.003602917298832227,0.06581270458769965
Rotation (class-cond),7,13,0.7088452088452089,warning,0.0007745623588562012,0.0037595697944510075,0.062898875276896
Rotation (class-cond),7,14,0.6781326781326781,warning,0.0020781755447387695,0.0037623052877912297,0.09630254733712865
Rotation (class-cond),7,15,0.6654381654381655,warning,0.0004437565803527832,0.003256661809823926,0.04752174024828642
Rotation (class-cond),7,16,0.6392301392301393,warning,0.0012153983116149902,0.0034797348991434333,0.05841016523239876
Rotation (class-cond),7,17,0.6248976248976249,warning,0.0006312727928161621,0.0032124137624519097,0.06027159108249258
Rotation (class-cond),7,18,0.6117936117936118,warning,0.00048154592514038086,0.003098042252690529,0.0450284579892915
Rotation (class-cond),7,19,0.7377250409165302,warning,0.0003567934036254883,0.0034666532007336416,0.04645583548994748
Rotation (class-cond),8,1,0.8513513513513513,ok,0.0005845427513122559,0.003337223584285012,0.04254801742145011
Rotation (class-cond),8,2,0.8476658476658476,ok,0.0012240409851074219,0.0027082800984816946,0.07661759497156949
Rotation (class-cond),8,3,0.8443898443898444,ok,0.0006290078163146973,0.004166438885402333,0.055923289283011726
Rotation (class-cond),8,4,0.8456183456183456,ok,0.0012997984886169434,0.0030439905394684273,0.0820292470782971
Rotation (class-cond),8,5,0.8546273546273546,warning,0.0008862614631652832,0.002869223198398525,0.058875963235629485
Rotation (class-cond),8,6,0.8214578214578214,warning,0.0019500255584716797,0.0036318915047183938,0.11168105172884937
Rotation (class-cond),8,7,0.8087633087633087,critical,0.0005115866661071777,0.0032652386811875974,0.0625334687888154
Rotation (class-cond),8,8,0.7895167895167895,warning,0.000979006290435791,0.0035115372644916117,0.055773100978942794
Rotation (class-cond),8,9,0.7772317772317773,critical,0.0007772445678710938,0.0031443498121666294,0.06956771759338828
Rotation (class-cond),8,10,0.757985257985258,critical,0.0019660592079162598,0.002756574795694532,0.09004788827900474
Rotation (class-cond),8,11,0.7358722358722358,warning,0.0014995932579040527,0.0027538766291514164,0.0825637065577432
Rotation (class-cond),8,12,0.7231777231777232,critical,0.0006996393203735352,0.003725286656404799,0.06681806203670691
Rotation (class-cond),8,13,0.6986076986076986,critical,0.0016010403633117676,0.003665458136702734,0.0800618549503187
Rotation (class-cond),8,14,0.6748566748566749,critical,0.0008121132850646973,0.003448933363950288,0.06356029674312805
Rotation (class-cond),8,15,0.6715806715806716,warning,0.0003815293312072754,0.0036647260028537243,0.041157116326308966
Rotation (class-cond),8,16,0.6261261261261262,warning,0.0013358592987060547,0.003578152934329509,0.08450396064934713
Rotation (class-cond),8,17,0.6007371007371007,warning,0.0011706352233886719,0.004171729454161159,0.06189595734628869
Rotation (class-cond),8,18,0.5737100737100738,critical,0.0012368559837341309,0.003097960377202909,0.060430102468102896
Rotation (class-cond),8,19,0.7393617021276596,critical,0.0006340146064758301,0.003681019090261653,0.057531326124403634
Rotation (class-cond),9,1,0.8493038493038493,ok,0.0009541511535644531,0.002901373257999114,0.0874445262417674
Rotation (class-cond),9,2,0.8472563472563472,ok,7.659196853637695e-05,0.002622690252865242,0.04432380367004647
Rotation (class-cond),9,3,0.8431613431613432,ok,0.00010091066360473633,0.003195908011691238,0.0474415154003524
Rotation (class-cond),9,4,0.866912366912367,ok,0.00010347366333007812,0.0029612974272469825,0.0532591690142946
Rotation (class-cond),9,5,0.8538083538083538,ok,0.00010675191879272461,0.002651321265218641,0.03231019515431311
Rotation (class-cond),9,6,0.8398853398853399,warning,0.0002142786979675293,0.00370526561394814,0.0456736359980192
Rotation (class-cond),9,7,0.8177723177723177,warning,6.097555160522461e-05,0.003948605965005044,0.07122603482029034
Rotation (class-cond),9,8,0.7964782964782965,warning,0.0003382563591003418,0.002993601155856735,0.055590435466672056
Rotation (class-cond),9,9,0.7792792792792793,warning,0.0005955696105957031,0.0034736014997996155,0.061402795691406255
Rotation (class-cond),9,10,0.7514332514332515,warning,0.00011616945266723633,0.0032034637301538993,0.0548361842833264
Rotation (class-cond),9,11,0.7448812448812449,warning,0.00012248754501342773,0.0023572378344498763,0.04697635425994573
Rotation (class-cond),9,12,0.7280917280917281,warning,4.190206527709961e-05,0.003543991056782371,0.0477231904591579
Rotation (class-cond),9,13,0.7256347256347256,warning,0.0002726316452026367,0.003414941763331081,0.05253381075310629
Rotation (class-cond),9,14,0.6781326781326781,warning,0.00031501054763793945,0.0027027691223964123,0.05199022920046919
Rotation (class-cond),9,15,0.6662571662571662,warning,7.259845733642578e-05,0.0026840445770064955,0.04365950358465592
Rotation (class-cond),9,16,0.633087633087633,ok,0.00014096498489379883,0.0029794608077093137,0.04425683119024888
Rotation (class-cond),9,17,0.6081081081081081,warning,0.00027304887771606445,0.0033089259865842196,0.04451498233108366
Rotation (class-cond),9,18,0.5954135954135954,warning,0.0002561211585998535,0.003002703779717246,0.04753594232279193
Rotation (class-cond),9,19,0.733633387888707,warning,0.00035256147384643555,0.0031190167469178805,0.06281917595603469
Rotation (class-cond),10,1,0.8394758394758395,ok,0.00029718875885009766,0.002582086551791098,0.04909597877685721
Rotation (class-cond),10,2,0.8427518427518428,ok,0.0006884932518005371,0.003212317024865666,0.061418322699844666
Rotation (class-cond),10,3,0.8394758394758395,ok,0.0005085468292236328,0.003404152433793688,0.06683817540007865
Rotation (class-cond),10,4,0.85995085995086,ok,0.0005944371223449707,0.0028490817765325993,0.04971946819695313
Rotation (class-cond),10,5,0.8615888615888616,warning,0.0003796815872192383,0.003336884289586873,0.05096197724006735
Rotation (class-cond),10,6,0.834971334971335,warning,0.0007094740867614746,0.0033072930621557313,0.057491155785953076
Rotation (class-cond),10,7,0.8202293202293203,warning,0.00023221969604492188,0.0027858452178166106,0.0332775261540772
Rotation (class-cond),10,8,0.7956592956592956,warning,0.000370025634765625,0.0031878848655585972,0.05731142364277118
Rotation (class-cond),10,9,0.7784602784602784,warning,0.000917971134185791,0.0029719352848020424,0.0589531219536156
Rotation (class-cond),10,10,0.7575757575757576,warning,0.0003885626792907715,0.0033436544565339926,0.0459554948500109
Rotation (class-cond),10,11,0.7334152334152334,warning,0.00040465593338012695,0.002851326891239044,0.03615635070289246
Rotation (class-cond),10,12,0.733005733005733,warning,0.00030994415283203125,0.0033642561557796595,0.0556228521803812
Rotation (class-cond),10,13,0.7100737100737101,warning,0.00018519163131713867,0.0025778644483439956,0.040603913202444955
Rotation (class-cond),10,14,0.6736281736281736,warning,0.00046449899673461914,0.0031568722203274497,0.04592287286133622
Rotation (class-cond),10,15,0.6666666666666666,warning,0.00020015239715576172,0.0034376542021898153,0.033186222572088614
Rotation (class-cond),10,16,0.6228501228501229,warning,0.00029528141021728516,0.0037922949414435766,0.04265514900183257
Rotation (class-cond),10,17,0.6171171171171171,warning,0.0002632737159729004,0.0029915434972243226,0.03873056779103771
Rotation (class-cond),10,18,0.6122031122031122,warning,0.00017654895782470703,0.0026874830918265638,0.032056133798266384
Rotation (class-cond),10,19,0.7397708674304418,warning,0.00041413307189941406,0.003150068466476401,0.04677549755270407
Rotation (class-cond),11,1,0.8402948402948403,ok,0.0001965165138244629,0.002328459523720347,0.03775543333252436
Rotation (class-cond),11,2,0.8447993447993448,ok,0.00035840272903442383,0.003009409028604835,0.050434290326370555
Rotation (class-cond),11,3,0.8513513513513513,ok,9.423494338989258e-05,0.003643372183434253,0.030621228438426795
Rotation (class-cond),11,4,0.8497133497133497,ok,0.00019061565399169922,0.003413392257002551,0.03801739105575678
Rotation (class-cond),11,5,0.852989352989353,ok,0.00020945072174072266,0.002902524761651845,0.03923412024735317
Rotation (class-cond),11,6,0.8357903357903358,warning,0.00030487775802612305,0.0023042984792285342,0.050026862011823124
Rotation (class-cond),11,7,0.8165438165438166,warning,0.0003624558448791504,0.0033176886630400704,0.04804194720448997
Rotation (class-cond),11,8,0.7948402948402948,critical,0.00031107664108276367,0.0026615740231895803,0.04002396863860244
Rotation (class-cond),11,9,0.7678132678132679,critical,0.0007359981536865234,0.0029407070532800382,0.07385376160987243
Rotation (class-cond),11,10,0.7469287469287469,warning,0.00036644935607910156,0.003124785376172456,0.05272550378387594
Rotation (class-cond),11,11,0.7387387387387387,warning,5.358457565307617e-05,0.002569152289658008,0.03498997545021568
Rotation (class-cond),11,12,0.7178542178542179,warning,0.00016736984252929688,0.003323994120530653,0.035174341526663926
Rotation (class-cond),11,13,0.6924651924651924,warning,0.00032597780227661133,0.00337962596082614,0.054450562546699194
Rotation (class-cond),11,14,0.6683046683046683,warning,0.0003037452697753906,0.002820722237906893,0.06562300204615172
Rotation (class-cond),11,15,0.6576576576576577,warning,0.00027370452880859375,0.0028648998046924474,0.04849006430282928
Rotation (class-cond),11,16,0.6314496314496314,warning,0.00016611814498901367,0.0033430283595627264,0.03676679348981163
Rotation (class-cond),11,17,0.6072891072891073,warning,0.00014495849609375,0.0034247129267122077,0.027999018181655393
Rotation (class-cond),11,18,0.5913185913185913,warning,9.107589721679688e-05,0.0029776083194419985,0.05651079644094376
Rotation (class-cond),11,19,0.7295417348608838,ok,7.033348083496094e-05,0.0036038808766770754,0.025047701379710446
Rotation (class-cond),12,1,0.8513513513513513,ok,0.00016313791275024414,0.0031694243869152482,0.04284354946001849
Rotation (class-cond),12,2,0.8480753480753481,ok,0.00025516748428344727,0.004400101342464609,0.038753513701376086
Rotation (class-cond),12,3,0.8435708435708436,ok,0.00010412931442260742,0.0032867792357884184,0.04139595736067903
Rotation (class-cond),12,4,0.8521703521703522,warning,0.00041478872299194336,0.0037633203093055904,0.0573828236723856
Rotation (class-cond),12,5,0.8517608517608518,warning,0.00014036893844604492,0.0031272926681374705,0.04521729530643659
Rotation (class-cond),12,6,0.8157248157248157,warning,0.0004125237464904785,0.003932959382662086,0.04768800491926306
Rotation (class-cond),12,7,0.8144963144963145,warning,0.0004456639289855957,0.0028508948717392334,0.05907919925136405
Rotation (class-cond),12,8,0.7944307944307945,warning,0.0002123117446899414,0.0037545366950459446,0.04849431811196708
Rotation (class-cond),12,9,0.7764127764127764,warning,0.0003313422203063965,0.0027848348731252916,0.05680234172727751
Rotation (class-cond),12,10,0.7596232596232596,warning,9.900331497192383e-05,0.003348026682102874,0.039048956798272014
Rotation (class-cond),12,11,0.7268632268632269,warning,0.00010704994201660156,0.0031561205396503133,0.053304320547031714
Rotation (class-cond),12,12,0.723996723996724,warning,7.581710815429688e-05,0.0025927922611668755,0.03205161173093558
Rotation (class-cond),12,13,0.7027027027027027,warning,0.00015413761138916016,0.002433497530839341,0.04173386927854405
Rotation (class-cond),12,14,0.676085176085176,warning,0.0002289414405822754,0.004135961796462922,0.047897545296819326
Rotation (class-cond),12,15,0.6707616707616708,warning,0.00010114908218383789,0.0025757680946379233,0.02346494333556786
Rotation (class-cond),12,16,0.6269451269451269,warning,0.00021564960479736328,0.0025500250901170814,0.035870780120985116
Rotation (class-cond),12,17,0.6277641277641277,warning,8.118152618408203e-05,0.00328616659717414,0.03656542069586811
Rotation (class-cond),12,18,0.5978705978705978,warning,0.00042110681533813477,0.0036056549626582567,0.04696260155184804
Rotation (class-cond),12,19,0.7242225859247136,warning,0.0001462697982788086,0.003588852748178224,0.03519587056090074
Rotation (class-cond),13,1,0.8345618345618345,ok,0.00034940242767333984,0.004013505665610784,0.05580153312960475
Rotation (class-cond),13,2,0.8435708435708436,ok,0.00021219253540039062,0.0028126836282730133,0.04392467194430747
Rotation (class-cond),13,3,0.8472563472563472,ok,0.00026667118072509766,0.0031388893257437043,0.052114836283636036
Rotation (class-cond),13,4,0.8497133497133497,warning,0.0008828639984130859,0.0028559842573268102,0.0821869185752708
Rotation (class-cond),13,5,0.855036855036855,warning,0.0004717111587524414,0.003599420066471437,0.049978850007155025
Rotation (class-cond),13,6,0.8304668304668305,warning,0.00033408403396606445,0.0037415956556617978,0.04510450488017233
Rotation (class-cond),13,7,0.8116298116298116,warning,0.0001932382583618164,0.0024230385955365348,0.0407563260457815
Rotation (class-cond),13,8,0.7968877968877969,warning,0.00036156177520751953,0.003662167258947117,0.05628416839419552
Rotation (class-cond),13,9,0.7698607698607699,warning,0.0004004240036010742,0.0032076094559504043,0.05280457043352505
Rotation (class-cond),13,10,0.7506142506142506,warning,0.0010759830474853516,0.003319440660913988,0.09429993437882282
Rotation (class-cond),13,11,0.7227682227682227,warning,0.0012322068214416504,0.0035832289659626752,0.08105624929401502
Rotation (class-cond),13,12,0.726044226044226,warning,0.0001131892204284668,0.002753882942747467,0.050250390385785576
Rotation (class-cond),13,13,0.7014742014742015,warning,0.0004937052726745605,0.002720794896289183,0.04731871291211696
Rotation (class-cond),13,14,0.6814086814086814,warning,0.0002614259719848633,0.0029791337281836333,0.06403738923998586
Rotation (class-cond),13,15,0.6564291564291564,warning,0.00028145313262939453,0.003013741294394268,0.05974412674120919
Rotation (class-cond),13,16,0.6285831285831286,warning,0.00010776519775390625,0.002731585515035856,0.03902196886805845
Rotation (class-cond),13,17,0.595004095004095,warning,0.00021266937255859375,0.003587733979955577,0.05460910608007647
Rotation (class-cond),13,18,0.5827190827190827,warning,0.0004360675811767578,0.0028757829184594503,0.0830660649050137
Rotation (class-cond),13,19,0.7377250409165302,warning,0.00028824806213378906,0.0034618562699268414,0.05206253353091111
Rotation (class-cond),14,1,0.8505323505323505,ok,0.00047266483306884766,0.003551777984964228,0.044629114189815515
Rotation (class-cond),14,2,0.8501228501228502,ok,0.0002849698066711426,0.0029181295035346647,0.03961583617579103
Rotation (class-cond),14,3,0.8366093366093366,ok,0.0003339052200317383,0.0025479040639177124,0.054936414899177305
Rotation (class-cond),14,4,0.8546273546273546,ok,0.00017511844635009766,0.002775693282781191,0.039016420827884105
Rotation (class-cond),14,5,0.8402948402948403,warning,0.00010788440704345703,0.002936139363235284,0.028222360186563954
Rotation (class-cond),14,6,0.8247338247338247,warning,7.456541061401367e-05,0.0028480378192668404,0.042504282390590474
Rotation (class-cond),14,7,0.8353808353808354,warning,0.00020635128021240234,0.002554373141805391,0.04680354986487591
Rotation (class-cond),14,8,0.7932022932022932,warning,0.0003083944320678711,0.002272519170684442,0.04786043467422644
Rotation (class-cond),14,9,0.7768222768222768,warning,0.00020927190780639648,0.003192319361755646,0.0429996826394712
Rotation (class-cond),14,10,0.7465192465192465,warning,0.00044232606887817383,0.002916266690082621,0.05864882998931318
Rotation (class-cond),14,11,0.7407862407862408,warning,0.00037157535552978516,0.0031226908652447188,0.03849593363751161
Rotation (class-cond),14,12,0.7178542178542179,warning,0.000453948974609375,0.003096318143764172,0.04609341401931753
Rotation (class-cond),14,13,0.7076167076167076,warning,0.0006123781204223633,0.003354317008357587,0.05202114150076089
Rotation (class-cond),14,14,0.6908271908271908,warning,0.000310361385345459,0.002931296250285583,0.04300612318503995
Rotation (class-cond),14,15,0.6695331695331695,warning,0.0003552436828613281,0.002457049661462962,0.044502027793444435
Rotation (class-cond),14,16,0.6478296478296478,warning,0.0002701282501220703,0.002762354566610407,0.04105777824034396
Rotation (class-cond),14,17,0.6068796068796068,warning,0.00016933679580688477,0.002626457018478773,0.03265320347205574
Rotation (class-cond),14,18,0.5896805896805897,warning,0.00037491321563720703,0.002501576305059926,0.05891887267928656
Rotation (class-cond),14,19,0.7258592471358429,warning,0.00011110305786132812,0.002356259269978869,0.028200015781545882
Rotation (class-cond),15,1,0.8603603603603603,ok,0.00016230344772338867,0.003299332428808946,0.053372881955685125
Rotation (class-cond),15,2,0.8427518427518428,ok,0.00017827749252319336,0.0023486188618125348,0.03506492522227089
Rotation (class-cond),15,3,0.8345618345618345,ok,0.00018042325973510742,0.003409307195632796,0.034993747680964485
Rotation (class-cond),15,4,0.8558558558558559,warning,0.0005410313606262207,0.0023740936485943664,0.06065317183232622
Rotation (class-cond),15,5,0.8546273546273546,warning,0.0002486705780029297,0.002666642895900801,0.03500613132697635
Rotation (class-cond),15,6,0.8370188370188371,warning,0.00010603666305541992,0.0032559355363630657,0.02956677724718698
Rotation (class-cond),15,7,0.8149058149058149,warning,0.0003342628479003906,0.0023705238450305657,0.03766901867056493
Rotation (class-cond),15,8,0.7866502866502867,warning,0.0005481839179992676,0.0029508116296982296,0.05195820329437758
Rotation (class-cond),15,9,0.7805077805077805,warning,0.0002390742301940918,0.004284946840554441,0.04315686190461193
Rotation (class-cond),15,10,0.7542997542997543,warning,0.0004519224166870117,0.0032140993763287396,0.05682435253426049
Rotation (class-cond),15,11,0.7485667485667485,warning,0.00026232004165649414,0.002805260960522263,0.04498745261970488
Rotation (class-cond),15,12,0.7276822276822277,ok,0.0002563595771789551,0.003574205065639582,0.03200741472563135
Rotation (class-cond),15,13,0.7244062244062244,warning,0.00015026330947875977,0.002571830623975372,0.033936017366367116
Rotation (class-cond),15,14,0.6920556920556921,warning,0.0004451274871826172,0.002581872500324895,0.03697005892134317
Rotation (class-cond),15,15,0.6801801801801802,warning,0.00020360946655273438,0.0024063870047603114,0.041696580094845975
Rotation (class-cond),15,16,0.6531531531531531,warning,0.0003648996353149414,0.0028945009182743692,0.049523493987982926
Rotation (class-cond),15,17,0.6420966420966421,warning,0.00033402442932128906,0.0028154294879273907,0.04576330447995116
Rotation (class-cond),15,18,0.6228501228501229,warning,0.0001919865608215332,0.004109408955938814,0.0277948808962808
Rotation (class-cond),15,19,0.7107201309328969,warning,0.000186920166015625,0.002758903689017979,0.06011372847133896
Rotation (class-cond),16,1,0.855036855036855,ok,0.0003935694694519043,0.002865800357903801,0.04214254824140409
Rotation (class-cond),16,2,0.8439803439803439,ok,0.00012040138244628906,0.002330690322193256,0.03307407376158869
Rotation (class-cond),16,3,0.8447993447993448,ok,0.00020831823348999023,0.002900719604980238,0.06479336607367575
Rotation (class-cond),16,4,0.8542178542178542,warning,0.00010883808135986328,0.004009373901849746,0.04431174972002015
Rotation (class-cond),16,5,0.8439803439803439,warning,0.0009669065475463867,0.0029181329320165923,0.057219195701269605
Rotation (class-cond),16,6,0.8390663390663391,warning,0.00024259090423583984,0.002818455184633137,0.0500238175776308
Rotation (class-cond),16,7,0.8128583128583129,warning,0.00010836124420166016,0.0027427441141275274,0.047947573523831555
Rotation (class-cond),16,8,0.8075348075348076,warning,0.0008133053779602051,0.0023547470944324887,0.07079071696789711
Rotation (class-cond),16,9,0.7764127764127764,warning,0.00010538101196289062,0.0022603642308843498,0.0402797991492013
Rotation (class-cond),16,10,0.7645372645372646,warning,0.00019294023513793945,0.004013647156733265,0.0487093514088902
Rotation (class-cond),16,11,0.7362817362817363,warning,9.816884994506836e-05,0.002732689480956847,0.035579098295067633
Rotation (class-cond),16,12,0.7276822276822277,warning,0.0002467632293701172,0.0025546794049193756,0.03214929374522182
Rotation (class-cond),16,13,0.6961506961506961,ok,3.808736801147461e-05,0.0027102678406362313,0.04269481910736645
Rotation (class-cond),16,14,0.6908271908271908,ok,0.00010067224502563477,0.003304017098697108,0.03988176938149691
Rotation (class-cond),16,15,0.6785421785421786,ok,0.00022286176681518555,0.0030794807332125587,0.045823625884995944
Rotation (class-cond),16,16,0.6388206388206388,ok,0.00026297569274902344,0.002622563236711291,0.037993904694390054
Rotation (class-cond),16,17,0.6109746109746109,ok,0.00014358758926391602,0.003658079913592022,0.05212125256520305
Rotation (class-cond),16,18,0.5847665847665847,warning,0.0003291964530944824,0.0027144403461317776,0.04411204680300597
Rotation (class-cond),16,19,0.7291325695581015,warning,0.00041991472244262695,0.00292298769945264,0.05068492762088861
Rotation (class-cond),17,1,0.8456183456183456,ok,0.00022369623184204102,0.003588871351351083,0.034595651393809664
Rotation (class-cond),17,2,0.8595413595413596,ok,0.00046813488006591797,0.0027653459258454322,0.06018309445897646
Rotation (class-cond),17,3,0.834971334971335,ok,0.0005048513412475586,0.0030444069184692186,0.055676775600800844
Rotation (class-cond),17,4,0.8501228501228502,ok,0.000431060791015625,0.0032155285653008934,0.04712510283465847
Rotation (class-cond),17,5,0.8402948402948403,ok,0.00016075372695922852,0.0032225788014259744,0.049761130658045466
Rotation (class-cond),17,6,0.8198198198198198,ok,0.00012606382369995117,0.0028166998658821943,0.037055368691585176
Rotation (class-cond),17,7,0.8124488124488124,warning,0.00018602609634399414,0.0042107655881239645,0.04040242465679042
Rotation (class-cond),17,8,0.7915642915642915,warning,0.00030225515365600586,0.003108632816006327,0.044917728608500136
Rotation (class-cond),17,9,0.7813267813267813,warning,0.0003527998924255371,0.003356516474691631,0.046869719490816204
Rotation (class-cond),17,10,0.7714987714987716,warning,0.00020164251327514648,0.003090229517517017,0.03615071730415696
Rotation (class-cond),17,11,0.7305487305487306,warning,0.0006123185157775879,0.0029158414890292205,0.0658731500349861
Rotation (class-cond),17,12,0.721949221949222,warning,0.00011849403381347656,0.0029275912905461724,0.032048168768398826
Rotation (class-cond),17,13,0.7096642096642096,warning,0.0006969571113586426,0.0027896838750581052,0.06681298108178017
Rotation (class-cond),17,14,0.6895986895986896,warning,0.0003809928894042969,0.003297176335833936,0.04602059768779798
Rotation (class-cond),17,15,0.6625716625716626,warning,0.00029277801513671875,0.003221181282528997,0.04714166150433312
Rotation (class-cond),17,16,0.6576576576576577,warning,0.00043761730194091797,0.0032934986351845375,0.044154366542824314
Rotation (class-cond),17,17,0.6248976248976249,warning,0.00022137165069580078,0.0034962175278145675,0.040144800621158966
Rotation (class-cond),17,18,0.5814905814905815,warning,8.845329284667969e-05,0.0034744032278394878,0.03328685022823443
Rotation (class-cond),17,19,0.7160392798690671,warning,0.00026482343673706055,0.0028925931943177526,0.031484794498947116
Rotation (class-cond),18,1,0.8648648648648649,ok,0.00018709897994995117,0.002538175527384049,0.042472600787961945
Rotation (class-cond),18,2,0.8488943488943489,ok,0.0003370046615600586,0.0033519280694512877,0.06654107345483226
Rotation (class-cond),18,3,0.8480753480753481,ok,0.00013059377670288086,0.0032817179642589183,0.05821604677027873
Rotation (class-cond),18,4,0.8538083538083538,ok,0.0005442500114440918,0.003153217471674282,0.05796326977628136
Rotation (class-cond),18,5,0.855036855036855,ok,0.00015407800674438477,0.0032320539403286495,0.0491922204111225
Rotation (class-cond),18,6,0.8345618345618345,warning,0.0003668069839477539,0.003473626800188462,0.050400136459915715
Rotation (class-cond),18,7,0.8173628173628174,warning,0.0004132986068725586,0.0033583736063399153,0.05228371237977472
Rotation (class-cond),18,8,0.7919737919737919,warning,0.00010448694229125977,0.003626962650260957,0.056427259341490225
Rotation (class-cond),18,9,0.7870597870597871,warning,0.0001360774040222168,0.002902633503204315,0.03768207656370621
Rotation (class-cond),18,10,0.7510237510237511,warning,0.0005179643630981445,0.003461052003647541,0.047228790838618424
Rotation (class-cond),18,11,0.7436527436527437,warning,0.0004456043243408203,0.0032965178307278803,0.06194791701957167
Rotation (class-cond),18,12,0.7158067158067158,warning,0.0002707839012145996,0.0035185717999212827,0.05577647304618279
Rotation (class-cond),18,13,0.6981981981981982,warning,0.0002434849739074707,0.002889601492930961,0.04708194163880395
Rotation (class-cond),18,14,0.6711711711711712,warning,0.00040668249130249023,0.002811010698382718,0.06114984343247338
Rotation (class-cond),18,15,0.6658476658476659,warning,7.593631744384766e-05,0.003201321020961953,0.0362647803775649
Rotation (class-cond),18,16,0.6302211302211302,warning,0.00012433528900146484,0.002801536246755872,0.04150901830859672
Rotation (class-cond),18,17,0.61998361998362,warning,0.0002231001853942871,0.0034335822274089243,0.03858166946817869
Rotation (class-cond),18,18,0.5945945945945946,ok,0.00025337934494018555,0.0026909718702913038,0.044401799924669735
Rotation (class-cond),18,19,0.723404255319149,ok,0.00031250715255737305,0.003730433637088432,0.05252906019424274
Rotation (class-cond),19,1,0.8480753480753481,ok,0.00023740530014038086,0.0028743472860043124,0.033300749534495244
Rotation (class-cond),19,2,0.8587223587223587,ok,0.0005998015403747559,0.0032912829934254985,0.07368497290950952
Rotation (class-cond),19,3,0.8415233415233415,ok,0.00011175870895385742,0.002744593932529887,0.029643640336222073
Rotation (class-cond),19,4,0.8456183456183456,warning,0.0002543330192565918,0.0033833425401612535,0.03693837877118876
Rotation (class-cond),19,5,0.8443898443898444,warning,0.00033205747604370117,0.003165605290642329,0.03443677418496856
Rotation (class-cond),19,6,0.8243243243243243,warning,8.058547973632812e-05,0.0029235082500951868,0.03990496743232213
Rotation (class-cond),19,7,0.8112203112203112,warning,0.00024086236953735352,0.003281149484272599,0.047739066568471766
Rotation (class-cond),19,8,0.7993447993447993,warning,0.00015527009963989258,0.002853401899295427,0.027564919548882218
Rotation (class-cond),19,9,0.776003276003276,warning,0.00012087821960449219,0.002865663560677711,0.03580855406186687
Rotation (class-cond),19,10,0.7452907452907452,warning,0.00023543834686279297,0.0035310154809174363,0.03795760496516452
Rotation (class-cond),19,11,0.7321867321867321,critical,0.00010150671005249023,0.0033863319635548707,0.03014838592401781
Rotation (class-cond),19,12,0.7178542178542179,critical,0.00017195940017700195,0.003665137517121851,0.03507303235703721
Rotation (class-cond),19,13,0.7051597051597052,warning,0.0007461905479431152,0.0031690099092362934,0.0702088367881536
Rotation (class-cond),19,14,0.7010647010647011,warning,0.0001646876335144043,0.002994138941830404,0.03673039244969934
Rotation (class-cond),19,15,0.6662571662571662,warning,0.0006375312805175781,0.00288128595987867,0.06968882142893747
Rotation (class-cond),19,16,0.6478296478296478,warning,0.000888824462890625,0.002604302159887147,0.0938907325108853
Rotation (class-cond),19,17,0.601965601965602,warning,0.0002028346061706543,0.002382488478940849,0.03561913002053365
Rotation (class-cond),19,18,0.5954135954135954,warning,0.0006680488586425781,0.0037562342542585263,0.05468099496276243
Rotation (class-cond),19,19,0.7205400981996727,warning,0.00022929906845092773,0.002644054206879515,0.048119243742686356
Rotation (class-cond),20,1,0.8427518427518428,ok,0.00025719404220581055,0.002489743807402569,0.060060336450564904
Rotation (class-cond),20,2,0.8505323505323505,ok,0.0002276897430419922,0.0033389741290565677,0.03183310331323282
Rotation (class-cond),20,3,0.8292383292383292,ok,0.00023406744003295898,0.003871715172186901,0.052606933181007065
Rotation (class-cond),20,4,0.8587223587223587,ok,9.107589721679688e-05,0.0030762320170999043,0.03957069649633376
Rotation (class-cond),20,5,0.8456183456183456,warning,0.00011527538299560547,0.003451469409344435,0.043298576622103055
Rotation (class-cond),20,6,0.8431613431613432,warning,0.00016391277313232422,0.0031749416818368627,0.02942376567339139
Rotation (class-cond),20,7,0.8034398034398035,warning,9.47713851928711e-05,0.0032411956845460393,0.031875913592464375
Rotation (class-cond),20,8,0.7944307944307945,ok,0.00012665987014770508,0.0020252489085261,0.04016792444080521
Rotation (class-cond),20,9,0.7702702702702703,warning,0.0009581446647644043,0.003269280148706608,0.09352282932627697
Rotation (class-cond),20,10,0.7514332514332515,warning,0.0003018975257873535,0.003327200325653326,0.04123441632120074
Rotation (class-cond),20,11,0.7391482391482391,warning,0.00031679868698120117,0.004625511311559584,0.04687873264934857
Rotation (class-cond),20,12,0.714987714987715,warning,0.00012701749801635742,0.0035596508736510856,0.038019040158593614
Rotation (class-cond),20,13,0.6904176904176904,warning,8.207559585571289e-05,0.0032910234910236676,0.03304129420916179
Rotation (class-cond),20,14,0.6785421785421786,ok,0.0001061558723449707,0.0026764169113216315,0.0441010889065597
Rotation (class-cond),20,15,0.6535626535626535,warning,0.00023752450942993164,0.0033321027366004802,0.03275105702082675
Rotation (class-cond),20,16,0.6216216216216216,warning,0.00026929378509521484,0.0031697502973331163,0.04028533503688173
Rotation (class-cond),20,17,0.5921375921375921,critical,0.0004181861877441406,0.003103615476481443,0.038077111324425254
Rotation (class-cond),20,18,0.5712530712530712,warning,0.0004933476448059082,0.00319026302309931,0.06341040795585054
Rotation (class-cond),20,19,0.7013093289689034,warning,0.0001685023307800293,0.0029899507942145916,0.033552049260750755
Rotation (class-cond),21,1,0.8497133497133497,ok,0.0002467632293701172,0.0031467624736273942,0.029031083938141005
Rotation (class-cond),21,2,0.8505323505323505,ok,0.00021839141845703125,0.002859274442745135,0.0434030766151084
Rotation (class-cond),21,3,0.8431613431613432,warning,0.00027489662170410156,0.002960504932493944,0.03784698522916907
Rotation (class-cond),21,4,0.8505323505323505,warning,0.00042045116424560547,0.003889153976273983,0.04310499859690043
Rotation (class-cond),21,5,0.8562653562653563,warning,0.0003859400749206543,0.0028614604856047905,0.0457091270387249
Rotation (class-cond),21,6,0.8304668304668305,warning,0.0005384683609008789,0.0028090793994518725,0.04890157900202212
Rotation (class-cond),21,7,0.8149058149058149,warning,0.00017714500427246094,0.004354350143335405,0.027225133417631678
Rotation (class-cond),21,8,0.8067158067158067,warning,0.0003770589828491211,0.002667324270379308,0.053928127949107764
Rotation (class-cond),21,9,0.766994266994267,warning,0.0012400150299072266,0.00315971252905772,0.06975431720012587
Rotation (class-cond),21,10,0.7489762489762489,warning,0.0001609325408935547,0.0038020134113446007,0.0358633294219349
Rotation (class-cond),21,11,0.7387387387387387,warning,0.00022780895233154297,0.003735471582037712,0.033399941335765175
Rotation (class-cond),21,12,0.7133497133497133,warning,0.0002555251121520996,0.0034411368047133177,0.03853158751196759
Rotation (class-cond),21,13,0.7059787059787059,warning,0.0005519986152648926,0.003201313539034409,0.05407677098851663
Rotation (class-cond),21,14,0.6895986895986896,warning,0.00013333559036254883,0.0027031667840480287,0.036693702981414764
Rotation (class-cond),21,15,0.6609336609336609,warning,0.0002110600471496582,0.003845281159794365,0.047442902114119716
Rotation (class-cond),21,16,0.638001638001638,warning,0.0003587007522583008,0.0024706648752969435,0.04253853188169663
Rotation (class-cond),21,17,0.6027846027846028,warning,8.207559585571289e-05,0.002640424993680634,0.03350461917089083
Rotation (class-cond),21,18,0.5900900900900901,warning,0.0001894235610961914,0.0026678258982205786,0.032529954742635966
Rotation (class-cond),21,19,0.7148117839607201,warning,0.00017386674880981445,0.003044340265300047,0.04028161773704669
Rotation (class-cond),22,1,0.8579033579033579,ok,0.0002250075340270996,0.0030709084832811536,0.05130767855235665
Rotation (class-cond),22,2,0.8751023751023751,ok,0.00027179718017578125,0.0030963637552410407,0.04204723390985706
Rotation (class-cond),22,3,0.8542178542178542,ok,4.5359134674072266e-05,0.0030137897560454123,0.04111484092016961
Rotation (class-cond),22,4,0.8685503685503686,ok,0.00041419267654418945,0.0028170771944966916,0.03695111353663318
Rotation (class-cond),22,5,0.8538083538083538,ok,5.537271499633789e-05,0.0032691699468947273,0.049367020001626745
Rotation (class-cond),22,6,0.8304668304668305,warning,0.00011420249938964844,0.0036812461297653903,0.04193055088708846
Rotation (class-cond),22,7,0.8034398034398035,warning,0.0005752444267272949,0.004071263054334968,0.06962566116914749
Rotation (class-cond),22,8,0.7948402948402948,critical,0.0003472566604614258,0.0034964254923960346,0.05835361790372881
Rotation (class-cond),22,9,0.7792792792792793,warning,0.00010848045349121094,0.0031778517732082012,0.03501643324621709
Rotation (class-cond),22,10,0.773955773955774,warning,0.00017631053924560547,0.004177691832481907,0.04527517742256922
Rotation (class-cond),22,11,0.73996723996724,warning,0.00011968612670898438,0.003085068377113101,0.044344849915973636
Rotation (class-cond),22,12,0.7325962325962326,warning,0.0001538395881652832,0.002858818292393298,0.039742421751403696
Rotation (class-cond),22,13,0.717035217035217,warning,0.00011867284774780273,0.0028055001363122478,0.04713125077142425
Rotation (class-cond),22,14,0.6945126945126945,warning,0.00011432170867919922,0.0034677588390060196,0.054287090734140085
Rotation (class-cond),22,15,0.6805896805896806,warning,0.0003699660301208496,0.0037869417210611685,0.04986810541753842
Rotation (class-cond),22,16,0.6392301392301393,warning,8.702278137207031e-05,0.002664082865304704,0.05057542016928029
Rotation (class-cond),22,17,0.6171171171171171,warning,0.0005267858505249023,0.004056197696347125,0.07524505286896258
Rotation (class-cond),22,18,0.5843570843570843,warning,7.075071334838867e-05,0.0034129936926592256,0.03507419908347743
Rotation (class-cond),22,19,0.7099018003273322,warning,0.00023168325424194336,0.003314513354870831,0.03842474255277524
Rotation (class-cond),23,1,0.8419328419328419,ok,0.00047069787979125977,0.0028586617671396038,0.05909040218171861
Rotation (class-cond),23,2,0.8484848484848485,ok,0.00037425756454467773,0.003214179952146917,0.054024559554753
Rotation (class-cond),23,3,0.8411138411138411,ok,0.0003924369812011719,0.003461315538071403,0.051669646431306594
Rotation (class-cond),23,4,0.8579033579033579,warning,8.815526962280273e-05,0.005148221070673421,0.03253766160566447
Rotation (class-cond),23,5,0.8546273546273546,warning,0.0002135634422302246,0.002777290956190883,0.04607221651633785
Rotation (class-cond),23,6,0.8267813267813268,warning,0.00032585859298706055,0.002578575426673076,0.05165162524109266
Rotation (class-cond),23,7,0.819000819000819,warning,0.00038307905197143555,0.0032665499097845286,0.04054091910973551
Rotation (class-cond),23,8,0.7940212940212941,warning,0.00031369924545288086,0.0032836478709839805,0.042481109839035046
Rotation (class-cond),23,9,0.7792792792792793,critical,0.0003523826599121094,0.003021592137980666,0.03449253638005719
Rotation (class-cond),23,10,0.766994266994267,warning,7.396936416625977e-05,0.0032680531037278513,0.026164261933370736
Rotation (class-cond),23,11,0.742014742014742,warning,0.00027495622634887695,0.0031635319376891024,0.03942234286265013
Rotation (class-cond),23,12,0.7317772317772318,warning,0.0001494884490966797,0.003381198933468903,0.03997089472701774
Rotation (class-cond),23,13,0.6936936936936937,warning,0.00027436017990112305,0.0038800965927955453,0.027319392484855307
Rotation (class-cond),23,14,0.6818181818181818,warning,0.00013786554336547852,0.0032892772794011317,0.032305297148024936
Rotation (class-cond),23,15,0.6752661752661753,warning,8.463859558105469e-05,0.003100063773443717,0.03936208060097456
Rotation (class-cond),23,16,0.6384111384111384,warning,0.00020778179168701172,0.00315890700878262,0.02879755400938741
Rotation (class-cond),23,17,0.6081081081081081,warning,5.841255187988281e-05,0.0033282675990494327,0.027341838173786964
Rotation (class-cond),23,18,0.6060606060606061,warning,0.00019317865371704102,0.002454817605256271,0.040899360064327206
Rotation (class-cond),23,19,0.7180851063829787,warning,0.00022989511489868164,0.0026561138786479273,0.036617803292613826
Rotation (class-cond),24,1,0.8587223587223587,ok,0.000989377498626709,0.004126659883092432,0.07222263366106005
Rotation (class-cond),24,2,0.8628173628173628,ok,0.0016205310821533203,0.003362456525437447,0.07840832443808701
Rotation (class-cond),24,3,0.8480753480753481,ok,0.0009707212448120117,0.0031518224772017454,0.059681808592768414
Rotation (class-cond),24,4,0.852989352989353,ok,0.0002828836441040039,0.0029692414060147896,0.03250379288106864
Rotation (class-cond),24,5,0.8411138411138411,warning,5.632638931274414e-05,0.003447810144663324,0.04675855784703947
Rotation (class-cond),24,6,0.8271908271908271,warning,0.0002713799476623535,0.0026121296625337756,0.04967835024364383
Rotation (class-cond),24,7,0.8079443079443079,warning,0.00024169683456420898,0.0028798231704516954,0.03087682129277144
Rotation (class-cond),24,8,0.7862407862407862,warning,0.00022751092910766602,0.00308245153910678,0.03296970592417906
Rotation (class-cond),24,9,0.7891072891072891,warning,0.0005438923835754395,0.002990428498797752,0.04239288834362231
Rotation (class-cond),24,10,0.7714987714987716,warning,0.0006027817726135254,0.003609211755155899,0.06220331620867383
Rotation (class-cond),24,11,0.757985257985258,warning,0.0019753575325012207,0.002872132696810059,0.10445932163128487
Rotation (class-cond),24,12,0.7215397215397216,warning,0.00024700164794921875,0.003037330804933243,0.03201150720257138
Rotation (class-cond),24,13,0.717035217035217,warning,0.00012409687042236328,0.0037984622118932103,0.02951361191129393
Rotation (class-cond),24,14,0.6961506961506961,ok,0.00046455860137939453,0.002861585975327015,0.03524474565467563
Rotation (class-cond),24,15,0.6805896805896806,warning,0.0002455711364746094,0.003318368666252153,0.03291524589506232
Rotation (class-cond),24,16,0.6658476658476659,warning,0.00037223100662231445,0.002602540632531525,0.04328871335312548
Rotation (class-cond),24,17,0.642915642915643,warning,0.0006090998649597168,0.002936832715064828,0.05101150680977139
Rotation (class-cond),24,18,0.5982800982800983,warning,0.0006361603736877441,0.0037972370715644074,0.04616396776861977
Rotation (class-cond),24,19,0.7381342062193126,warning,0.0007213354110717773,0.004089825600229689,0.04334195646050015
Conditional (pooled),0,1,0.8542178542178542,ok,0.00028061866760253906,0.003353786015943474,0.05203429118176988
Conditional (pooled),0,2,0.8513513513513513,ok,0.0003293156623840332,0.003622845253423178,0.046084095450658495
Conditional (pooled),0,3,0.8484848484848485,warning,0.0006455779075622559,0.003992918740341967,0.04854679154443095
Conditional (pooled),0,4,0.8632268632268633,warning,0.00031256675720214844,0.0024977323520898346,0.05308741940551598
Conditional (pooled),0,5,0.8513513513513513,warning,0.0003091096878051758,0.003032725120841185,0.03209729385418747
Conditional (pooled),0,6,0.8562653562653563,warning,0.00023895502090454102,0.004149340215623427,0.07499299284940175
Conditional (pooled),0,7,0.8476658476658476,warning,0.0008966922760009766,0.0030939606206524016,0.055609112766679646
Conditional (pooled),0,8,0.8456183456183456,warning,0.00018662214279174805,0.0027373662510678056,0.024644737343176477
Conditional (pooled),0,9,0.8407043407043407,warning,0.0008597373962402344,0.0037045117359412382,0.08604365053983669
Conditional (pooled),0,10,0.8415233415233415,warning,0.000422060489654541,0.002955960121485098,0.04685641152193904
Conditional (pooled),0,11,0.8374283374283374,warning,0.0005101561546325684,0.0036247027665111914,0.04705843361405702
Conditional (pooled),0,12,0.8329238329238329,ok,0.0004673004150390625,0.003307777268771414,0.05129097085933091
Conditional (pooled),0,13,0.814086814086814,ok,0.0003229379653930664,0.002809476420568797,0.03173673621708587
Conditional (pooled),0,14,0.8161343161343161,ok,0.00020968914031982422,0.0034593357544470686,0.02821156648514561
Conditional (pooled),0,15,0.8185913185913186,ok,0.00027817487716674805,0.003472176005665169,0.04070025300515792
Conditional (pooled),0,16,0.803030303030303,warning,0.0008602738380432129,0.0041401922317887835,0.06294708996109227
Conditional (pooled),0,17,0.7882882882882883,warning,0.00013339519500732422,0.0035911670514765896,0.035183546576678236
Conditional (pooled),0,18,0.7866502866502867,warning,0.0007874965667724609,0.0032884384718913614,0.059770027487226055
Conditional (pooled),0,19,0.8158756137479541,warning,0.0013862848281860352,0.0041706968675449384,0.07865215176280879
Conditional (pooled),1,1,0.8583128583128583,ok,0.00022846460342407227,0.003176264971505931,0.057170404159941776
Conditional (pooled),1,2,0.8505323505323505,ok,0.00024271011352539062,0.0043366320934400335,0.032941697637514714
Conditional (pooled),1,3,0.8480753480753481,warning,0.00040715932846069336,0.002922772273731846,0.053312878266288104
Conditional (pooled),1,4,0.8546273546273546,warning,0.0002703666687011719,0.0033761521050419217,0.04984218357657191
Conditional (pooled),1,5,0.8390663390663391,warning,0.0008816123008728027,0.0028140682023089425,0.07828391143284828
Conditional (pooled),1,6,0.8488943488943489,warning,0.0003892183303833008,0.0037234486966954894,0.06366753684895322
Conditional (pooled),1,7,0.857084357084357,warning,0.00038546323776245117,0.004203579862707385,0.053301376984344145
Conditional (pooled),1,8,0.8423423423423423,warning,0.001041710376739502,0.003891000371693874,0.08588116008782244
Conditional (pooled),1,9,0.8308763308763308,warning,0.00011646747589111328,0.0031556890416819905,0.03242057850729323
Conditional (pooled),1,10,0.8374283374283374,warning,0.00036972761154174805,0.003782512099350322,0.04698310217863588
Conditional (pooled),1,11,0.8185913185913186,warning,0.00042688846588134766,0.004007363305438442,0.06527623648691958
Conditional (pooled),1,12,0.8276003276003276,warning,0.0005207061767578125,0.0035720528199410175,0.05656470671177139
Conditional (pooled),1,13,0.8325143325143325,critical,0.0010308027267456055,0.004896080077476594,0.08308689544064338
Conditional (pooled),1,14,0.823914823914824,warning,9.59634780883789e-05,0.0031431685271752817,0.03537963427977756
Conditional (pooled),1,15,0.80999180999181,warning,0.0005929470062255859,0.003935207423521929,0.07759392090419423
Conditional (pooled),1,16,0.8173628173628174,warning,0.0008277297019958496,0.0034275606088213922,0.07724903430789708
Conditional (pooled),1,17,0.8075348075348076,critical,0.0005400776863098145,0.003430478047977707,0.06652572431603886
Conditional (pooled),1,18,0.8042588042588042,warning,0.00032329559326171875,0.003115642502075993,0.05751775092846045
Conditional (pooled),1,19,0.7970540098199672,warning,0.00018936395645141602,0.0033042296024739927,0.044075694368544485
Conditional (pooled),2,1,0.8394758394758395,ok,0.0002689361572265625,0.0036309310298190487,0.07846781513743317
Conditional (pooled),2,2,0.8452088452088452,ok,0.00031048059463500977,0.0029723278169299944,0.043331324205819456
Conditional (pooled),2,3,0.8484848484848485,ok,0.00029647350311279297,0.003272734833702044,0.07177449026487137
Conditional (pooled),2,4,0.8468468468468469,ok,0.000706017017364502,0.0024636466171285266,0.06973835773938432
Conditional (pooled),2,5,0.8648648648648649,ok,0.0004456043243408203,0.0032088710056674173,0.05802764712751255
Conditional (pooled),2,6,0.8423423423423423,ok,0.0004742145538330078,0.0036293382593029807,0.06797820588697386
Conditional (pooled),2,7,0.8439803439803439,ok,0.0002881288528442383,0.0036133109613159875,0.042699565879091385
Conditional (pooled),2,8,0.8427518427518428,ok,0.00040733814239501953,0.0035393309031613194,0.05632842980923226
Conditional (pooled),2,9,0.8325143325143325,warning,0.00017088651657104492,0.004673566270945317,0.058787221143637734
Conditional (pooled),2,10,0.8411138411138411,warning,0.0005005598068237305,0.002823781896332955,0.06939851215611123
Conditional (pooled),2,11,0.8202293202293203,warning,0.00024300813674926758,0.0038700648216122083,0.04365519020982151
Conditional (pooled),2,12,0.8144963144963145,ok,0.0007026791572570801,0.003362001428805615,0.06816736038737645
Conditional (pooled),2,13,0.8112203112203112,warning,0.001076817512512207,0.0034441267857306885,0.07369428935302866
Conditional (pooled),2,14,0.8181818181818182,warning,0.0006780624389648438,0.0042957536442053725,0.06275150464522758
Conditional (pooled),2,15,0.8087633087633087,warning,0.00020813941955566406,0.0030054996847107395,0.04961598269211827
Conditional (pooled),2,16,0.8058968058968059,warning,0.0003807544708251953,0.0032544790415802026,0.053939934504156635
Conditional (pooled),2,17,0.7825552825552825,warning,0.0001800060272216797,0.00378598830709724,0.046046101246380096
Conditional (pooled),2,18,0.7948402948402948,warning,0.0001398921012878418,0.0031202223562878852,0.03252814529331788
Conditional (pooled),2,19,0.7876432078559739,warning,0.00019401311874389648,0.0033278020488548476,0.07445700537713386
Conditional (pooled),3,1,0.8439803439803439,ok,0.00017517805099487305,0.0031597881373777426,0.043083447006029174
Conditional (pooled),3,2,0.852989352989353,ok,0.0011145472526550293,0.0028628519874950914,0.05981542288579727
Conditional (pooled),3,3,0.8394758394758395,ok,0.00025540590286254883,0.002927925596776124,0.040187255540177345
Conditional (pooled),3,4,0.8447993447993448,ok,0.00020253658294677734,0.002893390211664228,0.04399549802742365
Conditional (pooled),3,5,0.8493038493038493,warning,0.00025397539138793945,0.003781093180305134,0.03734043492320342
Conditional (pooled),3,6,0.8566748566748567,warning,0.000217437744140625,0.002565058786243706,0.03449735477266203
Conditional (pooled),3,7,0.8497133497133497,warning,0.0004069805145263672,0.0029335040792015186,0.03857147709222817
Conditional (pooled),3,8,0.8443898443898444,warning,0.0003771781921386719,0.0032653766366970262,0.06069404543225863
Conditional (pooled),3,9,0.8439803439803439,warning,0.00031495094299316406,0.0033669669008035957,0.036555433978476694
Conditional (pooled),3,10,0.8337428337428338,critical,0.00015109777450561523,0.004640918947014379,0.040797089232121525
Conditional (pooled),3,11,0.8230958230958231,warning,0.0008821487426757812,0.0027416635643141615,0.08610575694315645
Conditional (pooled),3,12,0.80999180999181,warning,0.0001410841941833496,0.0029989897861860217,0.028301664402313312
Conditional (pooled),3,13,0.8161343161343161,warning,0.00024199485778808594,0.0038531911943844093,0.02557560250711879
Conditional (pooled),3,14,0.8091728091728092,warning,0.0004355907440185547,0.0036719195780578334,0.050337193428756505
Conditional (pooled),3,15,0.8083538083538083,warning,0.0004935860633850098,0.003140855623451547,0.04937916563229442
Conditional (pooled),3,16,0.7989352989352989,warning,0.00022161006927490234,0.00346341802737946,0.029330131673067385
Conditional (pooled),3,17,0.7837837837837838,warning,0.0006446242332458496,0.0034131594934369083,0.06098124119560871
Conditional (pooled),3,18,0.7882882882882883,warning,4.5359134674072266e-05,0.0029176749422700444,0.03045300747980886
Conditional (pooled),3,19,0.7847790507364976,warning,0.0005115866661071777,0.0033129777492746904,0.06917233213384431
Conditional (pooled),4,1,0.8419328419328419,ok,0.0005003809928894043,0.003726499592076522,0.07244013910337993
Conditional (pooled),4,2,0.8390663390663391,ok,0.0001748800277709961,0.003006579384252927,0.03919254438486335
Conditional (pooled),4,3,0.8435708435708436,ok,0.00021028518676757812,0.0035596267696119993,0.04587044139956349
Conditional (pooled),4,4,0.857084357084357,ok,0.00015693902969360352,0.0024275808951806487,0.03856105421494156
Conditional (pooled),4,5,0.8411138411138411,ok,0.00014346837997436523,0.0028579067816462494,0.055509652631930535
Conditional (pooled),4,6,0.8398853398853399,ok,0.00024312734603881836,0.0027104404150641234,0.05129503165535707
Conditional (pooled),4,7,0.8464373464373465,warning,0.0003078579902648926,0.004535671451628035,0.04894156545785046
Conditional (pooled),4,8,0.8509418509418509,warning,0.00045365095138549805,0.004459514498517841,0.06258635892762356
Conditional (pooled),4,9,0.819000819000819,warning,0.00020498037338256836,0.003543789724387461,0.0694650591035121
Conditional (pooled),4,10,0.8251433251433251,warning,0.0004685521125793457,0.002677197137933729,0.06324324982178241
Conditional (pooled),4,11,0.8288288288288288,ok,9.149312973022461e-05,0.002825956401710776,0.037265726945604816
Conditional (pooled),4,12,0.8136773136773137,ok,0.00012677907943725586,0.0031635151304630644,0.05613500879502371
Conditional (pooled),4,13,0.8087633087633087,ok,0.00023096799850463867,0.0026323100094919087,0.03912423859006381
Conditional (pooled),4,14,0.8083538083538083,ok,0.000249326229095459,0.0028349925894682725,0.04794472358245775
Conditional (pooled),4,15,0.8087633087633087,ok,0.00024121999740600586,0.003825981839267151,0.05791560809813894
Conditional (pooled),4,16,0.80999180999181,ok,0.00024402141571044922,0.002718082781563356,0.047182458629600944
Conditional (pooled),4,17,0.8005733005733006,ok,0.00032639503479003906,0.003244586744011096,0.054990688507825874
Conditional (pooled),4,18,0.7858312858312858,warning,0.00019037723541259766,0.004498506612748657,0.04624552453933305
Conditional (pooled),4,19,0.7839607201309329,warning,0.0003127455711364746,0.002870984166169186,0.05115331669634218
Conditional (pooled),5,1,0.8370188370188371,ok,0.0004277229309082031,0.002618909362268486,0.0493508732393704
Conditional (pooled),5,2,0.8423423423423423,ok,0.0002932548522949219,0.003230943832208371,0.039224177758750214
Conditional (pooled),5,3,0.8452088452088452,ok,0.00044929981231689453,0.0032553599505868577,0.037872176572000114
Conditional (pooled),5,4,0.8558558558558559,ok,0.0003504157066345215,0.0025508180615576867,0.045317304551175816
Conditional (pooled),5,5,0.8591318591318591,ok,0.00024008750915527344,0.002736140399710452,0.0317997332427034
Conditional (pooled),5,6,0.8378378378378378,ok,0.00046139955520629883,0.003080316686764918,0.04592843869312784
Conditional (pooled),5,7,0.8353808353808354,warning,0.0003281235694885254,0.0035797207105920624,0.04305672529254832
Conditional (pooled),5,8,0.8386568386568387,warning,0.00030237436294555664,0.003023376987343053,0.031285480676404936
Conditional (pooled),5,9,0.8333333333333334,warning,0.00045365095138549805,0.003502568073350246,0.05466625083487305
Conditional (pooled),5,10,0.8370188370188371,warning,0.0002776980400085449,0.003294571926103546,0.0358983898303875
Conditional (pooled),5,11,0.8251433251433251,warning,0.0001392364501953125,0.00258708446684025,0.030541989992179705
Conditional (pooled),5,12,0.8308763308763308,warning,0.0010669827461242676,0.0036885741221116645,0.08234126689209981
Conditional (pooled),5,13,0.8083538083538083,warning,0.0012111067771911621,0.0026779826689915633,0.09010756705087863
Conditional (pooled),5,14,0.812039312039312,critical,0.0006965994834899902,0.0032641376541877832,0.049124459139575596
Conditional (pooled),5,15,0.8042588042588042,critical,0.0006914138793945312,0.002634323699329227,0.060642679617988034
Conditional (pooled),5,16,0.7968877968877969,warning,0.0002638697624206543,0.0030484686476406992,0.03434526131005321
Conditional (pooled),5,17,0.7932022932022932,warning,0.0005133152008056641,0.0034223184606758804,0.04079109579069196
Conditional (pooled),5,18,0.8018018018018018,warning,0.0005154013633728027,0.0035047004701689883,0.04842227520394442
Conditional (pooled),5,19,0.8216039279869067,warning,0.00019884109497070312,0.0029110938527143887,0.041198597886869054
Conditional (pooled),6,1,0.8329238329238329,ok,0.0006669759750366211,0.003509384910810167,0.07821970491423706
Conditional (pooled),6,2,0.8476658476658476,ok,0.0005274415016174316,0.003281651201173702,0.06593736289503822
Conditional (pooled),6,3,0.8574938574938575,ok,0.00013083219528198242,0.002707235924395363,0.04426374227554807
Conditional (pooled),6,4,0.8480753480753481,ok,0.0008079409599304199,0.0028197930070261367,0.06856620375531894
Conditional (pooled),6,5,0.8468468468468469,ok,0.00014793872833251953,0.0028159669005241718,0.04341545853065231
Conditional (pooled),6,6,0.8374283374283374,ok,0.000347137451171875,0.003370242113358787,0.09332760907310583
Conditional (pooled),6,7,0.8583128583128583,ok,0.0007906556129455566,0.0032056055719587324,0.0700179929742063
Conditional (pooled),6,8,0.8329238329238329,ok,0.0004328489303588867,0.003098182608443472,0.08053201275188933
Conditional (pooled),6,9,0.8394758394758395,ok,0.00012493133544921875,0.003016232333006371,0.043601042935013545
Conditional (pooled),6,10,0.8447993447993448,ok,0.0002510547637939453,0.0034809882365391858,0.04284919071507797
Conditional (pooled),6,11,0.8292383292383292,ok,0.0005024075508117676,0.003484609734847641,0.07550168613322386
Conditional (pooled),6,12,0.8341523341523341,ok,0.0006369948387145996,0.0032155433616058784,0.06449822575482396
Conditional (pooled),6,13,0.8243243243243243,ok,0.00015413761138916016,0.0036165933810922424,0.05870699912752902
Conditional (pooled),6,14,0.8247338247338247,ok,0.0002333521842956543,0.0029133155728486085,0.03268730275521805
Conditional (pooled),6,15,0.8214578214578214,warning,0.0011895298957824707,0.0028507038523709043,0.0893377195743157
Conditional (pooled),6,16,0.8063063063063063,warning,0.0007268786430358887,0.003372834069955121,0.08549386797274326
Conditional (pooled),6,17,0.8112203112203112,warning,0.0003834962844848633,0.0033550969161236523,0.0614872972933265
Conditional (pooled),6,18,0.8013923013923014,warning,0.0014204978942871094,0.003690125704479145,0.08901693580563828
Conditional (pooled),6,19,0.7999181669394435,warning,0.0007973313331604004,0.003455615703098801,0.08099825884058781
Conditional (pooled),7,1,0.8341523341523341,ok,0.0010231733322143555,0.0036520500189750954,0.06783010218087296
Conditional (pooled),7,2,0.8439803439803439,ok,0.0003249049186706543,0.002958310245108598,0.04223377900339212
Conditional (pooled),7,3,0.8427518427518428,ok,0.0005246996879577637,0.0032250356637194477,0.0487710580702762
Conditional (pooled),7,4,0.8488943488943489,warning,0.0011409521102905273,0.002923870412983279,0.09239830450558327
Conditional (pooled),7,5,0.8542178542178542,warning,0.0005400776863098145,0.002686296783936091,0.0398828715150722
Conditional (pooled),7,6,0.8382473382473382,warning,0.0006797909736633301,0.003641838241216942,0.0560784365535224
Conditional (pooled),7,7,0.8390663390663391,ok,0.0009295344352722168,0.0033663572018023244,0.06195676342388158
Conditional (pooled),7,8,0.8370188370188371,ok,0.00035458803176879883,0.0034806537320835797,0.04870168590078391
Conditional (pooled),7,9,0.8386568386568387,ok,0.0005064606666564941,0.0035634812731676338,0.04631359240607578
Conditional (pooled),7,10,0.825962325962326,warning,0.0009420514106750488,0.004567473302500056,0.05781685072378722
Conditional (pooled),7,11,0.8321048321048321,warning,0.0010800957679748535,0.0030778086304384736,0.055687476589619395
Conditional (pooled),7,12,0.8366093366093366,warning,0.000554502010345459,0.003602917298832227,0.06581270458769965
Conditional (pooled),7,13,0.8247338247338247,warning,0.0007745623588562012,0.0037595697944510075,0.062898875276896
Conditional (pooled),7,14,0.8001638001638002,warning,0.0020781755447387695,0.0037623052877912297,0.09630254733712865
Conditional (pooled),7,15,0.8071253071253072,warning,0.0004437565803527832,0.003256661809823926,0.04752174024828642
Conditional (pooled),7,16,0.8063063063063063,warning,0.0012153983116149902,0.0034797348991434333,0.05841016523239876
Conditional (pooled),7,17,0.8022113022113022,ok,0.0006312727928161621,0.0032124137624519097,0.06027159108249258
Conditional (pooled),7,18,0.7927927927927928,ok,0.00048154592514038086,0.003098042252690529,0.0450284579892915
Conditional (pooled),7,19,0.8072831423895254,ok,0.0003567934036254883,0.0034666532007336416,0.04645583548994748
Conditional (pooled),8,1,0.8513513513513513,ok,0.0005845427513122559,0.003337223584285012,0.04254801742145011
Conditional (pooled),8,2,0.8476658476658476,ok,0.0012240409851074219,0.0027082800984816946,0.07661759497156949
Conditional (pooled),8,3,0.8443898443898444,ok,0.0006290078163146973,0.004166438885402333,0.055923289283011726
Conditional (pooled),8,4,0.8456183456183456,ok,0.0012997984886169434,0.0030439905394684273,0.0820292470782971
Conditional (pooled),8,5,0.8546273546273546,ok,0.0008862614631652832,0.002869223198398525,0.058875963235629485
Conditional (pooled),8,6,0.834971334971335,warning,0.0019500255584716797,0.0036318915047183938,0.11168105172884937
Conditional (pooled),8,7,0.8419328419328419,warning,0.0005115866661071777,0.0032652386811875974,0.0625334687888154
Conditional (pooled),8,8,0.8366093366093366,warning,0.000979006290435791,0.0035115372644916117,0.055773100978942794
Conditional (pooled),8,9,0.8312858312858313,ok,0.0007772445678710938,0.0031443498121666294,0.06956771759338828
Conditional (pooled),8,10,0.8296478296478297,warning,0.0019660592079162598,0.002756574795694532,0.09004788827900474
Conditional (pooled),8,11,0.8341523341523341,warning,0.0014995932579040527,0.0027538766291514164,0.0825637065577432
Conditional (pooled),8,12,0.8263718263718264,warning,0.0006996393203735352,0.003725286656404799,0.06681806203670691
Conditional (pooled),8,13,0.8173628173628174,ok,0.0016010403633117676,0.003665458136702734,0.0800618549503187
Conditional (pooled),8,14,0.8173628173628174,ok,0.0008121132850646973,0.003448933363950288,0.06356029674312805
Conditional (pooled),8,15,0.8206388206388207,ok,0.0003815293312072754,0.0036647260028537243,0.041157116326308966
Conditional (pooled),8,16,0.7932022932022932,ok,0.0013358592987060547,0.003578152934329509,0.08450396064934713
Conditional (pooled),8,17,0.7981162981162981,ok,0.0011706352233886719,0.004171729454161159,0.06189595734628869
Conditional (pooled),8,18,0.8038493038493039,ok,0.0012368559837341309,0.003097960377202909,0.060430102468102896
Conditional (pooled),8,19,0.7986906710310966,ok,0.0006340146064758301,0.003681019090261653,0.057531326124403634
Conditional (pooled),9,1,0.8493038493038493,ok,0.0009541511535644531,0.002901373257999114,0.0874445262417674
Conditional (pooled),9,2,0.8472563472563472,ok,7.659196853637695e-05,0.002622690252865242,0.04432380367004647
Conditional (pooled),9,3,0.8431613431613432,ok,0.00010091066360473633,0.003195908011691238,0.0474415154003524
Conditional (pooled),9,4,0.866912366912367,ok,0.00010347366333007812,0.0029612974272469825,0.0532591690142946
Conditional (pooled),9,5,0.8538083538083538,ok,0.00010675191879272461,0.002651321265218641,0.03231019515431311
Conditional (pooled),9,6,0.8546273546273546,warning,0.0002142786979675293,0.00370526561394814,0.0456736359980192
Conditional (pooled),9,7,0.846027846027846,warning,6.097555160522461e-05,0.003948605965005044,0.07122603482029034
Conditional (pooled),9,8,0.8394758394758395,warning,0.0003382563591003418,0.002993601155856735,0.055590435466672056
Conditional (pooled),9,9,0.8316953316953317,warning,0.0005955696105957031,0.0034736014997996155,0.061402795691406255
Conditional (pooled),9,10,0.828009828009828,warning,0.00011616945266723633,0.0032034637301538993,0.0548361842833264
Conditional (pooled),9,11,0.8288288288288288,warning,0.00012248754501342773,0.0023572378344498763,0.04697635425994573
Conditional (pooled),9,12,0.8173628173628174,warning,4.190206527709961e-05,0.003543991056782371,0.0477231904591579
Conditional (pooled),9,13,0.8222768222768223,warning,0.0002726316452026367,0.003414941763331081,0.05253381075310629
Conditional (pooled),9,14,0.7977067977067978,warning,0.00031501054763793945,0.0027027691223964123,0.05199022920046919
Conditional (pooled),9,15,0.8087633087633087,ok,7.259845733642578e-05,0.0026840445770064955,0.04365950358465592
Conditional (pooled),9,16,0.7907452907452908,ok,0.00014096498489379883,0.0029794608077093137,0.04425683119024888
Conditional (pooled),9,17,0.785012285012285,warning,0.00027304887771606445,0.0033089259865842196,0.04451498233108366
Conditional (pooled),9,18,0.7882882882882883,warning,0.0002561211585998535,0.003002703779717246,0.04753594232279193
Conditional (pooled),9,19,0.8040098199672667,warning,0.00035256147384643555,0.0031190167469178805,0.06281917595603469
Conditional (pooled),10,1,0.8394758394758395,ok,0.00029718875885009766,0.002582086551791098,0.04909597877685721
Conditional (pooled),10,2,0.8427518427518428,ok,0.0006884932518005371,0.003212317024865666,0.061418322699844666
Conditional (pooled),10,3,0.8394758394758395,ok,0.0005085468292236328,0.003404152433793688,0.06683817540007865
Conditional (pooled),10,4,0.85995085995086,ok,0.0005944371223449707,0.0028490817765325993,0.04971946819695313
Conditional (pooled),10,5,0.8615888615888616,ok,0.0003796815872192383,0.003336884289586873,0.05096197724006735
Conditional (pooled),10,6,0.8546273546273546,ok,0.0007094740867614746,0.0033072930621557313,0.057491155785953076
Conditional (pooled),10,7,0.8468468468468469,ok,0.00023221969604492188,0.0027858452178166106,0.0332775261540772
Conditional (pooled),10,8,0.8415233415233415,ok,0.000370025634765625,0.0031878848655585972,0.05731142364277118
Conditional (pooled),10,9,0.8390663390663391,warning,0.000917971134185791,0.0029719352848020424,0.0589531219536156
Conditional (pooled),10,10,0.8452088452088452,warning,0.0003885626792907715,0.0033436544565339926,0.0459554948500109
Conditional (pooled),10,11,0.8214578214578214,warning,0.00040465593338012695,0.002851326891239044,0.03615635070289246
Conditional (pooled),10,12,0.828009828009828,ok,0.00030994415283203125,0.0033642561557796595,0.0556228521803812
Conditional (pooled),10,13,0.8312858312858313,ok,0.00018519163131713867,0.0025778644483439956,0.040603913202444955
Conditional (pooled),10,14,0.8144963144963145,ok,0.00046449899673461914,0.0031568722203274497,0.04592287286133622
Conditional (pooled),10,15,0.8079443079443079,ok,0.00020015239715576172,0.0034376542021898153,0.033186222572088614
Conditional (pooled),10,16,0.7997542997542998,warning,0.00029528141021728516,0.0037922949414435766,0.04265514900183257
Conditional (pooled),10,17,0.8108108108108109,warning,0.0002632737159729004,0.0029915434972243226,0.03873056779103771
Conditional (pooled),10,18,0.7997542997542998,warning,0.00017654895782470703,0.0026874830918265638,0.032056133798266384
Conditional (pooled),10,19,0.8031914893617021,ok,0.00041413307189941406,0.003150068466476401,0.04677549755270407
Conditional (pooled),11,1,0.8402948402948403,ok,0.0001965165138244629,0.002328459523720347,0.03775543333252436
Conditional (pooled),11,2,0.8447993447993448,ok,0.00035840272903442383,0.003009409028604835,0.050434290326370555
Conditional (pooled),11,3,0.8513513513513513,ok,9.423494338989258e-05,0.003643372183434253,0.030621228438426795
Conditional (pooled),11,4,0.8497133497133497,ok,0.00019061565399169922,0.003413392257002551,0.03801739105575678
Conditional (pooled),11,5,0.852989352989353,ok,0.00020945072174072266,0.002902524761651845,0.03923412024735317
Conditional (pooled),11,6,0.8497133497133497,warning,0.00030487775802612305,0.0023042984792285342,0.050026862011823124
Conditional (pooled),11,7,0.8435708435708436,warning,0.0003624558448791504,0.0033176886630400704,0.04804194720448997
Conditional (pooled),11,8,0.834971334971335,warning,0.00031107664108276367,0.0026615740231895803,0.04002396863860244
Conditional (pooled),11,9,0.8316953316953317,warning,0.0007359981536865234,0.0029407070532800382,0.07385376160987243
Conditional (pooled),11,10,0.8206388206388207,warning,0.00036644935607910156,0.003124785376172456,0.05272550378387594
Conditional (pooled),11,11,0.8325143325143325,warning,5.358457565307617e-05,0.002569152289658008,0.03498997545021568
Conditional (pooled),11,12,0.8177723177723177,ok,0.00016736984252929688,0.003323994120530653,0.035174341526663926
Conditional (pooled),11,13,0.8206388206388207,warning,0.00032597780227661133,0.00337962596082614,0.054450562546699194
Conditional (pooled),11,14,0.8165438165438166,warning,0.0003037452697753906,0.002820722237906893,0.06562300204615172
Conditional (pooled),11,15,0.8116298116298116,warning,0.00027370452880859375,0.0028648998046924474,0.04849006430282928
Conditional (pooled),11,16,0.7981162981162981,warning,0.00016611814498901367,0.0033430283595627264,0.03676679348981163
Conditional (pooled),11,17,0.7858312858312858,ok,0.00014495849609375,0.0034247129267122077,0.027999018181655393
Conditional (pooled),11,18,0.7948402948402948,ok,9.107589721679688e-05,0.0029776083194419985,0.05651079644094376
Conditional (pooled),11,19,0.7806873977086743,ok,7.033348083496094e-05,0.0036038808766770754,0.025047701379710446
Conditional (pooled),12,1,0.8513513513513513,ok,0.00016313791275024414,0.0031694243869152482,0.04284354946001849
Conditional (pooled),12,2,0.8480753480753481,ok,0.00025516748428344727,0.004400101342464609,0.038753513701376086
Conditional (pooled),12,3,0.8435708435708436,ok,0.00010412931442260742,0.0032867792357884184,0.04139595736067903
Conditional (pooled),12,4,0.8521703521703522,warning,0.00041478872299194336,0.0037633203093055904,0.0573828236723856
Conditional (pooled),12,5,0.8517608517608518,warning,0.00014036893844604492,0.0031272926681374705,0.04521729530643659
Conditional (pooled),12,6,0.8300573300573301,warning,0.0004125237464904785,0.003932959382662086,0.04768800491926306
Conditional (pooled),12,7,0.8427518427518428,warning,0.0004456639289855957,0.0028508948717392334,0.05907919925136405
Conditional (pooled),12,8,0.8394758394758395,warning,0.0002123117446899414,0.0037545366950459446,0.04849431811196708
Conditional (pooled),12,9,0.8325143325143325,warning,0.0003313422203063965,0.0027848348731252916,0.05680234172727751
Conditional (pooled),12,10,0.8333333333333334,ok,9.900331497192383e-05,0.003348026682102874,0.039048956798272014
Conditional (pooled),12,11,0.8202293202293203,ok,0.00010704994201660156,0.0031561205396503133,0.053304320547031714
Conditional (pooled),12,12,0.8206388206388207,ok,7.581710815429688e-05,0.0025927922611668755,0.03205161173093558
Conditional (pooled),12,13,0.8194103194103194,ok,0.00015413761138916016,0.002433497530839341,0.04173386927854405
Conditional (pooled),12,14,0.8075348075348076,ok,0.0002289414405822754,0.004135961796462922,0.047897545296819326
Conditional (pooled),12,15,0.8173628173628174,ok,0.00010114908218383789,0.0025757680946379233,0.02346494333556786
Conditional (pooled),12,16,0.7927927927927928,ok,0.00021564960479736328,0.0025500250901170814,0.035870780120985116
Conditional (pooled),12,17,0.8091728091728092,ok,8.118152618408203e-05,0.00328616659717414,0.03656542069586811
Conditional (pooled),12,18,0.7858312858312858,ok,0.00042110681533813477,0.0036056549626582567,0.04696260155184804
Conditional (pooled),12,19,0.7990998363338789,ok,0.0001462697982788086,0.003588852748178224,0.03519587056090074
Conditional (pooled),13,1,0.8345618345618345,ok,0.00034940242767333984,0.004013505665610784,0.05580153312960475
Conditional (pooled),13,2,0.8435708435708436,ok,0.00021219253540039062,0.0028126836282730133,0.04392467194430747
Conditional (pooled),13,3,0.8472563472563472,ok,0.00026667118072509766,0.0031388893257437043,0.052114836283636036
Conditional (pooled),13,4,0.8497133497133497,warning,0.0008828639984130859,0.0028559842573268102,0.0821869185752708
Conditional (pooled),13,5,0.855036855036855,warning,0.0004717111587524414,0.003599420066471437,0.049978850007155025
Conditional (pooled),13,6,0.8443898443898444,warning,0.00033408403396606445,0.0037415956556617978,0.04510450488017233
Conditional (pooled),13,7,0.8439803439803439,ok,0.0001932382583618164,0.0024230385955365348,0.0407563260457815
Conditional (pooled),13,8,0.8484848484848485,ok,0.00036156177520751953,0.003662167258947117,0.05628416839419552
Conditional (pooled),13,9,0.8353808353808354,ok,0.0004004240036010742,0.0032076094559504043,0.05280457043352505
Conditional (pooled),13,10,0.8267813267813268,warning,0.0010759830474853516,0.003319440660913988,0.09429993437882282
Conditional (pooled),13,11,0.8091728091728092,warning,0.0012322068214416504,0.0035832289659626752,0.08105624929401502
Conditional (pooled),13,12,0.8243243243243243,warning,0.0001131892204284668,0.002753882942747467,0.050250390385785576
Conditional (pooled),13,13,0.8308763308763308,warning,0.0004937052726745605,0.002720794896289183,0.04731871291211696
Conditional (pooled),13,14,0.8300573300573301,ok,0.0002614259719848633,0.0029791337281836333,0.06403738923998586
Conditional (pooled),13,15,0.8177723177723177,ok,0.00028145313262939453,0.003013741294394268,0.05974412674120919
Conditional (pooled),13,16,0.8198198198198198,ok,0.00010776519775390625,0.002731585515035856,0.03902196886805845
Conditional (pooled),13,17,0.7895167895167895,ok,0.00021266937255859375,0.003587733979955577,0.05460910608007647
Conditional (pooled),13,18,0.8038493038493039,warning,0.0004360675811767578,0.0028757829184594503,0.0830660649050137
Conditional (pooled),13,19,0.8011456628477905,warning,0.00028824806213378906,0.0034618562699268414,0.05206253353091111
Conditional (pooled),14,1,0.8505323505323505,ok,0.00047266483306884766,0.003551777984964228,0.044629114189815515
Conditional (pooled),14,2,0.8501228501228502,ok,0.0002849698066711426,0.0029181295035346647,0.03961583617579103
Conditional (pooled),14,3,0.8366093366093366,ok,0.0003339052200317383,0.0025479040639177124,0.054936414899177305
Conditional (pooled),14,4,0.8546273546273546,ok,0.00017511844635009766,0.002775693282781191,0.039016420827884105
Conditional (pooled),14,5,0.8402948402948403,ok,0.00010788440704345703,0.002936139363235284,0.028222360186563954
Conditional (pooled),14,6,0.8443898443898444,ok,7.456541061401367e-05,0.0028480378192668404,0.042504282390590474
Conditional (pooled),14,7,0.8566748566748567,ok,0.00020635128021240234,0.002554373141805391,0.04680354986487591
Conditional (pooled),14,8,0.8370188370188371,ok,0.0003083944320678711,0.002272519170684442,0.04786043467422644
Conditional (pooled),14,9,0.8304668304668305,ok,0.00020927190780639648,0.003192319361755646,0.0429996826394712
Conditional (pooled),14,10,0.8284193284193284,ok,0.00044232606887817383,0.002916266690082621,0.05864882998931318
Conditional (pooled),14,11,0.8284193284193284,ok,0.00037157535552978516,0.0031226908652447188,0.03849593363751161
Conditional (pooled),14,12,0.814086814086814,ok,0.000453948974609375,0.003096318143764172,0.04609341401931753
Conditional (pooled),14,13,0.8214578214578214,warning,0.0006123781204223633,0.003354317008357587,0.05202114150076089
Conditional (pooled),14,14,0.8136773136773137,warning,0.000310361385345459,0.002931296250285583,0.04300612318503995
Conditional (pooled),14,15,0.8132678132678133,warning,0.0003552436828613281,0.002457049661462962,0.044502027793444435
Conditional (pooled),14,16,0.8083538083538083,ok,0.0002701282501220703,0.002762354566610407,0.04105777824034396
Conditional (pooled),14,17,0.7968877968877969,ok,0.00016933679580688477,0.002626457018478773,0.03265320347205574
Conditional (pooled),14,18,0.7948402948402948,ok,0.00037491321563720703,0.002501576305059926,0.05891887267928656
Conditional (pooled),14,19,0.8007364975450082,ok,0.00011110305786132812,0.002356259269978869,0.028200015781545882
Conditional (pooled),15,1,0.8603603603603603,ok,0.00016230344772338867,0.003299332428808946,0.053372881955685125
Conditional (pooled),15,2,0.8427518427518428,ok,0.00017827749252319336,0.0023486188618125348,0.03506492522227089
Conditional (pooled),15,3,0.8345618345618345,ok,0.00018042325973510742,0.003409307195632796,0.034993747680964485
Conditional (pooled),15,4,0.8558558558558559,warning,0.0005410313606262207,0.0023740936485943664,0.06065317183232622
Conditional (pooled),15,5,0.8546273546273546,warning,0.0002486705780029297,0.002666642895900801,0.03500613132697635
Conditional (pooled),15,6,0.8443898443898444,warning,0.00010603666305541992,0.0032559355363630657,0.02956677724718698
Conditional (pooled),15,7,0.8402948402948403,ok,0.0003342628479003906,0.0023705238450305657,0.03766901867056493
Conditional (pooled),15,8,0.8276003276003276,warning,0.0005481839179992676,0.0029508116296982296,0.05195820329437758
Conditional (pooled),15,9,0.8378378378378378,warning,0.0002390742301940918,0.004284946840554441,0.04315686190461193
Conditional (pooled),15,10,0.8288288288288288,warning,0.0004519224166870117,0.0032140993763287396,0.05682435253426049
Conditional (pooled),15,11,0.8304668304668305,warning,0.00026232004165649414,0.002805260960522263,0.04498745261970488
Conditional (pooled),15,12,0.8276003276003276,ok,0.0002563595771789551,0.003574205065639582,0.03200741472563135
Conditional (pooled),15,13,0.8206388206388207,ok,0.00015026330947875977,0.002571830623975372,0.033936017366367116
Conditional (pooled),15,14,0.7997542997542998,ok,0.0004451274871826172,0.002581872500324895,0.03697005892134317
Conditional (pooled),15,15,0.8026208026208026,ok,0.00020360946655273438,0.0024063870047603114,0.041696580094845975
Conditional (pooled),15,16,0.8022113022113022,ok,0.0003648996353149414,0.0028945009182743692,0.049523493987982926
Conditional (pooled),15,17,0.8018018018018018,ok,0.00033402442932128906,0.0028154294879273907,0.04576330447995116
Conditional (pooled),15,18,0.8042588042588042,warning,0.0001919865608215332,0.004109408955938814,0.0277948808962808
Conditional (pooled),15,19,0.7909165302782324,warning,0.000186920166015625,0.002758903689017979,0.06011372847133896
Conditional (pooled),16,1,0.855036855036855,ok,0.0003935694694519043,0.002865800357903801,0.04214254824140409
Conditional (pooled),16,2,0.8439803439803439,ok,0.00012040138244628906,0.002330690322193256,0.03307407376158869
Conditional (pooled),16,3,0.8447993447993448,ok,0.00020831823348999023,0.002900719604980238,0.06479336607367575
Conditional (pooled),16,4,0.8542178542178542,warning,0.00010883808135986328,0.004009373901849746,0.04431174972002015
Conditional (pooled),16,5,0.8439803439803439,warning,0.0009669065475463867,0.0029181329320165923,0.057219195701269605
Conditional (pooled),16,6,0.8521703521703522,warning,0.00024259090423583984,0.002818455184633137,0.0500238175776308
Conditional (pooled),16,7,0.8439803439803439,warning,0.00010836124420166016,0.0027427441141275274,0.047947573523831555
Conditional (pooled),16,8,0.8497133497133497,warning,0.0008133053779602051,0.0023547470944324887,0.07079071696789711
Conditional (pooled),16,9,0.8284193284193284,warning,0.00010538101196289062,0.0022603642308843498,0.0402797991492013
Conditional (pooled),16,10,0.8366093366093366,warning,0.00019294023513793945,0.004013647156733265,0.0487093514088902
Conditional (pooled),16,11,0.8263718263718264,ok,9.816884994506836e-05,0.002732689480956847,0.035579098295067633
Conditional (pooled),16,12,0.8157248157248157,ok,0.0002467632293701172,0.0025546794049193756,0.03214929374522182
Conditional (pooled),16,13,0.8153153153153153,ok,3.808736801147461e-05,0.0027102678406362313,0.04269481910736645
Conditional (pooled),16,14,0.8091728091728092,ok,0.00010067224502563477,0.003304017098697108,0.03988176938149691
Conditional (pooled),16,15,0.8050778050778051,ok,0.00022286176681518555,0.0030794807332125587,0.045823625884995944
Conditional (pooled),16,16,0.7981162981162981,ok,0.00026297569274902344,0.002622563236711291,0.037993904694390054
Conditional (pooled),16,17,0.7944307944307945,ok,0.00014358758926391602,0.003658079913592022,0.05212125256520305
Conditional (pooled),16,18,0.7911547911547911,ok,0.0003291964530944824,0.0027144403461317776,0.04411204680300597
Conditional (pooled),16,19,0.7982815057283142,warning,0.00041991472244262695,0.00292298769945264,0.05068492762088861
Conditional (pooled),17,1,0.8456183456183456,ok,0.00022369623184204102,0.003588871351351083,0.034595651393809664
Conditional (pooled),17,2,0.8595413595413596,ok,0.00046813488006591797,0.0027653459258454322,0.06018309445897646
Conditional (pooled),17,3,0.834971334971335,ok,0.0005048513412475586,0.0030444069184692186,0.055676775600800844
Conditional (pooled),17,4,0.8501228501228502,ok,0.000431060791015625,0.0032155285653008934,0.04712510283465847
Conditional (pooled),17,5,0.8402948402948403,ok,0.00016075372695922852,0.0032225788014259744,0.049761130658045466
Conditional (pooled),17,6,0.8427518427518428,ok,0.00012606382369995117,0.0028166998658821943,0.037055368691585176
Conditional (pooled),17,7,0.8353808353808354,warning,0.00018602609634399414,0.0042107655881239645,0.04040242465679042
Conditional (pooled),17,8,0.8370188370188371,warning,0.00030225515365600586,0.003108632816006327,0.044917728608500136
Conditional (pooled),17,9,0.8345618345618345,warning,0.0003527998924255371,0.003356516474691631,0.046869719490816204
Conditional (pooled),17,10,0.8456183456183456,ok,0.00020164251327514648,0.003090229517517017,0.03615071730415696
Conditional (pooled),17,11,0.8136773136773137,ok,0.0006123185157775879,0.0029158414890292205,0.0658731500349861
Conditional (pooled),17,12,0.8292383292383292,ok,0.00011849403381347656,0.0029275912905461724,0.032048168768398826
Conditional (pooled),17,13,0.8194103194103194,warning,0.0006969571113586426,0.0027896838750581052,0.06681298108178017
Conditional (pooled),17,14,0.8206388206388207,warning,0.0003809928894042969,0.003297176335833936,0.04602059768779798
Conditional (pooled),17,15,0.8226863226863227,warning,0.00029277801513671875,0.003221181282528997,0.04714166150433312
Conditional (pooled),17,16,0.8173628173628174,ok,0.00043761730194091797,0.0032934986351845375,0.044154366542824314
Conditional (pooled),17,17,0.7993447993447993,ok,0.00022137165069580078,0.0034962175278145675,0.040144800621158966
Conditional (pooled),17,18,0.803030303030303,ok,8.845329284667969e-05,0.0034744032278394878,0.03328685022823443
Conditional (pooled),17,19,0.7810965630114566,ok,0.00026482343673706055,0.0028925931943177526,0.031484794498947116
Conditional (pooled),18,1,0.8648648648648649,ok,0.00018709897994995117,0.002538175527384049,0.042472600787961945
Conditional (pooled),18,2,0.8488943488943489,ok,0.0003370046615600586,0.0033519280694512877,0.06654107345483226
Conditional (pooled),18,3,0.8480753480753481,ok,0.00013059377670288086,0.0032817179642589183,0.05821604677027873
Conditional (pooled),18,4,0.8538083538083538,ok,0.0005442500114440918,0.003153217471674282,0.05796326977628136
Conditional (pooled),18,5,0.855036855036855,ok,0.00015407800674438477,0.0032320539403286495,0.0491922204111225
Conditional (pooled),18,6,0.8501228501228502,ok,0.0003668069839477539,0.003473626800188462,0.050400136459915715
Conditional (pooled),18,7,0.8443898443898444,ok,0.0004132986068725586,0.0033583736063399153,0.05228371237977472
Conditional (pooled),18,8,0.8341523341523341,ok,0.00010448694229125977,0.003626962650260957,0.056427259341490225
Conditional (pooled),18,9,0.8542178542178542,ok,0.0001360774040222168,0.002902633503204315,0.03768207656370621
Conditional (pooled),18,10,0.8218673218673219,ok,0.0005179643630981445,0.003461052003647541,0.047228790838618424
Conditional (pooled),18,11,0.8321048321048321,ok,0.0004456043243408203,0.0032965178307278803,0.06194791701957167
Conditional (pooled),18,12,0.8136773136773137,ok,0.0002707839012145996,0.0035185717999212827,0.05577647304618279
Conditional (pooled),18,13,0.8157248157248157,ok,0.0002434849739074707,0.002889601492930961,0.04708194163880395
Conditional (pooled),18,14,0.8181818181818182,ok,0.00040668249130249023,0.002811010698382718,0.06114984343247338
Conditional (pooled),18,15,0.8083538083538083,ok,7.593631744384766e-05,0.003201321020961953,0.0362647803775649
Conditional (pooled),18,16,0.7997542997542998,ok,0.00012433528900146484,0.002801536246755872,0.04150901830859672
Conditional (pooled),18,17,0.7989352989352989,ok,0.0002231001853942871,0.0034335822274089243,0.03858166946817869
Conditional (pooled),18,18,0.7841932841932842,ok,0.00025337934494018555,0.0026909718702913038,0.044401799924669735
Conditional (pooled),18,19,0.7982815057283142,ok,0.00031250715255737305,0.003730433637088432,0.05252906019424274
Conditional (pooled),19,1,0.8480753480753481,ok,0.00023740530014038086,0.0028743472860043124,0.033300749534495244
Conditional (pooled),19,2,0.8587223587223587,ok,0.0005998015403747559,0.0032912829934254985,0.07368497290950952
Conditional (pooled),19,3,0.8415233415233415,ok,0.00011175870895385742,0.002744593932529887,0.029643640336222073
Conditional (pooled),19,4,0.8456183456183456,ok,0.0002543330192565918,0.0033833425401612535,0.03693837877118876
Conditional (pooled),19,5,0.8443898443898444,ok,0.00033205747604370117,0.003165605290642329,0.03443677418496856
Conditional (pooled),19,6,0.8427518427518428,ok,8.058547973632812e-05,0.0029235082500951868,0.03990496743232213
Conditional (pooled),19,7,0.8353808353808354,ok,0.00024086236953735352,0.003281149484272599,0.047739066568471766
Conditional (pooled),19,8,0.8407043407043407,ok,0.00015527009963989258,0.002853401899295427,0.027564919548882218
Conditional (pooled),19,9,0.8329238329238329,ok,0.00012087821960449219,0.002865663560677711,0.03580855406186687
Conditional (pooled),19,10,0.8251433251433251,warning,0.00023543834686279297,0.0035310154809174363,0.03795760496516452
Conditional (pooled),19,11,0.8271908271908271,warning,0.00010150671005249023,0.0033863319635548707,0.03014838592401781
Conditional (pooled),19,12,0.8276003276003276,warning,0.00017195940017700195,0.003665137517121851,0.03507303235703721
Conditional (pooled),19,13,0.825962325962326,warning,0.0007461905479431152,0.0031690099092362934,0.0702088367881536
Conditional (pooled),19,14,0.8255528255528255,warning,0.0001646876335144043,0.002994138941830404,0.03673039244969934
Conditional (pooled),19,15,0.8091728091728092,warning,0.0006375312805175781,0.00288128595987867,0.06968882142893747
Conditional (pooled),19,16,0.8112203112203112,warning,0.000888824462890625,0.002604302159887147,0.0938907325108853
Conditional (pooled),19,17,0.7993447993447993,warning,0.0002028346061706543,0.002382488478940849,0.03561913002053365
Conditional (pooled),19,18,0.7776412776412777,warning,0.0006680488586425781,0.0037562342542585263,0.05468099496276243
Conditional (pooled),19,19,0.7933715220949263,warning,0.00022929906845092773,0.002644054206879515,0.048119243742686356
Conditional (pooled),20,1,0.8427518427518428,ok,0.00025719404220581055,0.002489743807402569,0.060060336450564904
Conditional (pooled),20,2,0.8505323505323505,ok,0.0002276897430419922,0.0033389741290565677,0.03183310331323282
Conditional (pooled),20,3,0.8292383292383292,ok,0.00023406744003295898,0.003871715172186901,0.052606933181007065
Conditional (pooled),20,4,0.8587223587223587,ok,9.107589721679688e-05,0.0030762320170999043,0.03957069649633376
Conditional (pooled),20,5,0.8456183456183456,ok,0.00011527538299560547,0.003451469409344435,0.043298576622103055
Conditional (pooled),20,6,0.855036855036855,ok,0.00016391277313232422,0.0031749416818368627,0.02942376567339139
Conditional (pooled),20,7,0.8296478296478297,ok,9.47713851928711e-05,0.0032411956845460393,0.031875913592464375
Conditional (pooled),20,8,0.8325143325143325,ok,0.00012665987014770508,0.0020252489085261,0.04016792444080521
Conditional (pooled),20,9,0.8333333333333334,warning,0.0009581446647644043,0.003269280148706608,0.09352282932627697
Conditional (pooled),20,10,0.8312858312858313,warning,0.0003018975257873535,0.003327200325653326,0.04123441632120074
Conditional (pooled),20,11,0.8235053235053235,warning,0.00031679868698120117,0.004625511311559584,0.04687873264934857
Conditional (pooled),20,12,0.8087633087633087,warning,0.00012701749801635742,0.0035596508736510856,0.038019040158593614
Conditional (pooled),20,13,0.8177723177723177,warning,8.207559585571289e-05,0.0032910234910236676,0.03304129420916179
Conditional (pooled),20,14,0.8091728091728092,ok,0.0001061558723449707,0.0026764169113216315,0.0441010889065597
Conditional (pooled),20,15,0.7944307944307945,ok,0.00023752450942993164,0.0033321027366004802,0.03275105702082675
Conditional (pooled),20,16,0.7911547911547911,ok,0.00026929378509521484,0.0031697502973331163,0.04028533503688173
Conditional (pooled),20,17,0.7948402948402948,warning,0.0004181861877441406,0.003103615476481443,0.038077111324425254
Conditional (pooled),20,18,0.7751842751842751,warning,0.0004933476448059082,0.00319026302309931,0.06341040795585054
Conditional (pooled),20,19,0.763911620294599,warning,0.0001685023307800293,0.0029899507942145916,0.033552049260750755
Conditional (pooled),21,1,0.8497133497133497,ok,0.0002467632293701172,0.0031467624736273942,0.029031083938141005
Conditional (pooled),21,2,0.8505323505323505,ok,0.00021839141845703125,0.002859274442745135,0.0434030766151084
Conditional (pooled),21,3,0.8431613431613432,ok,0.00027489662170410156,0.002960504932493944,0.03784698522916907
Conditional (pooled),21,4,0.8505323505323505,warning,0.00042045116424560547,0.003889153976273983,0.04310499859690043
Conditional (pooled),21,5,0.8562653562653563,warning,0.0003859400749206543,0.0028614604856047905,0.0457091270387249
Conditional (pooled),21,6,0.8427518427518428,warning,0.0005384683609008789,0.0028090793994518725,0.04890157900202212
Conditional (pooled),21,7,0.8452088452088452,warning,0.00017714500427246094,0.004354350143335405,0.027225133417631678
Conditional (pooled),21,8,0.8525798525798526,warning,0.0003770589828491211,0.002667324270379308,0.053928127949107764
Conditional (pooled),21,9,0.8304668304668305,warning,0.0012400150299072266,0.00315971252905772,0.06975431720012587
Conditional (pooled),21,10,0.825962325962326,warning,0.0001609325408935547,0.0038020134113446007,0.0358633294219349
Conditional (pooled),21,11,0.825962325962326,warning,0.00022780895233154297,0.003735471582037712,0.033399941335765175
Conditional (pooled),21,12,0.803030303030303,ok,0.0002555251121520996,0.0034411368047133177,0.03853158751196759
Conditional (pooled),21,13,0.8177723177723177,warning,0.0005519986152648926,0.003201313539034409,0.05407677098851663
Conditional (pooled),21,14,0.8353808353808354,warning,0.00013333559036254883,0.0027031667840480287,0.036693702981414764
Conditional (pooled),21,15,0.8108108108108109,warning,0.0002110600471496582,0.003845281159794365,0.047442902114119716
Conditional (pooled),21,16,0.8063063063063063,ok,0.0003587007522583008,0.0024706648752969435,0.04253853188169663
Conditional (pooled),21,17,0.8005733005733006,ok,8.207559585571289e-05,0.002640424993680634,0.03350461917089083
Conditional (pooled),21,18,0.7882882882882883,ok,0.0001894235610961914,0.0026678258982205786,0.032529954742635966
Conditional (pooled),21,19,0.7835515548281505,ok,0.00017386674880981445,0.003044340265300047,0.04028161773704669
Conditional (pooled),22,1,0.8579033579033579,ok,0.0002250075340270996,0.0030709084832811536,0.05130767855235665
Conditional (pooled),22,2,0.8751023751023751,ok,0.00027179718017578125,0.0030963637552410407,0.04204723390985706
Conditional (pooled),22,3,0.8542178542178542,ok,4.5359134674072266e-05,0.0030137897560454123,0.04111484092016961
Conditional (pooled),22,4,0.8685503685503686,ok,0.00041419267654418945,0.0028170771944966916,0.03695111353663318
Conditional (pooled),22,5,0.8538083538083538,ok,5.537271499633789e-05,0.0032691699468947273,0.049367020001626745
Conditional (pooled),22,6,0.8472563472563472,warning,0.00011420249938964844,0.0036812461297653903,0.04193055088708846
Conditional (pooled),22,7,0.8382473382473382,warning,0.0005752444267272949,0.004071263054334968,0.06962566116914749
Conditional (pooled),22,8,0.8316953316953317,critical,0.0003472566604614258,0.0034964254923960346,0.05835361790372881
Conditional (pooled),22,9,0.8194103194103194,warning,0.00010848045349121094,0.0031778517732082012,0.03501643324621709
Conditional (pooled),22,10,0.8378378378378378,warning,0.00017631053924560547,0.004177691832481907,0.04527517742256922
Conditional (pooled),22,11,0.8235053235053235,warning,0.00011968612670898438,0.003085068377113101,0.044344849915973636
Conditional (pooled),22,12,0.8288288288288288,warning,0.0001538395881652832,0.002858818292393298,0.039742421751403696
Conditional (pooled),22,13,0.8345618345618345,ok,0.00011867284774780273,0.0028055001363122478,0.04713125077142425
Conditional (pooled),22,14,0.8161343161343161,warning,0.00011432170867919922,0.0034677588390060196,0.054287090734140085
Conditional (pooled),22,15,0.8067158067158067,warning,0.0003699660301208496,0.0037869417210611685,0.04986810541753842
Conditional (pooled),22,16,0.8153153153153153,warning,8.702278137207031e-05,0.002664082865304704,0.05057542016928029
Conditional (pooled),22,17,0.8112203112203112,warning,0.0005267858505249023,0.004056197696347125,0.07524505286896258
Conditional (pooled),22,18,0.7927927927927928,warning,7.075071334838867e-05,0.0034129936926592256,0.03507419908347743
Conditional (pooled),22,19,0.7753682487725041,warning,0.00023168325424194336,0.003314513354870831,0.03842474255277524
Conditional (pooled),23,1,0.8419328419328419,ok,0.00047069787979125977,0.0028586617671396038,0.05909040218171861
Conditional (pooled),23,2,0.8484848484848485,ok,0.00037425756454467773,0.003214179952146917,0.054024559554753
Conditional (pooled),23,3,0.8411138411138411,ok,0.0003924369812011719,0.003461315538071403,0.051669646431306594
Conditional (pooled),23,4,0.8579033579033579,warning,8.815526962280273e-05,0.005148221070673421,0.03253766160566447
Conditional (pooled),23,5,0.8546273546273546,warning,0.0002135634422302246,0.002777290956190883,0.04607221651633785
Conditional (pooled),23,6,0.8390663390663391,warning,0.00032585859298706055,0.002578575426673076,0.05165162524109266
Conditional (pooled),23,7,0.8468468468468469,ok,0.00038307905197143555,0.0032665499097845286,0.04054091910973551
Conditional (pooled),23,8,0.8329238329238329,ok,0.00031369924545288086,0.0032836478709839805,0.042481109839035046
Conditional (pooled),23,9,0.8337428337428338,ok,0.0003523826599121094,0.003021592137980666,0.03449253638005719
Conditional (pooled),23,10,0.8456183456183456,ok,7.396936416625977e-05,0.0032680531037278513,0.026164261933370736
Conditional (pooled),23,11,0.8345618345618345,ok,0.00027495622634887695,0.0031635319376891024,0.03942234286265013
Conditional (pooled),23,12,0.846027846027846,ok,0.0001494884490966797,0.003381198933468903,0.03997089472701774
Conditional (pooled),23,13,0.8271908271908271,ok,0.00027436017990112305,0.0038800965927955453,0.027319392484855307
Conditional (pooled),23,14,0.816953316953317,ok,0.00013786554336547852,0.0032892772794011317,0.032305297148024936
Conditional (pooled),23,15,0.8144963144963145,ok,8.463859558105469e-05,0.003100063773443717,0.03936208060097456
Conditional (pooled),23,16,0.8173628173628174,ok,0.00020778179168701172,0.00315890700878262,0.02879755400938741
Conditional (pooled),23,17,0.8058968058968059,ok,5.841255187988281e-05,0.0033282675990494327,0.027341838173786964
Conditional (pooled),23,18,0.7968877968877969,ok,0.00019317865371704102,0.002454817605256271,0.040899360064327206
Conditional (pooled),23,19,0.7876432078559739,ok,0.00022989511489868164,0.0026561138786479273,0.036617803292613826
Conditional (pooled),24,1,0.8587223587223587,ok,0.000989377498626709,0.004126659883092432,0.07222263366106005
Conditional (pooled),24,2,0.8628173628173628,ok,0.0016205310821533203,0.003362456525437447,0.07840832443808701
Conditional (pooled),24,3,0.8480753480753481,ok,0.0009707212448120117,0.0031518224772017454,0.059681808592768414
Conditional (pooled),24,4,0.852989352989353,ok,0.0002828836441040039,0.0029692414060147896,0.03250379288106864
Conditional (pooled),24,5,0.8411138411138411,ok,5.632638931274414e-05,0.003447810144663324,0.04675855784703947
Conditional (pooled),24,6,0.8464373464373465,ok,0.0002713799476623535,0.0026121296625337756,0.04967835024364383
Conditional (pooled),24,7,0.8402948402948403,ok,0.00024169683456420898,0.0028798231704516954,0.03087682129277144
Conditional (pooled),24,8,0.8308763308763308,ok,0.00022751092910766602,0.00308245153910678,0.03296970592417906
Conditional (pooled),24,9,0.8423423423423423,ok,0.0005438923835754395,0.002990428498797752,0.04239288834362231
Conditional (pooled),24,10,0.8345618345618345,ok,0.0006027817726135254,0.003609211755155899,0.06220331620867383
Conditional (pooled),24,11,0.8378378378378378,warning,0.0019753575325012207,0.002872132696810059,0.10445932163128487
Conditional (pooled),24,12,0.8251433251433251,warning,0.00024700164794921875,0.003037330804933243,0.03201150720257138
Conditional (pooled),24,13,0.8230958230958231,warning,0.00012409687042236328,0.0037984622118932103,0.02951361191129393
Conditional (pooled),24,14,0.8124488124488124,ok,0.00046455860137939453,0.002861585975327015,0.03524474565467563
Conditional (pooled),24,15,0.821048321048321,ok,0.0002455711364746094,0.003318368666252153,0.03291524589506232
Conditional (pooled),24,16,0.8153153153153153,ok,0.00037223100662231445,0.002602540632531525,0.04328871335312548
Conditional (pooled),24,17,0.8104013104013104,ok,0.0006090998649597168,0.002936832715064828,0.05101150680977139
Conditional (pooled),24,18,0.7903357903357904,ok,0.0006361603736877441,0.0037972370715644074,0.04616396776861977
Conditional (pooled),24,19,0.7999181669394435,warning,0.0007213354110717773,0.004089825600229689,0.04334195646050015
Conditional (class-cond),0,1,0.8542178542178542,ok,0.00028061866760253906,0.003353786015943474,0.05203429118176988
Conditional (class-cond),0,2,0.8513513513513513,ok,0.0003293156623840332,0.003622845253423178,0.046084095450658495
Conditional (class-cond),0,3,0.8484848484848485,warning,0.0006455779075622559,0.003992918740341967,0.04854679154443095
Conditional (class-cond),0,4,0.8632268632268633,warning,0.00031256675720214844,0.0024977323520898346,0.05308741940551598
Conditional (class-cond),0,5,0.8513513513513513,warning,0.0003091096878051758,0.003032725120841185,0.03209729385418747
Conditional (class-cond),0,6,0.8562653562653563,warning,0.00023895502090454102,0.004149340215623427,0.07499299284940175
Conditional (class-cond),0,7,0.8476658476658476,warning,0.0008966922760009766,0.0030939606206524016,0.055609112766679646
Conditional (class-cond),0,8,0.8456183456183456,warning,0.00018662214279174805,0.0027373662510678056,0.024644737343176477
Conditional (class-cond),0,9,0.8407043407043407,warning,0.0008597373962402344,0.0037045117359412382,0.08604365053983669
Conditional (class-cond),0,10,0.8415233415233415,warning,0.000422060489654541,0.002955960121485098,0.04685641152193904
Conditional (class-cond),0,11,0.8374283374283374,warning,0.0005101561546325684,0.0036247027665111914,0.04705843361405702
Conditional (class-cond),0,12,0.8329238329238329,warning,0.0004673004150390625,0.003307777268771414,0.05129097085933091
Conditional (class-cond),0,13,0.814086814086814,warning,0.0003229379653930664,0.002809476420568797,0.03173673621708587
Conditional (class-cond),0,14,0.8161343161343161,warning,0.00020968914031982422,0.0034593357544470686,0.02821156648514561
Conditional (class-cond),0,15,0.8185913185913186,warning,0.00027817487716674805,0.003472176005665169,0.04070025300515792
Conditional (class-cond),0,16,0.803030303030303,warning,0.0008602738380432129,0.0041401922317887835,0.06294708996109227
Conditional (class-cond),0,17,0.7882882882882883,warning,0.00013339519500732422,0.0035911670514765896,0.035183546576678236
Conditional (class-cond),0,18,0.7866502866502867,warning,0.0007874965667724609,0.0032884384718913614,0.059770027487226055
Conditional (class-cond),0,19,0.8158756137479541,warning,0.0013862848281860352,0.0041706968675449384,0.07865215176280879
Conditional (class-cond),1,1,0.8583128583128583,ok,0.00022846460342407227,0.003176264971505931,0.057170404159941776
Conditional (class-cond),1,2,0.8505323505323505,ok,0.00024271011352539062,0.0043366320934400335,0.032941697637514714
Conditional (class-cond),1,3,0.8480753480753481,warning,0.00040715932846069336,0.002922772273731846,0.053312878266288104
Conditional (class-cond),1,4,0.8546273546273546,warning,0.0002703666687011719,0.0033761521050419217,0.04984218357657191
Conditional (class-cond),1,5,0.8390663390663391,warning,0.0008816123008728027,0.0028140682023089425,0.07828391143284828
Conditional (class-cond),1,6,0.8488943488943489,warning,0.0003892183303833008,0.0037234486966954894,0.06366753684895322
Conditional (class-cond),1,7,0.857084357084357,warning,0.00038546323776245117,0.004203579862707385,0.053301376984344145
Conditional (class-cond),1,8,0.8423423423423423,warning,0.001041710376739502,0.003891000371693874,0.08588116008782244
Conditional (class-cond),1,9,0.8308763308763308,warning,0.00011646747589111328,0.0031556890416819905,0.03242057850729323
Conditional (class-cond),1,10,0.8374283374283374,warning,0.00036972761154174805,0.003782512099350322,0.04698310217863588
Conditional (class-cond),1,11,0.8185913185913186,warning,0.00042688846588134766,0.004007363305438442,0.06527623648691958
Conditional (class-cond),1,12,0.8276003276003276,warning,0.0005207061767578125,0.0035720528199410175,0.05656470671177139
Conditional (class-cond),1,13,0.8325143325143325,critical,0.0010308027267456055,0.004896080077476594,0.08308689544064338
Conditional (class-cond),1,14,0.823914823914824,warning,9.59634780883789e-05,0.0031431685271752817,0.03537963427977756
Conditional (class-cond),1,15,0.80999180999181,warning,0.0005929470062255859,0.003935207423521929,0.07759392090419423
Conditional (class-cond),1,16,0.8173628173628174,warning,0.0008277297019958496,0.0034275606088213922,0.07724903430789708
Conditional (class-cond),1,17,0.8075348075348076,critical,0.0005400776863098145,0.003430478047977707,0.06652572431603886
Conditional (class-cond),1,18,0.8042588042588042,warning,0.00032329559326171875,0.003115642502075993,0.05751775092846045
Conditional (class-cond),1,19,0.7970540098199672,warning,0.00018936395645141602,0.0033042296024739927,0.044075694368544485
Conditional (class-cond),2,1,0.8394758394758395,ok,0.0002689361572265625,0.0036309310298190487,0.07846781513743317
Conditional (class-cond),2,2,0.8452088452088452,ok,0.00031048059463500977,0.0029723278169299944,0.043331324205819456
Conditional (class-cond),2,3,0.8484848484848485,ok,0.00029647350311279297,0.003272734833702044,0.07177449026487137
Conditional (class-cond),2,4,0.8468468468468469,ok,0.000706017017364502,0.0024636466171285266,0.06973835773938432
Conditional (class-cond),2,5,0.8648648648648649,ok,0.0004456043243408203,0.0032088710056674173,0.05802764712751255
Conditional (class-cond),2,6,0.8423423423423423,ok,0.0004742145538330078,0.0036293382593029807,0.06797820588697386
Conditional (class-cond),2,7,0.8439803439803439,ok,0.0002881288528442383,0.0036133109613159875,0.042699565879091385
Conditional (class-cond),2,8,0.8427518427518428,warning,0.00040733814239501953,0.0035393309031613194,0.05632842980923226
Conditional (class-cond),2,9,0.8325143325143325,warning,0.00017088651657104492,0.004673566270945317,0.058787221143637734
Conditional (class-cond),2,10,0.8411138411138411,warning,0.0005005598068237305,0.002823781896332955,0.06939851215611123
Conditional (class-cond),2,11,0.8202293202293203,warning,0.00024300813674926758,0.0038700648216122083,0.04365519020982151
Conditional (class-cond),2,12,0.8144963144963145,ok,0.0007026791572570801,0.003362001428805615,0.06816736038737645
Conditional (class-cond),2,13,0.8112203112203112,warning,0.001076817512512207,0.0034441267857306885,0.07369428935302866
Conditional (class-cond),2,14,0.8181818181818182,warning,0.0006780624389648438,0.0042957536442053725,0.06275150464522758
Conditional (class-cond),2,15,0.8087633087633087,warning,0.00020813941955566406,0.0030054996847107395,0.04961598269211827
Conditional (class-cond),2,16,0.8058968058968059,warning,0.0003807544708251953,0.0032544790415802026,0.053939934504156635
Conditional (class-cond),2,17,0.7825552825552825,warning,0.0001800060272216797,0.00378598830709724,0.046046101246380096
Conditional (class-cond),2,18,0.7948402948402948,warning,0.0001398921012878418,0.0031202223562878852,0.03252814529331788
Conditional (class-cond),2,19,0.7876432078559739,warning,0.00019401311874389648,0.0033278020488548476,0.07445700537713386
Conditional (class-cond),3,1,0.8439803439803439,ok,0.00017517805099487305,0.0031597881373777426,0.043083447006029174
Conditional (class-cond),3,2,0.852989352989353,ok,0.0011145472526550293,0.0028628519874950914,0.05981542288579727
Conditional (class-cond),3,3,0.8394758394758395,ok,0.00025540590286254883,0.002927925596776124,0.040187255540177345
Conditional (class-cond),3,4,0.8447993447993448,ok,0.00020253658294677734,0.002893390211664228,0.04399549802742365
Conditional (class-cond),3,5,0.8493038493038493,warning,0.00025397539138793945,0.003781093180305134,0.03734043492320342
Conditional (class-cond),3,6,0.8566748566748567,warning,0.000217437744140625,0.002565058786243706,0.03449735477266203
Conditional (class-cond),3,7,0.8497133497133497,warning,0.0004069805145263672,0.0029335040792015186,0.03857147709222817
Conditional (class-cond),3,8,0.8443898443898444,warning,0.0003771781921386719,0.0032653766366970262,0.06069404543225863
Conditional (class-cond),3,9,0.8439803439803439,warning,0.00031495094299316406,0.0033669669008035957,0.036555433978476694
Conditional (class-cond),3,10,0.8337428337428338,critical,0.00015109777450561523,0.004640918947014379,0.040797089232121525
Conditional (class-cond),3,11,0.8230958230958231,warning,0.0008821487426757812,0.0027416635643141615,0.08610575694315645
Conditional (class-cond),3,12,0.80999180999181,warning,0.0001410841941833496,0.0029989897861860217,0.028301664402313312
Conditional (class-cond),3,13,0.8161343161343161,warning,0.00024199485778808594,0.0038531911943844093,0.02557560250711879
Conditional (class-cond),3,14,0.8091728091728092,warning,0.0004355907440185547,0.0036719195780578334,0.050337193428756505
Conditional (class-cond),3,15,0.8083538083538083,warning,0.0004935860633850098,0.003140855623451547,0.04937916563229442
Conditional (class-cond),3,16,0.7989352989352989,warning,0.00022161006927490234,0.00346341802737946,0.029330131673067385
Conditional (class-cond),3,17,0.7837837837837838,warning,0.0006446242332458496,0.0034131594934369083,0.06098124119560871
Conditional (class-cond),3,18,0.7882882882882883,warning,4.5359134674072266e-05,0.0029176749422700444,0.03045300747980886
Conditional (class-cond),3,19,0.7847790507364976,warning,0.0005115866661071777,0.0033129777492746904,0.06917233213384431
Conditional (class-cond),4,1,0.8419328419328419,ok,0.0005003809928894043,0.003726499592076522,0.07244013910337993
Conditional (class-cond),4,2,0.8390663390663391,ok,0.0001748800277709961,0.003006579384252927,0.03919254438486335
Conditional (class-cond),4,3,0.8435708435708436,ok,0.00021028518676757812,0.0035596267696119993,0.04587044139956349
Conditional (class-cond),4,4,0.857084357084357,ok,0.00015693902969360352,0.0024275808951806487,0.03856105421494156
Conditional (class-cond),4,5,0.8411138411138411,ok,0.00014346837997436523,0.0028579067816462494,0.055509652631930535
Conditional (class-cond),4,6,0.8398853398853399,ok,0.00024312734603881836,0.0027104404150641234,0.05129503165535707
Conditional (class-cond),4,7,0.8464373464373465,warning,0.0003078579902648926,0.004535671451628035,0.04894156545785046
Conditional (class-cond),4,8,0.8509418509418509,warning,0.00045365095138549805,0.004459514498517841,0.06258635892762356
Conditional (class-cond),4,9,0.819000819000819,warning,0.00020498037338256836,0.003543789724387461,0.0694650591035121
Conditional (class-cond),4,10,0.8251433251433251,warning,0.0004685521125793457,0.002677197137933729,0.06324324982178241
Conditional (class-cond),4,11,0.8288288288288288,warning,9.149312973022461e-05,0.002825956401710776,0.037265726945604816
Conditional (class-cond),4,12,0.8136773136773137,warning,0.00012677907943725586,0.0031635151304630644,0.05613500879502371
Conditional (class-cond),4,13,0.8087633087633087,ok,0.00023096799850463867,0.0026323100094919087,0.03912423859006381
Conditional (class-cond),4,14,0.8083538083538083,ok,0.000249326229095459,0.0028349925894682725,0.04794472358245775
Conditional (class-cond),4,15,0.8087633087633087,ok,0.00024121999740600586,0.003825981839267151,0.05791560809813894
Conditional (class-cond),4,16,0.80999180999181,ok,0.00024402141571044922,0.002718082781563356,0.047182458629600944
Conditional (class-cond),4,17,0.8005733005733006,ok,0.00032639503479003906,0.003244586744011096,0.054990688507825874
Conditional (class-cond),4,18,0.7858312858312858,warning,0.00019037723541259766,0.004498506612748657,0.04624552453933305
Conditional (class-cond),4,19,0.7839607201309329,warning,0.0003127455711364746,0.002870984166169186,0.05115331669634218
Conditional (class-cond),5,1,0.8370188370188371,ok,0.0004277229309082031,0.002618909362268486,0.0493508732393704
Conditional (class-cond),5,2,0.8423423423423423,ok,0.0002932548522949219,0.003230943832208371,0.039224177758750214
Conditional (class-cond),5,3,0.8452088452088452,warning,0.00044929981231689453,0.0032553599505868577,0.037872176572000114
Conditional (class-cond),5,4,0.8558558558558559,warning,0.0003504157066345215,0.0025508180615576867,0.045317304551175816
Conditional (class-cond),5,5,0.8591318591318591,warning,0.00024008750915527344,0.002736140399710452,0.0317997332427034
Conditional (class-cond),5,6,0.8378378378378378,warning,0.00046139955520629883,0.003080316686764918,0.04592843869312784
Conditional (class-cond),5,7,0.8353808353808354,warning,0.0003281235694885254,0.0035797207105920624,0.04305672529254832
Conditional (class-cond),5,8,0.8386568386568387,warning,0.00030237436294555664,0.003023376987343053,0.031285480676404936
Conditional (class-cond),5,9,0.8333333333333334,warning,0.00045365095138549805,0.003502568073350246,0.05466625083487305
Conditional (class-cond),5,10,0.8370188370188371,warning,0.0002776980400085449,0.003294571926103546,0.0358983898303875
Conditional (class-cond),5,11,0.8251433251433251,warning,0.0001392364501953125,0.00258708446684025,0.030541989992179705
Conditional (class-cond),5,12,0.8308763308763308,warning,0.0010669827461242676,0.0036885741221116645,0.08234126689209981
Conditional (class-cond),5,13,0.8083538083538083,warning,0.0012111067771911621,0.0026779826689915633,0.09010756705087863
Conditional (class-cond),5,14,0.812039312039312,critical,0.0006965994834899902,0.0032641376541877832,0.049124459139575596
Conditional (class-cond),5,15,0.8042588042588042,critical,0.0006914138793945312,0.002634323699329227,0.060642679617988034
Conditional (class-cond),5,16,0.7968877968877969,warning,0.0002638697624206543,0.0030484686476406992,0.03434526131005321
Conditional (class-cond),5,17,0.7932022932022932,warning,0.0005133152008056641,0.0034223184606758804,0.04079109579069196
Conditional (class-cond),5,18,0.8018018018018018,warning,0.0005154013633728027,0.0035047004701689883,0.04842227520394442
Conditional (class-cond),5,19,0.8216039279869067,warning,0.00019884109497070312,0.0029110938527143887,0.041198597886869054
Conditional (class-cond),6,1,0.8329238329238329,ok,0.0006669759750366211,0.003509384910810167,0.07821970491423706
Conditional (class-cond),6,2,0.8476658476658476,ok,0.0005274415016174316,0.003281651201173702,0.06593736289503822
Conditional (class-cond),6,3,0.8574938574938575,ok,0.00013083219528198242,0.002707235924395363,0.04426374227554807
Conditional (class-cond),6,4,0.8480753480753481,warning,0.0008079409599304199,0.0028197930070261367,0.06856620375531894
Conditional (class-cond),6,5,0.8468468468468469,warning,0.00014793872833251953,0.0028159669005241718,0.04341545853065231
Conditional (class-cond),6,6,0.8374283374283374,warning,0.000347137451171875,0.003370242113358787,0.09332760907310583
Conditional (class-cond),6,7,0.8583128583128583,warning,0.0007906556129455566,0.0032056055719587324,0.0700179929742063
Conditional (class-cond),6,8,0.8329238329238329,warning,0.0004328489303588867,0.003098182608443472,0.08053201275188933
Conditional (class-cond),6,9,0.8394758394758395,warning,0.00012493133544921875,0.003016232333006371,0.043601042935013545
Conditional (class-cond),6,10,0.8447993447993448,warning,0.0002510547637939453,0.0034809882365391858,0.04284919071507797
Conditional (class-cond),6,11,0.8292383292383292,warning,0.0005024075508117676,0.003484609734847641,0.07550168613322386
Conditional (class-cond),6,12,0.8341523341523341,warning,0.0006369948387145996,0.0032155433616058784,0.06449822575482396
Conditional (class-cond),6,13,0.8243243243243243,warning,0.00015413761138916016,0.0036165933810922424,0.05870699912752902
Conditional (class-cond),6,14,0.8247338247338247,warning,0.0002333521842956543,0.0029133155728486085,0.03268730275521805
Conditional (class-cond),6,15,0.8214578214578214,warning,0.0011895298957824707,0.0028507038523709043,0.0893377195743157
Conditional (class-cond),6,16,0.8063063063063063,warning,0.0007268786430358887,0.003372834069955121,0.08549386797274326
Conditional (class-cond),6,17,0.8112203112203112,warning,0.0003834962844848633,0.0033550969161236523,0.0614872972933265
Conditional (class-cond),6,18,0.8013923013923014,warning,0.0014204978942871094,0.003690125704479145,0.08901693580563828
Conditional (class-cond),6,19,0.7999181669394435,warning,0.0007973313331604004,0.003455615703098801,0.08099825884058781
Conditional (class-cond),7,1,0.8341523341523341,ok,0.0010231733322143555,0.0036520500189750954,0.06783010218087296
Conditional (class-cond),7,2,0.8439803439803439,ok,0.0003249049186706543,0.002958310245108598,0.04223377900339212
Conditional (class-cond),7,3,0.8427518427518428,ok,0.0005246996879577637,0.0032250356637194477,0.0487710580702762
Conditional (class-cond),7,4,0.8488943488943489,warning,0.0011409521102905273,0.002923870412983279,0.09239830450558327
Conditional (class-cond),7,5,0.8542178542178542,warning,0.0005400776863098145,0.002686296783936091,0.0398828715150722
Conditional (class-cond),7,6,0.8382473382473382,warning,0.0006797909736633301,0.003641838241216942,0.0560784365535224
Conditional (class-cond),7,7,0.8390663390663391,ok,0.0009295344352722168,0.0033663572018023244,0.06195676342388158
Conditional (class-cond),7,8,0.8370188370188371,ok,0.00035458803176879883,0.0034806537320835797,0.04870168590078391
Conditional (class-cond),7,9,0.8386568386568387,warning,0.0005064606666564941,0.0035634812731676338,0.04631359240607578
Conditional (class-cond),7,10,0.825962325962326,warning,0.0009420514106750488,0.004567473302500056,0.05781685072378722
Conditional (class-cond),7,11,0.8321048321048321,warning,0.0010800957679748535,0.0030778086304384736,0.055687476589619395
Conditional (class-cond),7,12,0.8366093366093366,warning,0.000554502010345459,0.003602917298832227,0.06581270458769965
Conditional (class-cond),7,13,0.8247338247338247,warning,0.0007745623588562012,0.0037595697944510075,0.062898875276896
Conditional (class-cond),7,14,0.8001638001638002,warning,0.0020781755447387695,0.0037623052877912297,0.09630254733712865
Conditional (class-cond),7,15,0.8071253071253072,warning,0.0004437565803527832,0.003256661809823926,0.04752174024828642
Conditional (class-cond),7,16,0.8063063063063063,warning,0.0012153983116149902,0.0034797348991434333,0.05841016523239876
Conditional (class-cond),7,17,0.8022113022113022,warning,0.0006312727928161621,0.0032124137624519097,0.06027159108249258
Conditional (class-cond),7,18,0.7927927927927928,warning,0.00048154592514038086,0.003098042252690529,0.0450284579892915
Conditional (class-cond),7,19,0.8072831423895254,warning,0.0003567934036254883,0.0034666532007336416,0.04645583548994748
Conditional (class-cond),8,1,0.8513513513513513,ok,0.0005845427513122559,0.003337223584285012,0.04254801742145011
Conditional (class-cond),8,2,0.8476658476658476,ok,0.0012240409851074219,0.0027082800984816946,0.07661759497156949
Conditional (class-cond),8,3,0.8443898443898444,ok,0.0006290078163146973,0.004166438885402333,0.055923289283011726
Conditional (class-cond),8,4,0.8456183456183456,ok,0.0012997984886169434,0.0030439905394684273,0.0820292470782971
Conditional (class-cond),8,5,0.8546273546273546,warning,0.0008862614631652832,0.002869223198398525,0.058875963235629485
Conditional (class-cond),8,6,0.834971334971335,warning,0.0019500255584716797,0.0036318915047183938,0.11168105172884937
Conditional (class-cond),8,7,0.8419328419328419,critical,0.0005115866661071777,0.0032652386811875974,0.0625334687888154
Conditional (class-cond),8,8,0.8366093366093366,warning,0.000979006290435791,0.0035115372644916117,0.055773100978942794
Conditional (class-cond),8,9,0.8312858312858313,critical,0.0007772445678710938,0.0031443498121666294,0.06956771759338828
Conditional (class-cond),8,10,0.8296478296478297,critical,0.0019660592079162598,0.002756574795694532,0.09004788827900474
Conditional (class-cond),8,11,0.8341523341523341,warning,0.0014995932579040527,0.0027538766291514164,0.0825637065577432
Conditional (class-cond),8,12,0.8263718263718264,critical,0.0006996393203735352,0.003725286656404799,0.06681806203670691
Conditional (class-cond),8,13,0.8173628173628174,critical,0.0016010403633117676,0.003665458136702734,0.0800618549503187
Conditional (class-cond),8,14,0.8173628173628174,critical,0.0008121132850646973,0.003448933363950288,0.06356029674312805
Conditional (class-cond),8,15,0.8206388206388207,warning,0.0003815293312072754,0.0036647260028537243,0.041157116326308966
Conditional (class-cond),8,16,0.7932022932022932,warning,0.0013358592987060547,0.003578152934329509,0.08450396064934713
Conditional (class-cond),8,17,0.7981162981162981,warning,0.0011706352233886719,0.004171729454161159,0.06189595734628869
Conditional (class-cond),8,18,0.8038493038493039,critical,0.0012368559837341309,0.003097960377202909,0.060430102468102896
Conditional (class-cond),8,19,0.7986906710310966,critical,0.0006340146064758301,0.003681019090261653,0.057531326124403634
Conditional (class-cond),9,1,0.8493038493038493,ok,0.0009541511535644531,0.002901373257999114,0.0874445262417674
Conditional (class-cond),9,2,0.8472563472563472,ok,7.659196853637695e-05,0.002622690252865242,0.04432380367004647
Conditional (class-cond),9,3,0.8431613431613432,ok,0.00010091066360473633,0.003195908011691238,0.0474415154003524
Conditional (class-cond),9,4,0.866912366912367,ok,0.00010347366333007812,0.0029612974272469825,0.0532591690142946
Conditional (class-cond),9,5,0.8538083538083538,ok,0.00010675191879272461,0.002651321265218641,0.03231019515431311
Conditional (class-cond),9,6,0.8546273546273546,warning,0.0002142786979675293,0.00370526561394814,0.0456736359980192
Conditional (class-cond),9,7,0.846027846027846,warning,6.097555160522461e-05,0.003948605965005044,0.07122603482029034
Conditional (class-cond),9,8,0.8394758394758395,warning,0.0003382563591003418,0.002993601155856735,0.055590435466672056
Conditional (class-cond),9,9,0.8316953316953317,warning,0.0005955696105957031,0.0034736014997996155,0.061402795691406255
Conditional (class-cond),9,10,0.828009828009828,warning,0.00011616945266723633,0.0032034637301538993,0.0548361842833264
Conditional (class-cond),9,11,0.8288288288288288,warning,0.00012248754501342773,0.0023572378344498763,0.04697635425994573
Conditional (class-cond),9,12,0.8173628173628174,warning,4.190206527709961e-05,0.003543991056782371,0.0477231904591579
Conditional (class-cond),9,13,0.8222768222768223,warning,0.0002726316452026367,0.003414941763331081,0.05253381075310629
Conditional (class-cond),9,14,0.7977067977067978,warning,0.00031501054763793945,0.0027027691223964123,0.05199022920046919
Conditional (class-cond),9,15,0.8087633087633087,warning,7.259845733642578e-05,0.0026840445770064955,0.04365950358465592
Conditional (class-cond),9,16,0.7907452907452908,ok,0.00014096498489379883,0.0029794608077093137,0.04425683119024888
Conditional (class-cond),9,17,0.785012285012285,warning,0.00027304887771606445,0.0033089259865842196,0.04451498233108366
Conditional (class-cond),9,18,0.7882882882882883,warning,0.0002561211585998535,0.003002703779717246,0.04753594232279193
Conditional (class-cond),9,19,0.8040098199672667,warning,0.00035256147384643555,0.0031190167469178805,0.06281917595603469
Conditional (class-cond),10,1,0.8394758394758395,ok,0.00029718875885009766,0.002582086551791098,0.04909597877685721
Conditional (class-cond),10,2,0.8427518427518428,ok,0.0006884932518005371,0.003212317024865666,0.061418322699844666
Conditional (class-cond),10,3,0.8394758394758395,ok,0.0005085468292236328,0.003404152433793688,0.06683817540007865
Conditional (class-cond),10,4,0.85995085995086,ok,0.0005944371223449707,0.0028490817765325993,0.04971946819695313
Conditional (class-cond),10,5,0.8615888615888616,warning,0.0003796815872192383,0.003336884289586873,0.05096197724006735
Conditional (class-cond),10,6,0.8546273546273546,warning,0.0007094740867614746,0.0033072930621557313,0.057491155785953076
Conditional (class-cond),10,7,0.8468468468468469,warning,0.00023221969604492188,0.0027858452178166106,0.0332775261540772
Conditional (class-cond),10,8,0.8415233415233415,warning,0.000370025634765625,0.0031878848655585972,0.05731142364277118
Conditional (class-cond),10,9,0.8390663390663391,warning,0.000917971134185791,0.0029719352848020424,0.0589531219536156
Conditional (class-cond),10,10,0.8452088452088452,warning,0.0003885626792907715,0.0033436544565339926,0.0459554948500109
Conditional (class-cond),10,11,0.8214578214578214,warning,0.00040465593338012695,0.002851326891239044,0.03615635070289246
Conditional (class-cond),10,12,0.828009828009828,warning,0.00030994415283203125,0.0033642561557796595,0.0556228521803812
Conditional (class-cond),10,13,0.8312858312858313,warning,0.00018519163131713867,0.0025778644483439956,0.040603913202444955
Conditional (class-cond),10,14,0.8144963144963145,warning,0.00046449899673461914,0.0031568722203274497,0.04592287286133622
Conditional (class-cond),10,15,0.8079443079443079,warning,0.00020015239715576172,0.0034376542021898153,0.033186222572088614
Conditional (class-cond),10,16,0.7997542997542998,warning,0.00029528141021728516,0.0037922949414435766,0.04265514900183257
Conditional (class-cond),10,17,0.8108108108108109,warning,0.0002632737159729004,0.0029915434972243226,0.03873056779103771
Conditional (class-cond),10,18,0.7997542997542998,warning,0.00017654895782470703,0.0026874830918265638,0.032056133798266384
Conditional (class-cond),10,19,0.8031914893617021,warning,0.00041413307189941406,0.003150068466476401,0.04677549755270407
Conditional (class-cond),11,1,0.8402948402948403,ok,0.0001965165138244629,0.002328459523720347,0.03775543333252436
Conditional (class-cond),11,2,0.8447993447993448,ok,0.00035840272903442383,0.003009409028604835,0.050434290326370555
Conditional (class-cond),11,3,0.8513513513513513,ok,9.423494338989258e-05,0.003643372183434253,0.030621228438426795
Conditional (class-cond),11,4,0.8497133497133497,ok,0.00019061565399169922,0.003413392257002551,0.03801739105575678
Conditional (class-cond),11,5,0.852989352989353,ok,0.00020945072174072266,0.002902524761651845,0.03923412024735317
Conditional (class-cond),11,6,0.8497133497133497,warning,0.00030487775802612305,0.0023042984792285342,0.050026862011823124
Conditional (class-cond),11,7,0.8435708435708436,warning,0.0003624558448791504,0.0033176886630400704,0.04804194720448997
Conditional (class-cond),11,8,0.834971334971335,critical,0.00031107664108276367,0.0026615740231895803,0.04002396863860244
Conditional (class-cond),11,9,0.8316953316953317,critical,0.0007359981536865234,0.0029407070532800382,0.07385376160987243
Conditional (class-cond),11,10,0.8206388206388207,warning,0.00036644935607910156,0.003124785376172456,0.05272550378387594
Conditional (class-cond),11,11,0.8325143325143325,warning,5.358457565307617e-05,0.002569152289658008,0.03498997545021568
Conditional (class-cond),11,12,0.8177723177723177,warning,0.00016736984252929688,0.003323994120530653,0.035174341526663926
Conditional (class-cond),11,13,0.8206388206388207,warning,0.00032597780227661133,0.00337962596082614,0.054450562546699194
Conditional (class-cond),11,14,0.8165438165438166,warning,0.0003037452697753906,0.002820722237906893,0.06562300204615172
Conditional (class-cond),11,15,0.8116298116298116,warning,0.00027370452880859375,0.0028648998046924474,0.04849006430282928
Conditional (class-cond),11,16,0.7981162981162981,warning,0.00016611814498901367,0.0033430283595627264,0.03676679348981163
Conditional (class-cond),11,17,0.7858312858312858,warning,0.00014495849609375,0.0034247129267122077,0.027999018181655393
Conditional (class-cond),11,18,0.7948402948402948,warning,9.107589721679688e-05,0.0029776083194419985,0.05651079644094376
Conditional (class-cond),11,19,0.7806873977086743,ok,7.033348083496094e-05,0.0036038808766770754,0.025047701379710446
Conditional (class-cond),12,1,0.8513513513513513,ok,0.00016313791275024414,0.0031694243869152482,0.04284354946001849
Conditional (class-cond),12,2,0.8480753480753481,ok,0.00025516748428344727,0.004400101342464609,0.038753513701376086
Conditional (class-cond),12,3,0.8435708435708436,ok,0.00010412931442260742,0.0032867792357884184,0.04139595736067903
Conditional (class-cond),12,4,0.8521703521703522,warning,0.00041478872299194336,0.0037633203093055904,0.0573828236723856
Conditional (class-cond),12,5,0.8517608517608518,warning,0.00014036893844604492,0.0031272926681374705,0.04521729530643659
Conditional (class-cond),12,6,0.8300573300573301,warning,0.0004125237464904785,0.003932959382662086,0.04768800491926306
Conditional (class-cond),12,7,0.8427518427518428,warning,0.0004456639289855957,0.0028508948717392334,0.05907919925136405
Conditional (class-cond),12,8,0.8394758394758395,warning,0.0002123117446899414,0.0037545366950459446,0.04849431811196708
Conditional (class-cond),12,9,0.8325143325143325,warning,0.0003313422203063965,0.0027848348731252916,0.05680234172727751
Conditional (class-cond),12,10,0.8333333333333334,warning,9.900331497192383e-05,0.003348026682102874,0.039048956798272014
Conditional (class-cond),12,11,0.8202293202293203,warning,0.00010704994201660156,0.0031561205396503133,0.053304320547031714
Conditional (class-cond),12,12,0.8206388206388207,warning,7.581710815429688e-05,0.0025927922611668755,0.03205161173093558
Conditional (class-cond),12,13,0.8194103194103194,warning,0.00015413761138916016,0.002433497530839341,0.04173386927854405
Conditional (class-cond),12,14,0.8075348075348076,warning,0.0002289414405822754,0.004135961796462922,0.047897545296819326
Conditional (class-cond),12,15,0.8173628173628174,warning,0.00010114908218383789,0.0025757680946379233,0.02346494333556786
Conditional (class-cond),12,16,0.7927927927927928,warning,0.00021564960479736328,0.0025500250901170814,0.035870780120985116
Conditional (class-cond),12,17,0.8091728091728092,warning,8.118152618408203e-05,0.00328616659717414,0.03656542069586811
Conditional (class-cond),12,18,0.7858312858312858,warning,0.00042110681533813477,0.0036056549626582567,0.04696260155184804
Conditional (class-cond),12,19,0.7990998363338789,warning,0.0001462697982788086,0.003588852748178224,0.03519587056090074
Conditional (class-cond),13,1,0.8345618345618345,ok,0.00034940242767333984,0.004013505665610784,0.05580153312960475
Conditional (class-cond),13,2,0.8435708435708436,ok,0.00021219253540039062,0.0028126836282730133,0.04392467194430747
Conditional (class-cond),13,3,0.8472563472563472,ok,0.00026667118072509766,0.0031388893257437043,0.052114836283636036
Conditional (class-cond),13,4,0.8497133497133497,warning,0.0008828639984130859,0.0028559842573268102,0.0821869185752708
Conditional (class-cond),13,5,0.855036855036855,warning,0.0004717111587524414,0.003599420066471437,0.049978850007155025
Conditional (class-cond),13,6,0.8443898443898444,warning,0.00033408403396606445,0.0037415956556617978,0.04510450488017233
Conditional (class-cond),13,7,0.8439803439803439,warning,0.0001932382583618164,0.0024230385955365348,0.0407563260457815
Conditional (class-cond),13,8,0.8484848484848485,warning,0.00036156177520751953,0.003662167258947117,0.05628416839419552
Conditional (class-cond),13,9,0.8353808353808354,warning,0.0004004240036010742,0.0032076094559504043,0.05280457043352505
Conditional (class-cond),13,10,0.8267813267813268,warning,0.0010759830474853516,0.003319440660913988,0.09429993437882282
Conditional (class-cond),13,11,0.8091728091728092,warning,0.0012322068214416504,0.0035832289659626752,0.08105624929401502
Conditional (class-cond),13,12,0.8243243243243243,warning,0.0001131892204284668,0.002753882942747467,0.050250390385785576
Conditional (class-cond),13,13,0.8308763308763308,warning,0.0004937052726745605,0.002720794896289183,0.04731871291211696
Conditional (class-cond),13,14,0.8300573300573301,warning,0.0002614259719848633,0.0029791337281836333,0.06403738923998586
Conditional (class-cond),13,15,0.8177723177723177,warning,0.00028145313262939453,0.003013741294394268,0.05974412674120919
Conditional (class-cond),13,16,0.8198198198198198,warning,0.00010776519775390625,0.002731585515035856,0.03902196886805845
Conditional (class-cond),13,17,0.7895167895167895,warning,0.00021266937255859375,0.003587733979955577,0.05460910608007647
Conditional (class-cond),13,18,0.8038493038493039,warning,0.0004360675811767578,0.0028757829184594503,0.0830660649050137
Conditional (class-cond),13,19,0.8011456628477905,warning,0.00028824806213378906,0.0034618562699268414,0.05206253353091111
Conditional (class-cond),14,1,0.8505323505323505,ok,0.00047266483306884766,0.003551777984964228,0.044629114189815515
Conditional (class-cond),14,2,0.8501228501228502,ok,0.0002849698066711426,0.0029181295035346647,0.03961583617579103
Conditional (class-cond),14,3,0.8366093366093366,ok,0.0003339052200317383,0.0025479040639177124,0.054936414899177305
Conditional (class-cond),14,4,0.8546273546273546,ok,0.00017511844635009766,0.002775693282781191,0.039016420827884105
Conditional (class-cond),14,5,0.8402948402948403,warning,0.00010788440704345703,0.002936139363235284,0.028222360186563954
Conditional (class-cond),14,6,0.8443898443898444,warning,7.456541061401367e-05,0.0028480378192668404,0.042504282390590474
Conditional (class-cond),14,7,0.8566748566748567,warning,0.00020635128021240234,0.002554373141805391,0.04680354986487591
Conditional (class-cond),14,8,0.8370188370188371,warning,0.0003083944320678711,0.002272519170684442,0.04786043467422644
Conditional (class-cond),14,9,0.8304668304668305,warning,0.00020927190780639648,0.003192319361755646,0.0429996826394712
Conditional (class-cond),14,10,0.8284193284193284,warning,0.00044232606887817383,0.002916266690082621,0.05864882998931318
Conditional (class-cond),14,11,0.8284193284193284,warning,0.00037157535552978516,0.0031226908652447188,0.03849593363751161
Conditional (class-cond),14,12,0.814086814086814,warning,0.000453948974609375,0.003096318143764172,0.04609341401931753
Conditional (class-cond),14,13,0.8214578214578214,warning,0.0006123781204223633,0.003354317008357587,0.05202114150076089
Conditional (class-cond),14,14,0.8136773136773137,warning,0.000310361385345459,0.002931296250285583,0.04300612318503995
Conditional (class-cond),14,15,0.8132678132678133,warning,0.0003552436828613281,0.002457049661462962,0.044502027793444435
Conditional (class-cond),14,16,0.8083538083538083,warning,0.0002701282501220703,0.002762354566610407,0.04105777824034396
Conditional (class-cond),14,17,0.7968877968877969,warning,0.00016933679580688477,0.002626457018478773,0.03265320347205574
Conditional (class-cond),14,18,0.7948402948402948,warning,0.00037491321563720703,0.002501576305059926,0.05891887267928656
Conditional (class-cond),14,19,0.8007364975450082,warning,0.00011110305786132812,0.002356259269978869,0.028200015781545882
Conditional (class-cond),15,1,0.8603603603603603,ok,0.00016230344772338867,0.003299332428808946,0.053372881955685125
Conditional (class-cond),15,2,0.8427518427518428,ok,0.00017827749252319336,0.0023486188618125348,0.03506492522227089
Conditional (class-cond),15,3,0.8345618345618345,ok,0.00018042325973510742,0.003409307195632796,0.034993747680964485
Conditional (class-cond),15,4,0.8558558558558559,warning,0.0005410313606262207,0.0023740936485943664,0.06065317183232622
Conditional (class-cond),15,5,0.8546273546273546,warning,0.0002486705780029297,0.002666642895900801,0.03500613132697635
Conditional (class-cond),15,6,0.8443898443898444,warning,0.00010603666305541992,0.0032559355363630657,0.02956677724718698
Conditional (class-cond),15,7,0.8402948402948403,warning,0.0003342628479003906,0.0023705238450305657,0.03766901867056493
Conditional (class-cond),15,8,0.8276003276003276,warning,0.0005481839179992676,0.0029508116296982296,0.05195820329437758
Conditional (class-cond),15,9,0.8378378378378378,warning,0.0002390742301940918,0.004284946840554441,0.04315686190461193
Conditional (class-cond),15,10,0.8288288288288288,warning,0.0004519224166870117,0.0032140993763287396,0.05682435253426049
Conditional (class-cond),15,11,0.8304668304668305,warning,0.00026232004165649414,0.002805260960522263,0.04498745261970488
Conditional (class-cond),15,12,0.8276003276003276,ok,0.0002563595771789551,0.003574205065639582,0.03200741472563135
Conditional (class-cond),15,13,0.8206388206388207,warning,0.00015026330947875977,0.002571830623975372,0.033936017366367116
Conditional (class-cond),15,14,0.7997542997542998,warning,0.0004451274871826172,0.002581872500324895,0.03697005892134317
Conditional (class-cond),15,15,0.8026208026208026,warning,0.00020360946655273438,0.0024063870047603114,0.041696580094845975
Conditional (class-cond),15,16,0.8022113022113022,warning,0.0003648996353149414,0.0028945009182743692,0.049523493987982926
Conditional (class-cond),15,17,0.8018018018018018,warning,0.00033402442932128906,0.0028154294879273907,0.04576330447995116
Conditional (class-cond),15,18,0.8042588042588042,warning,0.0001919865608215332,0.004109408955938814,0.0277948808962808
Conditional (class-cond),15,19,0.7909165302782324,warning,0.000186920166015625,0.002758903689017979,0.06011372847133896
Conditional (class-cond),16,1,0.855036855036855,ok,0.0003935694694519043,0.002865800357903801,0.04214254824140409
Conditional (class-cond),16,2,0.8439803439803439,ok,0.00012040138244628906,0.002330690322193256,0.03307407376158869
Conditional (class-cond),16,3,0.8447993447993448,ok,0.00020831823348999023,0.002900719604980238,0.06479336607367575
Conditional (class-cond),16,4,0.8542178542178542,warning,0.00010883808135986328,0.004009373901849746,0.04431174972002015
Conditional (class-cond),16,5,0.8439803439803439,warning,0.0009669065475463867,0.0029181329320165923,0.057219195701269605
Conditional (class-cond),16,6,0.8521703521703522,warning,0.00024259090423583984,0.002818455184633137,0.0500238175776308
Conditional (class-cond),16,7,0.8439803439803439,warning,0.00010836124420166016,0.0027427441141275274,0.047947573523831555
Conditional (class-cond),16,8,0.8497133497133497,warning,0.0008133053779602051,0.0023547470944324887,0.07079071696789711
Conditional (class-cond),16,9,0.8284193284193284,warning,0.00010538101196289062,0.0022603642308843498,0.0402797991492013
Conditional (class-cond),16,10,0.8366093366093366,warning,0.00019294023513793945,0.004013647156733265,0.0487093514088902
Conditional (class-cond),16,11,0.8263718263718264,warning,9.816884994506836e-05,0.002732689480956847,0.035579098295067633
Conditional (class-cond),16,12,0.8157248157248157,warning,0.0002467632293701172,0.0025546794049193756,0.03214929374522182
Conditional (class-cond),16,13,0.8153153153153153,ok,3.808736801147461e-05,0.0027102678406362313,0.04269481910736645
Conditional (class-cond),16,14,0.8091728091728092,ok,0.00010067224502563477,0.003304017098697108,0.03988176938149691
Conditional (class-cond),16,15,0.8050778050778051,ok,0.00022286176681518555,0.0030794807332125587,0.045823625884995944
Conditional (class-cond),16,16,0.7981162981162981,ok,0.00026297569274902344,0.002622563236711291,0.037993904694390054
Conditional (class-cond),16,17,0.7944307944307945,ok,0.00014358758926391602,0.003658079913592022,0.05212125256520305
Conditional (class-cond),16,18,0.7911547911547911,warning,0.0003291964530944824,0.0027144403461317776,0.04411204680300597
Conditional (class-cond),16,19,0.7982815057283142,warning,0.00041991472244262695,0.00292298769945264,0.05068492762088861
Conditional (class-cond),17,1,0.8456183456183456,ok,0.00022369623184204102,0.003588871351351083,0.034595651393809664
Conditional (class-cond),17,2,0.8595413595413596,ok,0.00046813488006591797,0.0027653459258454322,0.06018309445897646
Conditional (class-cond),17,3,0.834971334971335,ok,0.0005048513412475586,0.0030444069184692186,0.055676775600800844
Conditional (class-cond),17,4,0.8501228501228502,ok,0.000431060791015625,0.0032155285653008934,0.04712510283465847
Conditional (class-cond),17,5,0.8402948402948403,ok,0.00016075372695922852,0.0032225788014259744,0.049761130658045466
Conditional (class-cond),17,6,0.8427518427518428,ok,0.00012606382369995117,0.0028166998658821943,0.037055368691585176
Conditional (class-cond),17,7,0.8353808353808354,warning,0.00018602609634399414,0.0042107655881239645,0.04040242465679042
Conditional (class-cond),17,8,0.8370188370188371,warning,0.00030225515365600586,0.003108632816006327,0.044917728608500136
Conditional (class-cond),17,9,0.8345618345618345,warning,0.0003527998924255371,0.003356516474691631,0.046869719490816204
Conditional (class-cond),17,10,0.8456183456183456,warning,0.00020164251327514648,0.003090229517517017,0.03615071730415696
Conditional (class-cond),17,11,0.8136773136773137,warning,0.0006123185157775879,0.0029158414890292205,0.0658731500349861
Conditional (class-cond),17,12,0.8292383292383292,warning,0.00011849403381347656,0.0029275912905461724,0.032048168768398826
Conditional (class-cond),17,13,0.8194103194103194,warning,0.0006969571113586426,0.0027896838750581052,0.06681298108178017
Conditional (class-cond),17,14,0.8206388206388207,warning,0.0003809928894042969,0.003297176335833936,0.04602059768779798
Conditional (class-cond),17,15,0.8226863226863227,warning,0.00029277801513671875,0.003221181282528997,0.04714166150433312
Conditional (class-cond),17,16,0.8173628173628174,warning,0.00043761730194091797,0.0032934986351845375,0.044154366542824314
Conditional (class-cond),17,17,0.7993447993447993,warning,0.00022137165069580078,0.0034962175278145675,0.040144800621158966
Conditional (class-cond),17,18,0.803030303030303,warning,8.845329284667969e-05,0.0034744032278394878,0.03328685022823443
Conditional (class-cond),17,19,0.7810965630114566,warning,0.00026482343673706055,0.0028925931943177526,0.031484794498947116
Conditional (class-cond),18,1,0.8648648648648649,ok,0.00018709897994995117,0.002538175527384049,0.042472600787961945
Conditional (class-cond),18,2,0.8488943488943489,ok,0.0003370046615600586,0.0033519280694512877,0.06654107345483226
Conditional (class-cond),18,3,0.8480753480753481,ok,0.00013059377670288086,0.0032817179642589183,0.05821604677027873
Conditional (class-cond),18,4,0.8538083538083538,ok,0.0005442500114440918,0.003153217471674282,0.05796326977628136
Conditional (class-cond),18,5,0.855036855036855,ok,0.00015407800674438477,0.0032320539403286495,0.0491922204111225
Conditional (class-cond),18,6,0.8501228501228502,warning,0.0003668069839477539,0.003473626800188462,0.050400136459915715
Conditional (class-cond),18,7,0.8443898443898444,warning,0.0004132986068725586,0.0033583736063399153,0.05228371237977472
Conditional (class-cond),18,8,0.8341523341523341,warning,0.00010448694229125977,0.003626962650260957,0.056427259341490225
Conditional (class-cond),18,9,0.8542178542178542,warning,0.0001360774040222168,0.002902633503204315,0.03768207656370621
Conditional (class-cond),18,10,0.8218673218673219,warning,0.0005179643630981445,0.003461052003647541,0.047228790838618424
Conditional (class-cond),18,11,0.8321048321048321,warning,0.0004456043243408203,0.0032965178307278803,0.06194791701957167
Conditional (class-cond),18,12,0.8136773136773137,warning,0.0002707839012145996,0.0035185717999212827,0.05577647304618279
Conditional (class-cond),18,13,0.8157248157248157,warning,0.0002434849739074707,0.002889601492930961,0.04708194163880395
Conditional (class-cond),18,14,0.8181818181818182,warning,0.00040668249130249023,0.002811010698382718,0.06114984343247338
Conditional (class-cond),18,15,0.8083538083538083,warning,7.593631744384766e-05,0.003201321020961953,0.0362647803775649
Conditional (class-cond),18,16,0.7997542997542998,warning,0.00012433528900146484,0.002801536246755872,0.04150901830859672
Conditional (class-cond),18,17,0.7989352989352989,warning,0.0002231001853942871,0.0034335822274089243,0.03858166946817869
Conditional (class-cond),18,18,0.7841932841932842,ok,0.00025337934494018555,0.0026909718702913038,0.044401799924669735
Conditional (class-cond),18,19,0.7982815057283142,ok,0.00031250715255737305,0.003730433637088432,0.05252906019424274
Conditional (class-cond),19,1,0.8480753480753481,ok,0.00023740530014038086,0.0028743472860043124,0.033300749534495244
Conditional (class-cond),19,2,0.8587223587223587,ok,0.0005998015403747559,0.0032912829934254985,0.07368497290950952
Conditional (class-cond),19,3,0.8415233415233415,ok,0.00011175870895385742,0.002744593932529887,0.029643640336222073
Conditional (class-cond),19,4,0.8456183456183456,warning,0.0002543330192565918,0.0033833425401612535,0.03693837877118876
Conditional (class-cond),19,5,0.8443898443898444,warning,0.00033205747604370117,0.003165605290642329,0.03443677418496856
Conditional (class-cond),19,6,0.8427518427518428,warning,8.058547973632812e-05,0.0029235082500951868,0.03990496743232213
Conditional (class-cond),19,7,0.8353808353808354,warning,0.00024086236953735352,0.003281149484272599,0.047739066568471766
Conditional (class-cond),19,8,0.8407043407043407,warning,0.00015527009963989258,0.002853401899295427,0.027564919548882218
Conditional (class-cond),19,9,0.8329238329238329,warning,0.00012087821960449219,0.002865663560677711,0.03580855406186687
Conditional (class-cond),19,10,0.8251433251433251,warning,0.00023543834686279297,0.0035310154809174363,0.03795760496516452
Conditional (class-cond),19,11,0.8271908271908271,critical,0.00010150671005249023,0.0033863319635548707,0.03014838592401781
Conditional (class-cond),19,12,0.8276003276003276,critical,0.00017195940017700195,0.003665137517121851,0.03507303235703721
Conditional (class-cond),19,13,0.825962325962326,warning,0.0007461905479431152,0.0031690099092362934,0.0702088367881536
Conditional (class-cond),19,14,0.8255528255528255,warning,0.0001646876335144043,0.002994138941830404,0.03673039244969934
Conditional (class-cond),19,15,0.8091728091728092,warning,0.0006375312805175781,0.00288128595987867,0.06968882142893747
Conditional (class-cond),19,16,0.8112203112203112,warning,0.000888824462890625,0.002604302159887147,0.0938907325108853
Conditional (class-cond),19,17,0.7993447993447993,warning,0.0002028346061706543,0.002382488478940849,0.03561913002053365
Conditional (class-cond),19,18,0.7776412776412777,warning,0.0006680488586425781,0.0037562342542585263,0.05468099496276243
Conditional (class-cond),19,19,0.7933715220949263,warning,0.00022929906845092773,0.002644054206879515,0.048119243742686356
Conditional (class-cond),20,1,0.8427518427518428,ok,0.00025719404220581055,0.002489743807402569,0.060060336450564904
Conditional (class-cond),20,2,0.8505323505323505,ok,0.0002276897430419922,0.0033389741290565677,0.03183310331323282
Conditional (class-cond),20,3,0.8292383292383292,ok,0.00023406744003295898,0.003871715172186901,0.052606933181007065
Conditional (class-cond),20,4,0.8587223587223587,ok,9.107589721679688e-05,0.0030762320170999043,0.03957069649633376
Conditional (class-cond),20,5,0.8456183456183456,warning,0.00011527538299560547,0.003451469409344435,0.043298576622103055
Conditional (class-cond),20,6,0.855036855036855,warning,0.00016391277313232422,0.0031749416818368627,0.02942376567339139
Conditional (class-cond),20,7,0.8296478296478297,warning,9.47713851928711e-05,0.0032411956845460393,0.031875913592464375
Conditional (class-cond),20,8,0.8325143325143325,ok,0.00012665987014770508,0.0020252489085261,0.04016792444080521
Conditional (class-cond),20,9,0.8333333333333334,warning,0.0009581446647644043,0.003269280148706608,0.09352282932627697
Conditional (class-cond),20,10,0.8312858312858313,warning,0.0003018975257873535,0.003327200325653326,0.04123441632120074
Conditional (class-cond),20,11,0.8235053235053235,warning,0.00031679868698120117,0.004625511311559584,0.04687873264934857
Conditional (class-cond),20,12,0.8087633087633087,warning,0.00012701749801635742,0.0035596508736510856,0.038019040158593614
Conditional (class-cond),20,13,0.8177723177723177,warning,8.207559585571289e-05,0.0032910234910236676,0.03304129420916179
Conditional (class-cond),20,14,0.8091728091728092,ok,0.0001061558723449707,0.0026764169113216315,0.0441010889065597
Conditional (class-cond),20,15,0.7944307944307945,warning,0.00023752450942993164,0.0033321027366004802,0.03275105702082675
Conditional (class-cond),20,16,0.7911547911547911,warning,0.00026929378509521484,0.0031697502973331163,0.04028533503688173
Conditional (class-cond),20,17,0.7948402948402948,critical,0.0004181861877441406,0.003103615476481443,0.038077111324425254
Conditional (class-cond),20,18,0.7751842751842751,warning,0.0004933476448059082,0.00319026302309931,0.06341040795585054
Conditional (class-cond),20,19,0.763911620294599,warning,0.0001685023307800293,0.0029899507942145916,0.033552049260750755
Conditional (class-cond),21,1,0.8497133497133497,ok,0.0002467632293701172,0.0031467624736273942,0.029031083938141005
Conditional (class-cond),21,2,0.8505323505323505,ok,0.00021839141845703125,0.002859274442745135,0.0434030766151084
Conditional (class-cond),21,3,0.8431613431613432,warning,0.00027489662170410156,0.002960504932493944,0.03784698522916907
Conditional (class-cond),21,4,0.8505323505323505,warning,0.00042045116424560547,0.003889153976273983,0.04310499859690043
Conditional (class-cond),21,5,0.8562653562653563,warning,0.0003859400749206543,0.0028614604856047905,0.0457091270387249
Conditional (class-cond),21,6,0.8427518427518428,warning,0.0005384683609008789,0.0028090793994518725,0.04890157900202212
Conditional (class-cond),21,7,0.8452088452088452,warning,0.00017714500427246094,0.004354350143335405,0.027225133417631678
Conditional (class-cond),21,8,0.8525798525798526,warning,0.0003770589828491211,0.002667324270379308,0.053928127949107764
Conditional (class-cond),21,9,0.8304668304668305,warning,0.0012400150299072266,0.00315971252905772,0.06975431720012587
Conditional (class-cond),21,10,0.825962325962326,warning,0.0001609325408935547,0.0038020134113446007,0.0358633294219349
Conditional (class-cond),21,11,0.825962325962326,warning,0.00022780895233154297,0.003735471582037712,0.033399941335765175
Conditional (class-cond),21,12,0.803030303030303,warning,0.0002555251121520996,0.0034411368047133177,0.03853158751196759
Conditional (class-cond),21,13,0.8177723177723177,warning,0.0005519986152648926,0.003201313539034409,0.05407677098851663
Conditional (class-cond),21,14,0.8353808353808354,warning,0.00013333559036254883,0.0027031667840480287,0.036693702981414764
Conditional (class-cond),21,15,0.8108108108108109,warning,0.0002110600471496582,0.003845281159794365,0.047442902114119716
Conditional (class-cond),21,16,0.8063063063063063,warning,0.0003587007522583008,0.0024706648752969435,0.04253853188169663
Conditional (class-cond),21,17,0.8005733005733006,warning,8.207559585571289e-05,0.002640424993680634,0.03350461917089083
Conditional (class-cond),21,18,0.7882882882882883,warning,0.0001894235610961914,0.0026678258982205786,0.032529954742635966
Conditional (class-cond),21,19,0.7835515548281505,warning,0.00017386674880981445,0.003044340265300047,0.04028161773704669
Conditional (class-cond),22,1,0.8579033579033579,ok,0.0002250075340270996,0.0030709084832811536,0.05130767855235665
Conditional (class-cond),22,2,0.8751023751023751,ok,0.00027179718017578125,0.0030963637552410407,0.04204723390985706
Conditional (class-cond),22,3,0.8542178542178542,ok,4.5359134674072266e-05,0.0030137897560454123,0.04111484092016961
Conditional (class-cond),22,4,0.8685503685503686,ok,0.00041419267654418945,0.0028170771944966916,0.03695111353663318
Conditional (class-cond),22,5,0.8538083538083538,ok,5.537271499633789e-05,0.0032691699468947273,0.049367020001626745
Conditional (class-cond),22,6,0.8472563472563472,warning,0.00011420249938964844,0.0036812461297653903,0.04193055088708846
Conditional (class-cond),22,7,0.8382473382473382,warning,0.0005752444267272949,0.004071263054334968,0.06962566116914749
Conditional (class-cond),22,8,0.8316953316953317,critical,0.0003472566604614258,0.0034964254923960346,0.05835361790372881
Conditional (class-cond),22,9,0.8194103194103194,warning,0.00010848045349121094,0.0031778517732082012,0.03501643324621709
Conditional (class-cond),22,10,0.8378378378378378,warning,0.00017631053924560547,0.004177691832481907,0.04527517742256922
Conditional (class-cond),22,11,0.8235053235053235,warning,0.00011968612670898438,0.003085068377113101,0.044344849915973636
Conditional (class-cond),22,12,0.8288288288288288,warning,0.0001538395881652832,0.002858818292393298,0.039742421751403696
Conditional (class-cond),22,13,0.8345618345618345,warning,0.00011867284774780273,0.0028055001363122478,0.04713125077142425
Conditional (class-cond),22,14,0.8161343161343161,warning,0.00011432170867919922,0.0034677588390060196,0.054287090734140085
Conditional (class-cond),22,15,0.8067158067158067,warning,0.0003699660301208496,0.0037869417210611685,0.04986810541753842
Conditional (class-cond),22,16,0.8153153153153153,warning,8.702278137207031e-05,0.002664082865304704,0.05057542016928029
Conditional (class-cond),22,17,0.8112203112203112,warning,0.0005267858505249023,0.004056197696347125,0.07524505286896258
Conditional (class-cond),22,18,0.7927927927927928,warning,7.075071334838867e-05,0.0034129936926592256,0.03507419908347743
Conditional (class-cond),22,19,0.7753682487725041,warning,0.00023168325424194336,0.003314513354870831,0.03842474255277524
Conditional (class-cond),23,1,0.8419328419328419,ok,0.00047069787979125977,0.0028586617671396038,0.05909040218171861
Conditional (class-cond),23,2,0.8484848484848485,ok,0.00037425756454467773,0.003214179952146917,0.054024559554753
Conditional (class-cond),23,3,0.8411138411138411,ok,0.0003924369812011719,0.003461315538071403,0.051669646431306594
Conditional (class-cond),23,4,0.8579033579033579,warning,8.815526962280273e-05,0.005148221070673421,0.03253766160566447
Conditional (class-cond),23,5,0.8546273546273546,warning,0.0002135634422302246,0.002777290956190883,0.04607221651633785
Conditional (class-cond),23,6,0.8390663390663391,warning,0.00032585859298706055,0.002578575426673076,0.05165162524109266
Conditional (class-cond),23,7,0.8468468468468469,warning,0.00038307905197143555,0.0032665499097845286,0.04054091910973551
Conditional (class-cond),23,8,0.8329238329238329,warning,0.00031369924545288086,0.0032836478709839805,0.042481109839035046
Conditional (class-cond),23,9,0.8337428337428338,critical,0.0003523826599121094,0.003021592137980666,0.03449253638005719
Conditional (class-cond),23,10,0.8456183456183456,warning,7.396936416625977e-05,0.0032680531037278513,0.026164261933370736
Conditional (class-cond),23,11,0.8345618345618345,warning,0.00027495622634887695,0.0031635319376891024,0.03942234286265013
Conditional (class-cond),23,12,0.846027846027846,warning,0.0001494884490966797,0.003381198933468903,0.03997089472701774
Conditional (class-cond),23,13,0.8271908271908271,warning,0.00027436017990112305,0.0038800965927955453,0.027319392484855307
Conditional (class-cond),23,14,0.816953316953317,warning,0.00013786554336547852,0.0032892772794011317,0.032305297148024936
Conditional (class-cond),23,15,0.8144963144963145,warning,8.463859558105469e-05,0.003100063773443717,0.03936208060097456
Conditional (class-cond),23,16,0.8173628173628174,warning,0.00020778179168701172,0.00315890700878262,0.02879755400938741
Conditional (class-cond),23,17,0.8058968058968059,warning,5.841255187988281e-05,0.0033282675990494327,0.027341838173786964
Conditional (class-cond),23,18,0.7968877968877969,warning,0.00019317865371704102,0.002454817605256271,0.040899360064327206
Conditional (class-cond),23,19,0.7876432078559739,warning,0.00022989511489868164,0.0026561138786479273,0.036617803292613826
Conditional (class-cond),24,1,0.8587223587223587,ok,0.000989377498626709,0.004126659883092432,0.07222263366106005
Conditional (class-cond),24,2,0.8628173628173628,ok,0.0016205310821533203,0.003362456525437447,0.07840832443808701
Conditional (class-cond),24,3,0.8480753480753481,ok,0.0009707212448120117,0.0031518224772017454,0.059681808592768414
Conditional (class-cond),24,4,0.852989352989353,ok,0.0002828836441040039,0.0029692414060147896,0.03250379288106864
Conditional (class-cond),24,5,0.8411138411138411,warning,5.632638931274414e-05,0.003447810144663324,0.04675855784703947
Conditional (class-cond),24,6,0.8464373464373465,warning,0.0002713799476623535,0.0026121296625337756,0.04967835024364383
Conditional (class-cond),24,7,0.8402948402948403,warning,0.00024169683456420898,0.0028798231704516954,0.03087682129277144
Conditional (class-cond),24,8,0.8308763308763308,warning,0.00022751092910766602,0.00308245153910678,0.03296970592417906
Conditional (class-cond),24,9,0.8423423423423423,warning,0.0005438923835754395,0.002990428498797752,0.04239288834362231
Conditional (class-cond),24,10,0.8345618345618345,warning,0.0006027817726135254,0.003609211755155899,0.06220331620867383
Conditional (class-cond),24,11,0.8378378378378378,warning,0.0019753575325012207,0.002872132696810059,0.10445932163128487
Conditional (class-cond),24,12,0.8251433251433251,warning,0.00024700164794921875,0.003037330804933243,0.03201150720257138
Conditional (class-cond),24,13,0.8230958230958231,warning,0.00012409687042236328,0.0037984622118932103,0.02951361191129393
Conditional (class-cond),24,14,0.8124488124488124,ok,0.00046455860137939453,0.002861585975327015,0.03524474565467563
Conditional (class-cond),24,15,0.821048321048321,warning,0.0002455711364746094,0.003318368666252153,0.03291524589506232
Conditional (class-cond),24,16,0.8153153153153153,warning,0.00037223100662231445,0.002602540632531525,0.04328871335312548
Conditional (class-cond),24,17,0.8104013104013104,warning,0.0006090998649597168,0.002936832715064828,0.05101150680977139
Conditional (class-cond),24,18,0.7903357903357904,warning,0.0006361603736877441,0.0037972370715644074,0.04616396776861977
Conditional (class-cond),24,19,0.7999181669394435,warning,0.0007213354110717773,0.004089825600229689,0.04334195646050015
Perturbation (pooled),0,1,0.8542178542178542,ok,0.00028061866760253906,0.003353786015943474,0.05203429118176988
Perturbation (pooled),0,2,0.8513513513513513,ok,0.0003293156623840332,0.003622845253423178,0.046084095450658495
Perturbation (pooled),0,3,0.8484848484848485,warning,0.0006455779075622559,0.003992918740341967,0.04854679154443095
Perturbation (pooled),0,4,0.8632268632268633,warning,0.00031256675720214844,0.0024977323520898346,0.05308741940551598
Perturbation (pooled),0,5,0.8513513513513513,warning,0.0003091096878051758,0.003032725120841185,0.03209729385418747
Perturbation (pooled),0,6,0.8407043407043407,warning,0.00023895502090454102,0.004149340215623427,0.07499299284940175
Perturbation (pooled),0,7,0.8288288288288288,warning,0.0008966922760009766,0.0030939606206524016,0.055609112766679646
Perturbation (pooled),0,8,0.8038493038493039,warning,0.00018662214279174805,0.0027373662510678056,0.024644737343176477
Perturbation (pooled),0,9,0.7796887796887797,warning,0.0008597373962402344,0.0037045117359412382,0.08604365053983669
Perturbation (pooled),0,10,0.766994266994267,warning,0.000422060489654541,0.002955960121485098,0.04685641152193904
Perturbation (pooled),0,11,0.7493857493857494,warning,0.0005101561546325684,0.0036247027665111914,0.04705843361405702
Perturbation (pooled),0,12,0.7428337428337428,ok,0.0004673004150390625,0.003307777268771414,0.05129097085933091
Perturbation (pooled),0,13,0.7141687141687142,ok,0.0003229379653930664,0.002809476420568797,0.03173673621708587
Perturbation (pooled),0,14,0.6973791973791974,ok,0.00020968914031982422,0.0034593357544470686,0.02821156648514561
Perturbation (pooled),0,15,0.6826371826371826,ok,0.00027817487716674805,0.003472176005665169,0.04070025300515792
Perturbation (pooled),0,16,0.642915642915643,warning,0.0008602738380432129,0.0041401922317887835,0.06294708996109227
Perturbation (pooled),0,17,0.6490581490581491,warning,0.00013339519500732422,0.0035911670514765896,0.035183546576678236
Perturbation (pooled),0,18,0.6302211302211302,warning,0.0007874965667724609,0.0032884384718913614,0.059770027487226055
Perturbation (pooled),0,19,0.6141571194762684,warning,0.0013862848281860352,0.0041706968675449384,0.07865215176280879
Perturbation (pooled),1,1,0.8583128583128583,ok,0.00022846460342407227,0.003176264971505931,0.057170404159941776
Perturbation (pooled),1,2,0.8505323505323505,ok,0.00024271011352539062,0.0043366320934400335,0.032941697637514714
Perturbation (pooled),1,3,0.8480753480753481,warning,0.00040715932846069336,0.002922772273731846,0.053312878266288104
Perturbation (pooled),1,4,0.8546273546273546,warning,0.0002703666687011719,0.0033761521050419217,0.04984218357657191
Perturbation (pooled),1,5,0.8390663390663391,warning,0.0008816123008728027,0.0028140682023089425,0.07828391143284828
Perturbation (pooled),1,6,0.8402948402948403,warning,0.0003892183303833008,0.0037234486966954894,0.06366753684895322
Perturbation (pooled),1,7,0.8230958230958231,warning,0.00038546323776245117,0.004203579862707385,0.053301376984344145
Perturbation (pooled),1,8,0.7927927927927928,warning,0.001041710376739502,0.003891000371693874,0.08588116008782244
Perturbation (pooled),1,9,0.776003276003276,warning,0.00011646747589111328,0.0031556890416819905,0.03242057850729323
Perturbation (pooled),1,10,0.7592137592137592,warning,0.00036972761154174805,0.003782512099350322,0.04698310217863588
Perturbation (pooled),1,11,0.7416052416052417,warning,0.00042688846588134766,0.004007363305438442,0.06527623648691958
Perturbation (pooled),1,12,0.7366912366912367,warning,0.0005207061767578125,0.0035720528199410175,0.05656470671177139
Perturbation (pooled),1,13,0.7203112203112203,critical,0.0010308027267456055,0.004896080077476594,0.08308689544064338
Perturbation (pooled),1,14,0.7043407043407044,warning,9.59634780883789e-05,0.0031431685271752817,0.03537963427977756
Perturbation (pooled),1,15,0.6814086814086814,warning,0.0005929470062255859,0.003935207423521929,0.07759392090419423
Perturbation (pooled),1,16,0.6617526617526618,warning,0.0008277297019958496,0.0034275606088213922,0.07724903430789708
Perturbation (pooled),1,17,0.6601146601146601,critical,0.0005400776863098145,0.003430478047977707,0.06652572431603886
Perturbation (pooled),1,18,0.6228501228501229,warning,0.00032329559326171875,0.003115642502075993,0.05751775092846045
Perturbation (pooled),1,19,0.6260229132569558,warning,0.00018936395645141602,0.0033042296024739927,0.044075694368544485
Perturbation (pooled),2,1,0.8394758394758395,ok,0.0002689361572265625,0.0036309310298190487,0.07846781513743317
Perturbation (pooled),2,2,0.8452088452088452,ok,0.00031048059463500977,0.0029723278169299944,0.043331324205819456
Perturbation (pooled),2,3,0.8484848484848485,ok,0.00029647350311279297,0.003272734833702044,0.07177449026487137
Perturbation (pooled),2,4,0.8468468468468469,ok,0.000706017017364502,0.0024636466171285266,0.06973835773938432
Perturbation (pooled),2,5,0.8648648648648649,ok,0.0004456043243408203,0.0032088710056674173,0.05802764712751255
Perturbation (pooled),2,6,0.8288288288288288,ok,0.0004742145538330078,0.0036293382593029807,0.06797820588697386
Perturbation (pooled),2,7,0.8173628173628174,ok,0.0002881288528442383,0.0036133109613159875,0.042699565879091385
Perturbation (pooled),2,8,0.7932022932022932,ok,0.00040733814239501953,0.0035393309031613194,0.05632842980923226
Perturbation (pooled),2,9,0.778050778050778,warning,0.00017088651657104492,0.004673566270945317,0.058787221143637734
Perturbation (pooled),2,10,0.7645372645372646,warning,0.0005005598068237305,0.002823781896332955,0.06939851215611123
Perturbation (pooled),2,11,0.73996723996724,warning,0.00024300813674926758,0.0038700648216122083,0.04365519020982151
Perturbation (pooled),2,12,0.7289107289107289,ok,0.0007026791572570801,0.003362001428805615,0.06816736038737645
Perturbation (pooled),2,13,0.7211302211302212,warning,0.001076817512512207,0.0034441267857306885,0.07369428935302866
Perturbation (pooled),2,14,0.6953316953316954,warning,0.0006780624389648438,0.0042957536442053725,0.06275150464522758
Perturbation (pooled),2,15,0.6916461916461917,warning,0.00020813941955566406,0.0030054996847107395,0.04961598269211827
Perturbation (pooled),2,16,0.6621621621621622,warning,0.0003807544708251953,0.0032544790415802026,0.053939934504156635
Perturbation (pooled),2,17,0.6511056511056511,warning,0.0001800060272216797,0.00378598830709724,0.046046101246380096
Perturbation (pooled),2,18,0.6236691236691236,warning,0.0001398921012878418,0.0031202223562878852,0.03252814529331788
Perturbation (pooled),2,19,0.6153846153846154,warning,0.00019401311874389648,0.0033278020488548476,0.07445700537713386
Perturbation (pooled),3,1,0.8439803439803439,ok,0.00017517805099487305,0.0031597881373777426,0.043083447006029174
Perturbation (pooled),3,2,0.852989352989353,ok,0.0011145472526550293,0.0028628519874950914,0.05981542288579727
Perturbation (pooled),3,3,0.8394758394758395,ok,0.00025540590286254883,0.002927925596776124,0.040187255540177345
Perturbation (pooled),3,4,0.8447993447993448,ok,0.00020253658294677734,0.002893390211664228,0.04399549802742365
Perturbation (pooled),3,5,0.8493038493038493,warning,0.00025397539138793945,0.003781093180305134,0.03734043492320342
Perturbation (pooled),3,6,0.8423423423423423,warning,0.000217437744140625,0.002565058786243706,0.03449735477266203
Perturbation (pooled),3,7,0.8247338247338247,warning,0.0004069805145263672,0.0029335040792015186,0.03857147709222817
Perturbation (pooled),3,8,0.7993447993447993,warning,0.0003771781921386719,0.0032653766366970262,0.06069404543225863
Perturbation (pooled),3,9,0.7866502866502867,warning,0.00031495094299316406,0.0033669669008035957,0.036555433978476694
Perturbation (pooled),3,10,0.7518427518427518,critical,0.00015109777450561523,0.004640918947014379,0.040797089232121525
Perturbation (pooled),3,11,0.7469287469287469,warning,0.0008821487426757812,0.0027416635643141615,0.08610575694315645
Perturbation (pooled),3,12,0.719082719082719,warning,0.0001410841941833496,0.0029989897861860217,0.028301664402313312
Perturbation (pooled),3,13,0.7113022113022113,warning,0.00024199485778808594,0.0038531911943844093,0.02557560250711879
Perturbation (pooled),3,14,0.6773136773136773,warning,0.0004355907440185547,0.0036719195780578334,0.050337193428756505
Perturbation (pooled),3,15,0.6814086814086814,warning,0.0004935860633850098,0.003140855623451547,0.04937916563229442
Perturbation (pooled),3,16,0.6506961506961507,warning,0.00022161006927490234,0.00346341802737946,0.029330131673067385
Perturbation (pooled),3,17,0.6597051597051597,warning,0.0006446242332458496,0.0034131594934369083,0.06098124119560871
Perturbation (pooled),3,18,0.6068796068796068,warning,4.5359134674072266e-05,0.0029176749422700444,0.03045300747980886
Perturbation (pooled),3,19,0.6051554828150573,warning,0.0005115866661071777,0.0033129777492746904,0.06917233213384431
Perturbation (pooled),4,1,0.8419328419328419,ok,0.0005003809928894043,0.003726499592076522,0.07244013910337993
Perturbation (pooled),4,2,0.8390663390663391,ok,0.0001748800277709961,0.003006579384252927,0.03919254438486335
Perturbation (pooled),4,3,0.8435708435708436,ok,0.00021028518676757812,0.0035596267696119993,0.04587044139956349
Perturbation (pooled),4,4,0.857084357084357,ok,0.00015693902969360352,0.0024275808951806487,0.03856105421494156
Perturbation (pooled),4,5,0.8411138411138411,ok,0.00014346837997436523,0.0028579067816462494,0.055509652631930535
Perturbation (pooled),4,6,0.8267813267813268,ok,0.00024312734603881836,0.0027104404150641234,0.05129503165535707
Perturbation (pooled),4,7,0.8161343161343161,warning,0.0003078579902648926,0.004535671451628035,0.04894156545785046
Perturbation (pooled),4,8,0.8058968058968059,warning,0.00045365095138549805,0.004459514498517841,0.06258635892762356
Perturbation (pooled),4,9,0.7755937755937756,warning,0.00020498037338256836,0.003543789724387461,0.0694650591035121
Perturbation (pooled),4,10,0.7596232596232596,warning,0.0004685521125793457,0.002677197137933729,0.06324324982178241
Perturbation (pooled),4,11,0.7461097461097461,ok,9.149312973022461e-05,0.002825956401710776,0.037265726945604816
Perturbation (pooled),4,12,0.7305487305487306,ok,0.00012677907943725586,0.0031635151304630644,0.05613500879502371
Perturbation (pooled),4,13,0.7203112203112203,ok,0.00023096799850463867,0.0026323100094919087,0.03912423859006381
Perturbation (pooled),4,14,0.6965601965601965,ok,0.000249326229095459,0.0028349925894682725,0.04794472358245775
Perturbation (pooled),4,15,0.6932841932841933,ok,0.00024121999740600586,0.003825981839267151,0.05791560809813894
Perturbation (pooled),4,16,0.6756756756756757,ok,0.00024402141571044922,0.002718082781563356,0.047182458629600944
Perturbation (pooled),4,17,0.6597051597051597,ok,0.00032639503479003906,0.003244586744011096,0.054990688507825874
Perturbation (pooled),4,18,0.622031122031122,warning,0.00019037723541259766,0.004498506612748657,0.04624552453933305
Perturbation (pooled),4,19,0.617430441898527,warning,0.0003127455711364746,0.002870984166169186,0.05115331669634218
Perturbation (pooled),5,1,0.8370188370188371,ok,0.0004277229309082031,0.002618909362268486,0.0493508732393704
Perturbation (pooled),5,2,0.8423423423423423,ok,0.0002932548522949219,0.003230943832208371,0.039224177758750214
Perturbation (pooled),5,3,0.8452088452088452,ok,0.00044929981231689453,0.0032553599505868577,0.037872176572000114
Perturbation (pooled),5,4,0.8558558558558559,ok,0.0003504157066345215,0.0025508180615576867,0.045317304551175816
Perturbation (pooled),5,5,0.8591318591318591,ok,0.00024008750915527344,0.002736140399710452,0.0317997332427034
Perturbation (pooled),5,6,0.8185913185913186,ok,0.00046139955520629883,0.003080316686764918,0.04592843869312784
Perturbation (pooled),5,7,0.8063063063063063,warning,0.0003281235694885254,0.0035797207105920624,0.04305672529254832
Perturbation (pooled),5,8,0.7940212940212941,warning,0.00030237436294555664,0.003023376987343053,0.031285480676404936
Perturbation (pooled),5,9,0.7805077805077805,warning,0.00045365095138549805,0.003502568073350246,0.05466625083487305
Perturbation (pooled),5,10,0.7502047502047502,warning,0.0002776980400085449,0.003294571926103546,0.0358983898303875
Perturbation (pooled),5,11,0.7407862407862408,warning,0.0001392364501953125,0.00258708446684025,0.030541989992179705
Perturbation (pooled),5,12,0.7285012285012284,warning,0.0010669827461242676,0.0036885741221116645,0.08234126689209981
Perturbation (pooled),5,13,0.7125307125307125,warning,0.0012111067771911621,0.0026779826689915633,0.09010756705087863
Perturbation (pooled),5,14,0.7039312039312039,critical,0.0006965994834899902,0.0032641376541877832,0.049124459139575596
Perturbation (pooled),5,15,0.6805896805896806,critical,0.0006914138793945312,0.002634323699329227,0.060642679617988034
Perturbation (pooled),5,16,0.6420966420966421,warning,0.0002638697624206543,0.0030484686476406992,0.03434526131005321
Perturbation (pooled),5,17,0.6408681408681409,warning,0.0005133152008056641,0.0034223184606758804,0.04079109579069196
Perturbation (pooled),5,18,0.6294021294021294,warning,0.0005154013633728027,0.0035047004701689883,0.04842227520394442
Perturbation (pooled),5,19,0.5920621931260229,warning,0.00019884109497070312,0.0029110938527143887,0.041198597886869054
Perturbation (pooled),6,1,0.8329238329238329,ok,0.0006669759750366211,0.003509384910810167,0.07821970491423706
Perturbation (pooled),6,2,0.8476658476658476,ok,0.0005274415016174316,0.003281651201173702,0.06593736289503822
Perturbation (pooled),6,3,0.8574938574938575,ok,0.00013083219528198242,0.002707235924395363,0.04426374227554807
Perturbation (pooled),6,4,0.8480753480753481,ok,0.0008079409599304199,0.0028197930070261367,0.06856620375531894
Perturbation (pooled),6,5,0.8468468468468469,ok,0.00014793872833251953,0.0028159669005241718,0.04341545853065231
Perturbation (pooled),6,6,0.8316953316953317,ok,0.000347137451171875,0.003370242113358787,0.09332760907310583
Perturbation (pooled),6,7,0.8333333333333334,ok,0.0007906556129455566,0.0032056055719587324,0.0700179929742063
Perturbation (pooled),6,8,0.7936117936117936,ok,0.0004328489303588867,0.003098182608443472,0.08053201275188933
Perturbation (pooled),6,9,0.7714987714987716,ok,0.00012493133544921875,0.003016232333006371,0.043601042935013545
Perturbation (pooled),6,10,0.7723177723177723,ok,0.0002510547637939453,0.0034809882365391858,0.04284919071507797
Perturbation (pooled),6,11,0.7567567567567568,ok,0.0005024075508117676,0.003484609734847641,0.07550168613322386
Perturbation (pooled),6,12,0.7497952497952498,ok,0.0006369948387145996,0.0032155433616058784,0.06449822575482396
Perturbation (pooled),6,13,0.7166257166257166,ok,0.00015413761138916016,0.0036165933810922424,0.05870699912752902
Perturbation (pooled),6,14,0.6957411957411958,ok,0.0002333521842956543,0.0029133155728486085,0.03268730275521805
Perturbation (pooled),6,15,0.676085176085176,warning,0.0011895298957824707,0.0028507038523709043,0.0893377195743157
Perturbation (pooled),6,16,0.6736281736281736,warning,0.0007268786430358887,0.003372834069955121,0.08549386797274326
Perturbation (pooled),6,17,0.6711711711711712,warning,0.0003834962844848633,0.0033550969161236523,0.0614872972933265
Perturbation (pooled),6,18,0.635954135954136,warning,0.0014204978942871094,0.003690125704479145,0.08901693580563828
Perturbation (pooled),6,19,0.6382978723404256,warning,0.0007973313331604004,0.003455615703098801,0.08099825884058781
Perturbation (pooled),7,1,0.8341523341523341,ok,0.0010231733322143555,0.0036520500189750954,0.06783010218087296
Perturbation (pooled),7,2,0.8439803439803439,ok,0.0003249049186706543,0.002958310245108598,0.04223377900339212
Perturbation (pooled),7,3,0.8427518427518428,ok,0.0005246996879577637,0.0032250356637194477,0.0487710580702762
Perturbation (pooled),7,4,0.8488943488943489,warning,0.0011409521102905273,0.002923870412983279,0.09239830450558327
Perturbation (pooled),7,5,0.8542178542178542,warning,0.0005400776863098145,0.002686296783936091,0.0398828715150722
Perturbation (pooled),7,6,0.8337428337428338,warning,0.0006797909736633301,0.003641838241216942,0.0560784365535224
Perturbation (pooled),7,7,0.8067158067158067,ok,0.0009295344352722168,0.0033663572018023244,0.06195676342388158
Perturbation (pooled),7,8,0.7960687960687961,ok,0.00035458803176879883,0.0034806537320835797,0.04870168590078391
Perturbation (pooled),7,9,0.7886977886977887,ok,0.0005064606666564941,0.0035634812731676338,0.04631359240607578
Perturbation (pooled),7,10,0.7567567567567568,warning,0.0009420514106750488,0.004567473302500056,0.05781685072378722
Perturbation (pooled),7,11,0.7469287469287469,warning,0.0010800957679748535,0.0030778086304384736,0.055687476589619395
Perturbation (pooled),7,12,0.7489762489762489,warning,0.000554502010345459,0.003602917298832227,0.06581270458769965
Perturbation (pooled),7,13,0.7264537264537264,warning,0.0007745623588562012,0.0037595697944510075,0.062898875276896
Perturbation (pooled),7,14,0.6846846846846847,warning,0.0020781755447387695,0.0037623052877912297,0.09630254733712865
Perturbation (pooled),7,15,0.6965601965601965,warning,0.0004437565803527832,0.003256661809823926,0.04752174024828642
Perturbation (pooled),7,16,0.6588861588861589,warning,0.0012153983116149902,0.0034797348991434333,0.05841016523239876
Perturbation (pooled),7,17,0.6703521703521703,ok,0.0006312727928161621,0.0032124137624519097,0.06027159108249258
Perturbation (pooled),7,18,0.647010647010647,ok,0.00048154592514038086,0.003098042252690529,0.0450284579892915
Perturbation (pooled),7,19,0.6350245499181669,ok,0.0003567934036254883,0.0034666532007336416,0.04645583548994748
Perturbation (pooled),8,1,0.8513513513513513,ok,0.0005845427513122559,0.003337223584285012,0.04254801742145011
Perturbation (pooled),8,2,0.8476658476658476,ok,0.0012240409851074219,0.0027082800984816946,0.07661759497156949
Perturbation (pooled),8,3,0.8443898443898444,ok,0.0006290078163146973,0.004166438885402333,0.055923289283011726
Perturbation (pooled),8,4,0.8456183456183456,ok,0.0012997984886169434,0.0030439905394684273,0.0820292470782971
Perturbation (pooled),8,5,0.8546273546273546,ok,0.0008862614631652832,0.002869223198398525,0.058875963235629485
Perturbation (pooled),8,6,0.821048321048321,warning,0.0019500255584716797,0.0036318915047183938,0.11168105172884937
Perturbation (pooled),8,7,0.8112203112203112,warning,0.0005115866661071777,0.0032652386811875974,0.0625334687888154
Perturbation (pooled),8,8,0.7932022932022932,warning,0.000979006290435791,0.0035115372644916117,0.055773100978942794
Perturbation (pooled),8,9,0.7792792792792793,ok,0.0007772445678710938,0.0031443498121666294,0.06956771759338828
Perturbation (pooled),8,10,0.7567567567567568,warning,0.0019660592079162598,0.002756574795694532,0.09004788827900474
Perturbation (pooled),8,11,0.7358722358722358,warning,0.0014995932579040527,0.0027538766291514164,0.0825637065577432
Perturbation (pooled),8,12,0.7268632268632269,warning,0.0006996393203735352,0.003725286656404799,0.06681806203670691
Perturbation (pooled),8,13,0.7113022113022113,ok,0.0016010403633117676,0.003665458136702734,0.0800618549503187
Perturbation (pooled),8,14,0.6846846846846847,ok,0.0008121132850646973,0.003448933363950288,0.06356029674312805
Perturbation (pooled),8,15,0.6797706797706797,ok,0.0003815293312072754,0.0036647260028537243,0.041157116326308966
Perturbation (pooled),8,16,0.6511056511056511,ok,0.0013358592987060547,0.003578152934329509,0.08450396064934713
Perturbation (pooled),8,17,0.6306306306306306,ok,0.0011706352233886719,0.004171729454161159,0.06189595734628869
Perturbation (pooled),8,18,0.6085176085176085,ok,0.0012368559837341309,0.003097960377202909,0.060430102468102896
Perturbation (pooled),8,19,0.6092471358428805,ok,0.0006340146064758301,0.003681019090261653,0.057531326124403634
Perturbation (pooled),9,1,0.8493038493038493,ok,0.0009541511535644531,0.002901373257999114,0.0874445262417674
Perturbation (pooled),9,2,0.8472563472563472,ok,7.659196853637695e-05,0.002622690252865242,0.04432380367004647
Perturbation (pooled),9,3,0.8431613431613432,ok,0.00010091066360473633,0.003195908011691238,0.0474415154003524
Perturbation (pooled),9,4,0.866912366912367,ok,0.00010347366333007812,0.0029612974272469825,0.0532591690142946
Perturbation (pooled),9,5,0.8538083538083538,ok,0.00010675191879272461,0.002651321265218641,0.03231019515431311
Perturbation (pooled),9,6,0.8390663390663391,warning,0.0002142786979675293,0.00370526561394814,0.0456736359980192
Perturbation (pooled),9,7,0.8161343161343161,warning,6.097555160522461e-05,0.003948605965005044,0.07122603482029034
Perturbation (pooled),9,8,0.8038493038493039,warning,0.0003382563591003418,0.002993601155856735,0.055590435466672056
Perturbation (pooled),9,9,0.7870597870597871,warning,0.0005955696105957031,0.0034736014997996155,0.061402795691406255
Perturbation (pooled),9,10,0.7497952497952498,warning,0.00011616945266723633,0.0032034637301538993,0.0548361842833264
Perturbation (pooled),9,11,0.7493857493857494,warning,0.00012248754501342773,0.0023572378344498763,0.04697635425994573
Perturbation (pooled),9,12,0.7371007371007371,warning,4.190206527709961e-05,0.003543991056782371,0.0477231904591579
Perturbation (pooled),9,13,0.730958230958231,warning,0.0002726316452026367,0.003414941763331081,0.05253381075310629
Perturbation (pooled),9,14,0.6908271908271908,warning,0.00031501054763793945,0.0027027691223964123,0.05199022920046919
Perturbation (pooled),9,15,0.6822276822276823,ok,7.259845733642578e-05,0.0026840445770064955,0.04365950358465592
Perturbation (pooled),9,16,0.6531531531531531,ok,0.00014096498489379883,0.0029794608077093137,0.04425683119024888
Perturbation (pooled),9,17,0.6457821457821458,warning,0.00027304887771606445,0.0033089259865842196,0.04451498233108366
Perturbation (pooled),9,18,0.61998361998362,warning,0.0002561211585998535,0.003002703779717246,0.04753594232279193
Perturbation (pooled),9,19,0.6145662847790507,warning,0.00035256147384643555,0.0031190167469178805,0.06281917595603469
Perturbation (pooled),10,1,0.8394758394758395,ok,0.00029718875885009766,0.002582086551791098,0.04909597877685721
Perturbation (pooled),10,2,0.8427518427518428,ok,0.0006884932518005371,0.003212317024865666,0.061418322699844666
Perturbation (pooled),10,3,0.8394758394758395,ok,0.0005085468292236328,0.003404152433793688,0.06683817540007865
Perturbation (pooled),10,4,0.85995085995086,ok,0.0005944371223449707,0.0028490817765325993,0.04971946819695313
Perturbation (pooled),10,5,0.8615888615888616,ok,0.0003796815872192383,0.003336884289586873,0.05096197724006735
Perturbation (pooled),10,6,0.8386568386568387,ok,0.0007094740867614746,0.0033072930621557313,0.057491155785953076
Perturbation (pooled),10,7,0.8202293202293203,ok,0.00023221969604492188,0.0027858452178166106,0.0332775261540772
Perturbation (pooled),10,8,0.7878787878787878,ok,0.000370025634765625,0.0031878848655585972,0.05731142364277118
Perturbation (pooled),10,9,0.7833742833742834,warning,0.000917971134185791,0.0029719352848020424,0.0589531219536156
Perturbation (pooled),10,10,0.7551187551187551,warning,0.0003885626792907715,0.0033436544565339926,0.0459554948500109
Perturbation (pooled),10,11,0.7497952497952498,warning,0.00040465593338012695,0.002851326891239044,0.03615635070289246
Perturbation (pooled),10,12,0.7428337428337428,ok,0.00030994415283203125,0.0033642561557796595,0.0556228521803812
Perturbation (pooled),10,13,0.7231777231777232,ok,0.00018519163131713867,0.0025778644483439956,0.040603913202444955
Perturbation (pooled),10,14,0.6855036855036855,ok,0.00046449899673461914,0.0031568722203274497,0.04592287286133622
Perturbation (pooled),10,15,0.6855036855036855,ok,0.00020015239715576172,0.0034376542021898153,0.033186222572088614
Perturbation (pooled),10,16,0.6416871416871417,warning,0.00029528141021728516,0.0037922949414435766,0.04265514900183257
Perturbation (pooled),10,17,0.6498771498771498,warning,0.0002632737159729004,0.0029915434972243226,0.03873056779103771
Perturbation (pooled),10,18,0.6343161343161343,warning,0.00017654895782470703,0.0026874830918265638,0.032056133798266384
Perturbation (pooled),10,19,0.61620294599018,ok,0.00041413307189941406,0.003150068466476401,0.04677549755270407
Perturbation (pooled),11,1,0.8402948402948403,ok,0.0001965165138244629,0.002328459523720347,0.03775543333252436
Perturbation (pooled),11,2,0.8447993447993448,ok,0.00035840272903442383,0.003009409028604835,0.050434290326370555
Perturbation (pooled),11,3,0.8513513513513513,ok,9.423494338989258e-05,0.003643372183434253,0.030621228438426795
Perturbation (pooled),11,4,0.8497133497133497,ok,0.00019061565399169922,0.003413392257002551,0.03801739105575678
Perturbation (pooled),11,5,0.852989352989353,ok,0.00020945072174072266,0.002902524761651845,0.03923412024735317
Perturbation (pooled),11,6,0.8357903357903358,warning,0.00030487775802612305,0.0023042984792285342,0.050026862011823124
Perturbation (pooled),11,7,0.8165438165438166,warning,0.0003624558448791504,0.0033176886630400704,0.04804194720448997
Perturbation (pooled),11,8,0.7944307944307945,warning,0.00031107664108276367,0.0026615740231895803,0.04002396863860244
Perturbation (pooled),11,9,0.7833742833742834,warning,0.0007359981536865234,0.0029407070532800382,0.07385376160987243
Perturbation (pooled),11,10,0.7452907452907452,warning,0.00036644935607910156,0.003124785376172456,0.05272550378387594
Perturbation (pooled),11,11,0.7403767403767404,warning,5.358457565307617e-05,0.002569152289658008,0.03498997545021568
Perturbation (pooled),11,12,0.7244062244062244,ok,0.00016736984252929688,0.003323994120530653,0.035174341526663926
Perturbation (pooled),11,13,0.7067977067977068,warning,0.00032597780227661133,0.00337962596082614,0.054450562546699194
Perturbation (pooled),11,14,0.6818181818181818,warning,0.0003037452697753906,0.002820722237906893,0.06562300204615172
Perturbation (pooled),11,15,0.6695331695331695,warning,0.00027370452880859375,0.0028648998046924474,0.04849006430282928
Perturbation (pooled),11,16,0.6515151515151515,warning,0.00016611814498901367,0.0033430283595627264,0.03676679348981163
Perturbation (pooled),11,17,0.6302211302211302,ok,0.00014495849609375,0.0034247129267122077,0.027999018181655393
Perturbation (pooled),11,18,0.6044226044226044,ok,9.107589721679688e-05,0.0029776083194419985,0.05651079644094376
Perturbation (pooled),11,19,0.603518821603928,ok,7.033348083496094e-05,0.0036038808766770754,0.025047701379710446
Perturbation (pooled),12,1,0.8513513513513513,ok,0.00016313791275024414,0.0031694243869152482,0.04284354946001849
Perturbation (pooled),12,2,0.8480753480753481,ok,0.00025516748428344727,0.004400101342464609,0.038753513701376086
Perturbation (pooled),12,3,0.8435708435708436,ok,0.00010412931442260742,0.0032867792357884184,0.04139595736067903
Perturbation (pooled),12,4,0.8521703521703522,warning,0.00041478872299194336,0.0037633203093055904,0.0573828236723856
Perturbation (pooled),12,5,0.8517608517608518,warning,0.00014036893844604492,0.0031272926681374705,0.04521729530643659
Perturbation (pooled),12,6,0.8185913185913186,warning,0.0004125237464904785,0.003932959382662086,0.04768800491926306
Perturbation (pooled),12,7,0.8095823095823096,warning,0.0004456639289855957,0.0028508948717392334,0.05907919925136405
Perturbation (pooled),12,8,0.7993447993447993,warning,0.0002123117446899414,0.0037545366950459446,0.04849431811196708
Perturbation (pooled),12,9,0.776003276003276,warning,0.0003313422203063965,0.0027848348731252916,0.05680234172727751
Perturbation (pooled),12,10,0.7506142506142506,ok,9.900331497192383e-05,0.003348026682102874,0.039048956798272014
Perturbation (pooled),12,11,0.7440622440622441,ok,0.00010704994201660156,0.0031561205396503133,0.053304320547031714
Perturbation (pooled),12,12,0.7387387387387387,ok,7.581710815429688e-05,0.0025927922611668755,0.03205161173093558
Perturbation (pooled),12,13,0.7162162162162162,ok,0.00015413761138916016,0.002433497530839341,0.04173386927854405
Perturbation (pooled),12,14,0.6920556920556921,ok,0.0002289414405822754,0.004135961796462922,0.047897545296819326
Perturbation (pooled),12,15,0.6887796887796888,ok,0.00010114908218383789,0.0025757680946379233,0.02346494333556786
Perturbation (pooled),12,16,0.6523341523341524,ok,0.00021564960479736328,0.0025500250901170814,0.035870780120985116
Perturbation (pooled),12,17,0.6625716625716626,ok,8.118152618408203e-05,0.00328616659717414,0.03656542069586811
Perturbation (pooled),12,18,0.64004914004914,ok,0.00042110681533813477,0.0036056549626582567,0.04696260155184804
Perturbation (pooled),12,19,0.6051554828150573,ok,0.0001462697982788086,0.003588852748178224,0.03519587056090074
Perturbation (pooled),13,1,0.8345618345618345,ok,0.00034940242767333984,0.004013505665610784,0.05580153312960475
Perturbation (pooled),13,2,0.8435708435708436,ok,0.00021219253540039062,0.0028126836282730133,0.04392467194430747
Perturbation (pooled),13,3,0.8472563472563472,ok,0.00026667118072509766,0.0031388893257437043,0.052114836283636036
Perturbation (pooled),13,4,0.8497133497133497,warning,0.0008828639984130859,0.0028559842573268102,0.0821869185752708
Perturbation (pooled),13,5,0.855036855036855,warning,0.0004717111587524414,0.003599420066471437,0.049978850007155025
Perturbation (pooled),13,6,0.8308763308763308,warning,0.00033408403396606445,0.0037415956556617978,0.04510450488017233
Perturbation (pooled),13,7,0.8202293202293203,ok,0.0001932382583618164,0.0024230385955365348,0.0407563260457815
Perturbation (pooled),13,8,0.8034398034398035,ok,0.00036156177520751953,0.003662167258947117,0.05628416839419552
Perturbation (pooled),13,9,0.7784602784602784,ok,0.0004004240036010742,0.0032076094559504043,0.05280457043352505
Perturbation (pooled),13,10,0.7563472563472563,warning,0.0010759830474853516,0.003319440660913988,0.09429993437882282
Perturbation (pooled),13,11,0.7280917280917281,warning,0.0012322068214416504,0.0035832289659626752,0.08105624929401502
Perturbation (pooled),13,12,0.735053235053235,warning,0.0001131892204284668,0.002753882942747467,0.050250390385785576
Perturbation (pooled),13,13,0.7072072072072072,warning,0.0004937052726745605,0.002720794896289183,0.04731871291211696
Perturbation (pooled),13,14,0.6986076986076986,ok,0.0002614259719848633,0.0029791337281836333,0.06403738923998586
Perturbation (pooled),13,15,0.671990171990172,ok,0.00028145313262939453,0.003013741294394268,0.05974412674120919
Perturbation (pooled),13,16,0.6527436527436528,ok,0.00010776519775390625,0.002731585515035856,0.03902196886805845
Perturbation (pooled),13,17,0.6412776412776413,ok,0.00021266937255859375,0.003587733979955577,0.05460910608007647
Perturbation (pooled),13,18,0.6023751023751024,warning,0.0004360675811767578,0.0028757829184594503,0.0830660649050137
Perturbation (pooled),13,19,0.5916530278232406,warning,0.00028824806213378906,0.0034618562699268414,0.05206253353091111
Perturbation (pooled),14,1,0.8505323505323505,ok,0.00047266483306884766,0.003551777984964228,0.044629114189815515
Perturbation (pooled),14,2,0.8501228501228502,ok,0.0002849698066711426,0.0029181295035346647,0.03961583617579103
Perturbation (pooled),14,3,0.8366093366093366,ok,0.0003339052200317383,0.0025479040639177124,0.054936414899177305
Perturbation (pooled),14,4,0.8546273546273546,ok,0.00017511844635009766,0.002775693282781191,0.039016420827884105
Perturbation (pooled),14,5,0.8402948402948403,ok,0.00010788440704345703,0.002936139363235284,0.028222360186563954
Perturbation (pooled),14,6,0.8341523341523341,ok,7.456541061401367e-05,0.0028480378192668404,0.042504282390590474
Perturbation (pooled),14,7,0.8312858312858313,ok,0.00020635128021240234,0.002554373141805391,0.04680354986487591
Perturbation (pooled),14,8,0.7989352989352989,ok,0.0003083944320678711,0.002272519170684442,0.04786043467422644
Perturbation (pooled),14,9,0.7800982800982801,ok,0.00020927190780639648,0.003192319361755646,0.0429996826394712
Perturbation (pooled),14,10,0.7502047502047502,ok,0.00044232606887817383,0.002916266690082621,0.05864882998931318
Perturbation (pooled),14,11,0.7473382473382474,ok,0.00037157535552978516,0.0031226908652447188,0.03849593363751161
Perturbation (pooled),14,12,0.7211302211302212,ok,0.000453948974609375,0.003096318143764172,0.04609341401931753
Perturbation (pooled),14,13,0.7252252252252253,warning,0.0006123781204223633,0.003354317008357587,0.05202114150076089
Perturbation (pooled),14,14,0.7027027027027027,warning,0.000310361385345459,0.002931296250285583,0.04300612318503995
Perturbation (pooled),14,15,0.6842751842751843,warning,0.0003552436828613281,0.002457049661462962,0.044502027793444435
Perturbation (pooled),14,16,0.6629811629811629,ok,0.0002701282501220703,0.002762354566610407,0.04105777824034396
Perturbation (pooled),14,17,0.6617526617526618,ok,0.00016933679580688477,0.002626457018478773,0.03265320347205574
Perturbation (pooled),14,18,0.6248976248976249,ok,0.00037491321563720703,0.002501576305059926,0.05891887267928656
Perturbation (pooled),14,19,0.6407528641571195,ok,0.00011110305786132812,0.002356259269978869,0.028200015781545882
Perturbation (pooled),15,1,0.8603603603603603,ok,0.00016230344772338867,0.003299332428808946,0.053372881955685125
Perturbation (pooled),15,2,0.8427518427518428,ok,0.00017827749252319336,0.0023486188618125348,0.03506492522227089
Perturbation (pooled),15,3,0.8345618345618345,ok,0.00018042325973510742,0.003409307195632796,0.034993747680964485
Perturbation (pooled),15,4,0.8558558558558559,warning,0.0005410313606262207,0.0023740936485943664,0.06065317183232622
Perturbation (pooled),15,5,0.8546273546273546,warning,0.0002486705780029297,0.002666642895900801,0.03500613132697635
Perturbation (pooled),15,6,0.8366093366093366,warning,0.00010603666305541992,0.0032559355363630657,0.02956677724718698
Perturbation (pooled),15,7,0.8194103194103194,ok,0.0003342628479003906,0.0023705238450305657,0.03766901867056493
Perturbation (pooled),15,8,0.7870597870597871,warning,0.0005481839179992676,0.0029508116296982296,0.05195820329437758
Perturbation (pooled),15,9,0.7911547911547911,warning,0.0002390742301940918,0.004284946840554441,0.04315686190461193
Perturbation (pooled),15,10,0.7538902538902539,warning,0.0004519224166870117,0.0032140993763287396,0.05682435253426049
Perturbation (pooled),15,11,0.7547092547092548,warning,0.00026232004165649414,0.002805260960522263,0.04498745261970488
Perturbation (pooled),15,12,0.7383292383292384,ok,0.0002563595771789551,0.003574205065639582,0.03200741472563135
Perturbation (pooled),15,13,0.7338247338247338,ok,0.00015026330947875977,0.002571830623975372,0.033936017366367116
Perturbation (pooled),15,14,0.7022932022932022,ok,0.0004451274871826172,0.002581872500324895,0.03697005892134317
Perturbation (pooled),15,15,0.7063882063882064,ok,0.00020360946655273438,0.0024063870047603114,0.041696580094845975
Perturbation (pooled),15,16,0.6629811629811629,ok,0.0003648996353149414,0.0028945009182743692,0.049523493987982926
Perturbation (pooled),15,17,0.6633906633906634,ok,0.00033402442932128906,0.0028154294879273907,0.04576330447995116
Perturbation (pooled),15,18,0.6408681408681409,warning,0.0001919865608215332,0.004109408955938814,0.0277948808962808
Perturbation (pooled),15,19,0.6272504091653028,warning,0.000186920166015625,0.002758903689017979,0.06011372847133896
Perturbation (pooled),16,1,0.855036855036855,ok,0.0003935694694519043,0.002865800357903801,0.04214254824140409
Perturbation (pooled),16,2,0.8439803439803439,ok,0.00012040138244628906,0.002330690322193256,0.03307407376158869
Perturbation (pooled),16,3,0.8447993447993448,ok,0.00020831823348999023,0.002900719604980238,0.06479336607367575
Perturbation (pooled),16,4,0.8542178542178542,warning,0.00010883808135986328,0.004009373901849746,0.04431174972002015
Perturbation (pooled),16,5,0.8439803439803439,warning,0.0009669065475463867,0.0029181329320165923,0.057219195701269605
Perturbation (pooled),16,6,0.8402948402948403,warning,0.00024259090423583984,0.002818455184633137,0.0500238175776308
Perturbation (pooled),16,7,0.8226863226863227,warning,0.00010836124420166016,0.0027427441141275274,0.047947573523831555
Perturbation (pooled),16,8,0.8058968058968059,warning,0.0008133053779602051,0.0023547470944324887,0.07079071696789711
Perturbation (pooled),16,9,0.778050778050778,warning,0.00010538101196289062,0.0022603642308843498,0.0402797991492013
Perturbation (pooled),16,10,0.7612612612612613,warning,0.00019294023513793945,0.004013647156733265,0.0487093514088902
Perturbation (pooled),16,11,0.7416052416052417,ok,9.816884994506836e-05,0.002732689480956847,0.035579098295067633
Perturbation (pooled),16,12,0.7432432432432432,ok,0.0002467632293701172,0.0025546794049193756,0.03214929374522182
Perturbation (pooled),16,13,0.7096642096642096,ok,3.808736801147461e-05,0.0027102678406362313,0.04269481910736645
Perturbation (pooled),16,14,0.7039312039312039,ok,0.00010067224502563477,0.003304017098697108,0.03988176938149691
Perturbation (pooled),16,15,0.6891891891891891,ok,0.00022286176681518555,0.0030794807332125587,0.045823625884995944
Perturbation (pooled),16,16,0.6552006552006552,ok,0.00026297569274902344,0.002622563236711291,0.037993904694390054
Perturbation (pooled),16,17,0.6453726453726454,ok,0.00014358758926391602,0.003658079913592022,0.05212125256520305
Perturbation (pooled),16,18,0.6105651105651105,ok,0.0003291964530944824,0.0027144403461317776,0.04411204680300597
Perturbation (pooled),16,19,0.6239770867430442,warning,0.00041991472244262695,0.00292298769945264,0.05068492762088861
Perturbation (pooled),17,1,0.8456183456183456,ok,0.00022369623184204102,0.003588871351351083,0.034595651393809664
Perturbation (pooled),17,2,0.8595413595413596,ok,0.00046813488006591797,0.0027653459258454322,0.06018309445897646
Perturbation (pooled),17,3,0.834971334971335,ok,0.0005048513412475586,0.0030444069184692186,0.055676775600800844
Perturbation (pooled),17,4,0.8501228501228502,ok,0.000431060791015625,0.0032155285653008934,0.04712510283465847
Perturbation (pooled),17,5,0.8402948402948403,ok,0.00016075372695922852,0.0032225788014259744,0.049761130658045466
Perturbation (pooled),17,6,0.8284193284193284,ok,0.00012606382369995117,0.0028166998658821943,0.037055368691585176
Perturbation (pooled),17,7,0.8144963144963145,warning,0.00018602609634399414,0.0042107655881239645,0.04040242465679042
Perturbation (pooled),17,8,0.7923832923832924,warning,0.00030225515365600586,0.003108632816006327,0.044917728608500136
Perturbation (pooled),17,9,0.7841932841932842,warning,0.0003527998924255371,0.003356516474691631,0.046869719490816204
Perturbation (pooled),17,10,0.7719082719082719,ok,0.00020164251327514648,0.003090229517517017,0.03615071730415696
Perturbation (pooled),17,11,0.737919737919738,ok,0.0006123185157775879,0.0029158414890292205,0.0658731500349861
Perturbation (pooled),17,12,0.735053235053235,ok,0.00011849403381347656,0.0029275912905461724,0.032048168768398826
Perturbation (pooled),17,13,0.7162162162162162,warning,0.0006969571113586426,0.0027896838750581052,0.06681298108178017
Perturbation (pooled),17,14,0.696969696969697,warning,0.0003809928894042969,0.003297176335833936,0.04602059768779798
Perturbation (pooled),17,15,0.6769041769041769,warning,0.00029277801513671875,0.003221181282528997,0.04714166150433312
Perturbation (pooled),17,16,0.6728091728091729,ok,0.00043761730194091797,0.0032934986351845375,0.044154366542824314
Perturbation (pooled),17,17,0.6629811629811629,ok,0.00022137165069580078,0.0034962175278145675,0.040144800621158966
Perturbation (pooled),17,18,0.6105651105651105,ok,8.845329284667969e-05,0.0034744032278394878,0.03328685022823443
Perturbation (pooled),17,19,0.6219312602291326,ok,0.00026482343673706055,0.0028925931943177526,0.031484794498947116
Perturbation (pooled),18,1,0.8648648648648649,ok,0.00018709897994995117,0.002538175527384049,0.042472600787961945
Perturbation (pooled),18,2,0.8488943488943489,ok,0.0003370046615600586,0.0033519280694512877,0.06654107345483226
Perturbation (pooled),18,3,0.8480753480753481,ok,0.00013059377670288086,0.0032817179642589183,0.05821604677027873
Perturbation (pooled),18,4,0.8538083538083538,ok,0.0005442500114440918,0.003153217471674282,0.05796326977628136
Perturbation (pooled),18,5,0.855036855036855,ok,0.00015407800674438477,0.0032320539403286495,0.0491922204111225
Perturbation (pooled),18,6,0.8411138411138411,ok,0.0003668069839477539,0.003473626800188462,0.050400136459915715
Perturbation (pooled),18,7,0.8194103194103194,ok,0.0004132986068725586,0.0033583736063399153,0.05228371237977472
Perturbation (pooled),18,8,0.7944307944307945,ok,0.00010448694229125977,0.003626962650260957,0.056427259341490225
Perturbation (pooled),18,9,0.7919737919737919,ok,0.0001360774040222168,0.002902633503204315,0.03768207656370621
Perturbation (pooled),18,10,0.7485667485667485,ok,0.0005179643630981445,0.003461052003647541,0.047228790838618424
Perturbation (pooled),18,11,0.7461097461097461,ok,0.0004456043243408203,0.0032965178307278803,0.06194791701957167
Perturbation (pooled),18,12,0.726044226044226,ok,0.0002707839012145996,0.0035185717999212827,0.05577647304618279
Perturbation (pooled),18,13,0.7121212121212122,ok,0.0002434849739074707,0.002889601492930961,0.04708194163880395
Perturbation (pooled),18,14,0.683046683046683,ok,0.00040668249130249023,0.002811010698382718,0.06114984343247338
Perturbation (pooled),18,15,0.680999180999181,ok,7.593631744384766e-05,0.003201321020961953,0.0362647803775649
Perturbation (pooled),18,16,0.6466011466011466,ok,0.00012433528900146484,0.002801536246755872,0.04150901830859672
Perturbation (pooled),18,17,0.6564291564291564,ok,0.0002231001853942871,0.0034335822274089243,0.03858166946817869
Perturbation (pooled),18,18,0.6154791154791155,ok,0.00025337934494018555,0.0026909718702913038,0.044401799924669735
Perturbation (pooled),18,19,0.6080196399345336,ok,0.00031250715255737305,0.003730433637088432,0.05252906019424274
Perturbation (pooled),19,1,0.8480753480753481,ok,0.00023740530014038086,0.0028743472860043124,0.033300749534495244
Perturbation (pooled),19,2,0.8587223587223587,ok,0.0005998015403747559,0.0032912829934254985,0.07368497290950952
Perturbation (pooled),19,3,0.8415233415233415,ok,0.00011175870895385742,0.002744593932529887,0.029643640336222073
Perturbation (pooled),19,4,0.8456183456183456,ok,0.0002543330192565918,0.0033833425401612535,0.03693837877118876
Perturbation (pooled),19,5,0.8443898443898444,ok,0.00033205747604370117,0.003165605290642329,0.03443677418496856
Perturbation (pooled),19,6,0.8300573300573301,ok,8.058547973632812e-05,0.0029235082500951868,0.03990496743232213
Perturbation (pooled),19,7,0.8026208026208026,ok,0.00024086236953735352,0.003281149484272599,0.047739066568471766
Perturbation (pooled),19,8,0.7960687960687961,ok,0.00015527009963989258,0.002853401899295427,0.027564919548882218
Perturbation (pooled),19,9,0.7698607698607699,ok,0.00012087821960449219,0.002865663560677711,0.03580855406186687
Perturbation (pooled),19,10,0.7493857493857494,warning,0.00023543834686279297,0.0035310154809174363,0.03795760496516452
Perturbation (pooled),19,11,0.7342342342342343,warning,0.00010150671005249023,0.0033863319635548707,0.03014838592401781
Perturbation (pooled),19,12,0.7276822276822277,warning,0.00017195940017700195,0.003665137517121851,0.03507303235703721
Perturbation (pooled),19,13,0.717035217035217,warning,0.0007461905479431152,0.0031690099092362934,0.0702088367881536
Perturbation (pooled),19,14,0.7076167076167076,warning,0.0001646876335144043,0.002994138941830404,0.03673039244969934
Perturbation (pooled),19,15,0.6887796887796888,warning,0.0006375312805175781,0.00288128595987867,0.06968882142893747
Perturbation (pooled),19,16,0.6621621621621622,warning,0.000888824462890625,0.002604302159887147,0.0938907325108853
Perturbation (pooled),19,17,0.6392301392301393,warning,0.0002028346061706543,0.002382488478940849,0.03561913002053365
Perturbation (pooled),19,18,0.6134316134316135,warning,0.0006680488586425781,0.0037562342542585263,0.05468099496276243
Perturbation (pooled),19,19,0.6039279869067103,warning,0.00022929906845092773,0.002644054206879515,0.048119243742686356
Perturbation (pooled),20,1,0.8427518427518428,ok,0.00025719404220581055,0.002489743807402569,0.060060336450564904
Perturbation (pooled),20,2,0.8505323505323505,ok,0.0002276897430419922,0.0033389741290565677,0.03183310331323282
Perturbation (pooled),20,3,0.8292383292383292,ok,0.00023406744003295898,0.003871715172186901,0.052606933181007065
Perturbation (pooled),20,4,0.8587223587223587,ok,9.107589721679688e-05,0.0030762320170999043,0.03957069649633376
Perturbation (pooled),20,5,0.8456183456183456,ok,0.00011527538299560547,0.003451469409344435,0.043298576622103055
Perturbation (pooled),20,6,0.8398853398853399,ok,0.00016391277313232422,0.0031749416818368627,0.02942376567339139
Perturbation (pooled),20,7,0.803030303030303,ok,9.47713851928711e-05,0.0032411956845460393,0.031875913592464375
Perturbation (pooled),20,8,0.7948402948402948,ok,0.00012665987014770508,0.0020252489085261,0.04016792444080521
Perturbation (pooled),20,9,0.7727272727272727,warning,0.0009581446647644043,0.003269280148706608,0.09352282932627697
Perturbation (pooled),20,10,0.7518427518427518,warning,0.0003018975257873535,0.003327200325653326,0.04123441632120074
Perturbation (pooled),20,11,0.73996723996724,warning,0.00031679868698120117,0.004625511311559584,0.04687873264934857
Perturbation (pooled),20,12,0.7215397215397216,warning,0.00012701749801635742,0.0035596508736510856,0.038019040158593614
Perturbation (pooled),20,13,0.7051597051597052,warning,8.207559585571289e-05,0.0032910234910236676,0.03304129420916179
Perturbation (pooled),20,14,0.6908271908271908,ok,0.0001061558723449707,0.0026764169113216315,0.0441010889065597
Perturbation (pooled),20,15,0.6752661752661753,ok,0.00023752450942993164,0.0033321027366004802,0.03275105702082675
Perturbation (pooled),20,16,0.6490581490581491,ok,0.00026929378509521484,0.0031697502973331163,0.04028533503688173
Perturbation (pooled),20,17,0.6244881244881245,warning,0.0004181861877441406,0.003103615476481443,0.038077111324425254
Perturbation (pooled),20,18,0.6052416052416052,warning,0.0004933476448059082,0.00319026302309931,0.06341040795585054
Perturbation (pooled),20,19,0.603518821603928,warning,0.0001685023307800293,0.0029899507942145916,0.033552049260750755
Perturbation (pooled),21,1,0.8497133497133497,ok,0.0002467632293701172,0.0031467624736273942,0.029031083938141005
Perturbation (pooled),21,2,0.8505323505323505,ok,0.00021839141845703125,0.002859274442745135,0.0434030766151084
Perturbation (pooled),21,3,0.8431613431613432,ok,0.00027489662170410156,0.002960504932493944,0.03784698522916907
Perturbation (pooled),21,4,0.8505323505323505,warning,0.00042045116424560547,0.003889153976273983,0.04310499859690043
Perturbation (pooled),21,5,0.8562653562653563,warning,0.0003859400749206543,0.0028614604856047905,0.0457091270387249
Perturbation (pooled),21,6,0.8288288288288288,warning,0.0005384683609008789,0.0028090793994518725,0.04890157900202212
Perturbation (pooled),21,7,0.816953316953317,warning,0.00017714500427246094,0.004354350143335405,0.027225133417631678
Perturbation (pooled),21,8,0.8050778050778051,warning,0.0003770589828491211,0.002667324270379308,0.053928127949107764
Perturbation (pooled),21,9,0.7686322686322686,warning,0.0012400150299072266,0.00315971252905772,0.06975431720012587
Perturbation (pooled),21,10,0.7514332514332515,warning,0.0001609325408935547,0.0038020134113446007,0.0358633294219349
Perturbation (pooled),21,11,0.7465192465192465,warning,0.00022780895233154297,0.003735471582037712,0.033399941335765175
Perturbation (pooled),21,12,0.717035217035217,ok,0.0002555251121520996,0.0034411368047133177,0.03853158751196759
Perturbation (pooled),21,13,0.7141687141687142,warning,0.0005519986152648926,0.003201313539034409,0.05407677098851663
Perturbation (pooled),21,14,0.6945126945126945,warning,0.00013333559036254883,0.0027031667840480287,0.036693702981414764
Perturbation (pooled),21,15,0.6818181818181818,warning,0.0002110600471496582,0.003845281159794365,0.047442902114119716
Perturbation (pooled),21,16,0.6568386568386568,ok,0.0003587007522583008,0.0024706648752969435,0.04253853188169663
Perturbation (pooled),21,17,0.653972153972154,ok,8.207559585571289e-05,0.002640424993680634,0.03350461917089083
Perturbation (pooled),21,18,0.6126126126126126,ok,0.0001894235610961914,0.0026678258982205786,0.032529954742635966
Perturbation (pooled),21,19,0.6088379705400983,ok,0.00017386674880981445,0.003044340265300047,0.04028161773704669
Perturbation (pooled),22,1,0.8579033579033579,ok,0.0002250075340270996,0.0030709084832811536,0.05130767855235665
Perturbation (pooled),22,2,0.8751023751023751,ok,0.00027179718017578125,0.0030963637552410407,0.04204723390985706
Perturbation (pooled),22,3,0.8542178542178542,ok,4.5359134674072266e-05,0.0030137897560454123,0.04111484092016961
Perturbation (pooled),22,4,0.8685503685503686,ok,0.00041419267654418945,0.0028170771944966916,0.03695111353663318
Perturbation (pooled),22,5,0.8538083538083538,ok,5.537271499633789e-05,0.0032691699468947273,0.049367020001626745
Perturbation (pooled),22,6,0.8333333333333334,warning,0.00011420249938964844,0.0036812461297653903,0.04193055088708846
Perturbation (pooled),22,7,0.8058968058968059,warning,0.0005752444267272949,0.004071263054334968,0.06962566116914749
Perturbation (pooled),22,8,0.8026208026208026,critical,0.0003472566604614258,0.0034964254923960346,0.05835361790372881
Perturbation (pooled),22,9,0.7727272727272727,warning,0.00010848045349121094,0.0031778517732082012,0.03501643324621709
Perturbation (pooled),22,10,0.7727272727272727,warning,0.00017631053924560547,0.004177691832481907,0.04527517742256922
Perturbation (pooled),22,11,0.7506142506142506,warning,0.00011968612670898438,0.003085068377113101,0.044344849915973636
Perturbation (pooled),22,12,0.7411957411957412,warning,0.0001538395881652832,0.002858818292393298,0.039742421751403696
Perturbation (pooled),22,13,0.7244062244062244,ok,0.00011867284774780273,0.0028055001363122478,0.04713125077142425
Perturbation (pooled),22,14,0.7043407043407044,warning,0.00011432170867919922,0.0034677588390060196,0.054287090734140085
Perturbation (pooled),22,15,0.6941031941031941,warning,0.0003699660301208496,0.0037869417210611685,0.04986810541753842
Perturbation (pooled),22,16,0.665028665028665,warning,8.702278137207031e-05,0.002664082865304704,0.05057542016928029
Perturbation (pooled),22,17,0.6556101556101556,warning,0.0005267858505249023,0.004056197696347125,0.07524505286896258
Perturbation (pooled),22,18,0.6044226044226044,warning,7.075071334838867e-05,0.0034129936926592256,0.03507419908347743
Perturbation (pooled),22,19,0.618657937806874,warning,0.00023168325424194336,0.003314513354870831,0.03842474255277524
Perturbation (pooled),23,1,0.8419328419328419,ok,0.00047069787979125977,0.0028586617671396038,0.05909040218171861
Perturbation (pooled),23,2,0.8484848484848485,ok,0.00037425756454467773,0.003214179952146917,0.054024559554753
Perturbation (pooled),23,3,0.8411138411138411,ok,0.0003924369812011719,0.003461315538071403,0.051669646431306594
Perturbation (pooled),23,4,0.8579033579033579,warning,8.815526962280273e-05,0.005148221070673421,0.03253766160566447
Perturbation (pooled),23,5,0.8546273546273546,warning,0.0002135634422302246,0.002777290956190883,0.04607221651633785
Perturbation (pooled),23,6,0.8292383292383292,warning,0.00032585859298706055,0.002578575426673076,0.05165162524109266
Perturbation (pooled),23,7,0.8230958230958231,ok,0.00038307905197143555,0.0032665499097845286,0.04054091910973551
Perturbation (pooled),23,8,0.7981162981162981,ok,0.00031369924545288086,0.0032836478709839805,0.042481109839035046
Perturbation (pooled),23,9,0.7858312858312858,ok,0.0003523826599121094,0.003021592137980666,0.03449253638005719
Perturbation (pooled),23,10,0.7616707616707616,ok,7.396936416625977e-05,0.0032680531037278513,0.026164261933370736
Perturbation (pooled),23,11,0.7387387387387387,ok,0.00027495622634887695,0.0031635319376891024,0.03942234286265013
Perturbation (pooled),23,12,0.7371007371007371,ok,0.0001494884490966797,0.003381198933468903,0.03997089472701774
Perturbation (pooled),23,13,0.7129402129402129,ok,0.00027436017990112305,0.0038800965927955453,0.027319392484855307
Perturbation (pooled),23,14,0.6945126945126945,ok,0.00013786554336547852,0.0032892772794011317,0.032305297148024936
Perturbation (pooled),23,15,0.6986076986076986,ok,8.463859558105469e-05,0.003100063773443717,0.03936208060097456
Perturbation (pooled),23,16,0.6556101556101556,ok,0.00020778179168701172,0.00315890700878262,0.02879755400938741
Perturbation (pooled),23,17,0.6670761670761671,ok,5.841255187988281e-05,0.0033282675990494327,0.027341838173786964
Perturbation (pooled),23,18,0.64004914004914,ok,0.00019317865371704102,0.002454817605256271,0.040899360064327206
Perturbation (pooled),23,19,0.6219312602291326,ok,0.00022989511489868164,0.0026561138786479273,0.036617803292613826
Perturbation (pooled),24,1,0.8587223587223587,ok,0.000989377498626709,0.004126659883092432,0.07222263366106005
Perturbation (pooled),24,2,0.8628173628173628,ok,0.0016205310821533203,0.003362456525437447,0.07840832443808701
Perturbation (pooled),24,3,0.8480753480753481,ok,0.0009707212448120117,0.0031518224772017454,0.059681808592768414
Perturbation (pooled),24,4,0.852989352989353,ok,0.0002828836441040039,0.0029692414060147896,0.03250379288106864
Perturbation (pooled),24,5,0.8411138411138411,ok,5.632638931274414e-05,0.003447810144663324,0.04675855784703947
Perturbation (pooled),24,6,0.8390663390663391,ok,0.0002713799476623535,0.0026121296625337756,0.04967835024364383
Perturbation (pooled),24,7,0.8177723177723177,ok,0.00024169683456420898,0.0028798231704516954,0.03087682129277144
Perturbation (pooled),24,8,0.7927927927927928,ok,0.00022751092910766602,0.00308245153910678,0.03296970592417906
Perturbation (pooled),24,9,0.7882882882882883,ok,0.0005438923835754395,0.002990428498797752,0.04239288834362231
Perturbation (pooled),24,10,0.773955773955774,ok,0.0006027817726135254,0.003609211755155899,0.06220331620867383
Perturbation (pooled),24,11,0.757985257985258,warning,0.0019753575325012207,0.002872132696810059,0.10445932163128487
Perturbation (pooled),24,12,0.7338247338247338,warning,0.00024700164794921875,0.003037330804933243,0.03201150720257138
Perturbation (pooled),24,13,0.7321867321867321,warning,0.00012409687042236328,0.0037984622118932103,0.02951361191129393
Perturbation (pooled),24,14,0.7047502047502048,ok,0.00046455860137939453,0.002861585975327015,0.03524474565467563
Perturbation (pooled),24,15,0.6994266994266994,ok,0.0002455711364746094,0.003318368666252153,0.03291524589506232
Perturbation (pooled),24,16,0.6855036855036855,ok,0.00037223100662231445,0.002602540632531525,0.04328871335312548
Perturbation (pooled),24,17,0.6723996723996724,ok,0.0006090998649597168,0.002936832715064828,0.05101150680977139
Perturbation (pooled),24,18,0.6224406224406225,ok,0.0006361603736877441,0.0037972370715644074,0.04616396776861977
Perturbation (pooled),24,19,0.6292962356792144,warning,0.0007213354110717773,0.004089825600229689,0.04334195646050015
Perturbation (class-cond),0,1,0.8542178542178542,ok,0.00028061866760253906,0.003353786015943474,0.05203429118176988
Perturbation (class-cond),0,2,0.8513513513513513,ok,0.0003293156623840332,0.003622845253423178,0.046084095450658495
Perturbation (class-cond),0,3,0.8484848484848485,warning,0.0006455779075622559,0.003992918740341967,0.04854679154443095
Perturbation (class-cond),0,4,0.8632268632268633,warning,0.00031256675720214844,0.0024977323520898346,0.05308741940551598
Perturbation (class-cond),0,5,0.8513513513513513,warning,0.0003091096878051758,0.003032725120841185,0.03209729385418747
Perturbation (class-cond),0,6,0.8407043407043407,warning,0.00023895502090454102,0.004149340215623427,0.07499299284940175
Perturbation (class-cond),0,7,0.8288288288288288,warning,0.0008966922760009766,0.0030939606206524016,0.055609112766679646
Perturbation (class-cond),0,8,0.8038493038493039,warning,0.00018662214279174805,0.0027373662510678056,0.024644737343176477
Perturbation (class-cond),0,9,0.7796887796887797,warning,0.0008597373962402344,0.0037045117359412382,0.08604365053983669
Perturbation (class-cond),0,10,0.766994266994267,warning,0.000422060489654541,0.002955960121485098,0.04685641152193904
Perturbation (class-cond),0,11,0.7493857493857494,warning,0.0005101561546325684,0.0036247027665111914,0.04705843361405702
Perturbation (class-cond),0,12,0.7428337428337428,warning,0.0004673004150390625,0.003307777268771414,0.05129097085933091
Perturbation (class-cond),0,13,0.7141687141687142,warning,0.0003229379653930664,0.002809476420568797,0.03173673621708587
Perturbation (class-cond),0,14,0.6973791973791974,warning,0.00020968914031982422,0.0034593357544470686,0.02821156648514561
Perturbation (class-cond),0,15,0.6826371826371826,warning,0.00027817487716674805,0.003472176005665169,0.04070025300515792
Perturbation (class-cond),0,16,0.642915642915643,warning,0.0008602738380432129,0.0041401922317887835,0.06294708996109227
Perturbation (class-cond),0,17,0.6490581490581491,warning,0.00013339519500732422,0.0035911670514765896,0.035183546576678236
Perturbation (class-cond),0,18,0.6302211302211302,warning,0.0007874965667724609,0.0032884384718913614,0.059770027487226055
Perturbation (class-cond),0,19,0.6141571194762684,warning,0.0013862848281860352,0.0041706968675449384,0.07865215176280879
Perturbation (class-cond),1,1,0.8583128583128583,ok,0.00022846460342407227,0.003176264971505931,0.057170404159941776
Perturbation (class-cond),1,2,0.8505323505323505,ok,0.00024271011352539062,0.0043366320934400335,0.032941697637514714
Perturbation (class-cond),1,3,0.8480753480753481,warning,0.00040715932846069336,0.002922772273731846,0.053312878266288104
Perturbation (class-cond),1,4,0.8546273546273546,warning,0.0002703666687011719,0.0033761521050419217,0.04984218357657191
Perturbation (class-cond),1,5,0.8390663390663391,warning,0.0008816123008728027,0.0028140682023089425,0.07828391143284828
Perturbation (class-cond),1,6,0.8402948402948403,warning,0.0003892183303833008,0.0037234486966954894,0.06366753684895322
Perturbation (class-cond),1,7,0.8230958230958231,warning,0.00038546323776245117,0.004203579862707385,0.053301376984344145
Perturbation (class-cond),1,8,0.7927927927927928,warning,0.001041710376739502,0.003891000371693874,0.08588116008782244
Perturbation (class-cond),1,9,0.776003276003276,warning,0.00011646747589111328,0.0031556890416819905,0.03242057850729323
Perturbation (class-cond),1,10,0.7592137592137592,warning,0.00036972761154174805,0.003782512099350322,0.04698310217863588
Perturbation (class-cond),1,11,0.7416052416052417,warning,0.00042688846588134766,0.004007363305438442,0.06527623648691958
Perturbation (class-cond),1,12,0.7366912366912367,warning,0.0005207061767578125,0.0035720528199410175,0.05656470671177139
Perturbation (class-cond),1,13,0.7203112203112203,critical,0.0010308027267456055,0.004896080077476594,0.08308689544064338
Perturbation (class-cond),1,14,0.7043407043407044,warning,9.59634780883789e-05,0.0031431685271752817,0.03537963427977756
Perturbation (class-cond),1,15,0.6814086814086814,warning,0.0005929470062255859,0.003935207423521929,0.07759392090419423
Perturbation (class-cond),1,16,0.6617526617526618,warning,0.0008277297019958496,0.0034275606088213922,0.07724903430789708
Perturbation (class-cond),1,17,0.6601146601146601,critical,0.0005400776863098145,0.003430478047977707,0.06652572431603886
Perturbation (class-cond),1,18,0.6228501228501229,warning,0.00032329559326171875,0.003115642502075993,0.05751775092846045
Perturbation (class-cond),1,19,0.6260229132569558,warning,0.00018936395645141602,0.0033042296024739927,0.044075694368544485
Perturbation (class-cond),2,1,0.8394758394758395,ok,0.0002689361572265625,0.0036309310298190487,0.07846781513743317
Perturbation (class-cond),2,2,0.8452088452088452,ok,0.00031048059463500977,0.0029723278169299944,0.043331324205819456
Perturbation (class-cond),2,3,0.8484848484848485,ok,0.00029647350311279297,0.003272734833702044,0.07177449026487137
Perturbation (class-cond),2,4,0.8468468468468469,ok,0.000706017017364502,0.0024636466171285266,0.06973835773938432
Perturbation (class-cond),2,5,0.8648648648648649,ok,0.0004456043243408203,0.0032088710056674173,0.05802764712751255
Perturbation (class-cond),2,6,0.8288288288288288,ok,0.0004742145538330078,0.0036293382593029807,0.06797820588697386
Perturbation (class-cond),2,7,0.8173628173628174,ok,0.0002881288528442383,0.0036133109613159875,0.042699565879091385
Perturbation (class-cond),2,8,0.7932022932022932,warning,0.00040733814239501953,0.0035393309031613194,0.05632842980923226
Perturbation (class-cond),2,9,0.778050778050778,warning,0.00017088651657104492,0.004673566270945317,0.058787221143637734
Perturbation (class-cond),2,10,0.7645372645372646,warning,0.0005005598068237305,0.002823781896332955,0.06939851215611123
Perturbation (class-cond),2,11,0.73996723996724,warning,0.00024300813674926758,0.0038700648216122083,0.04365519020982151
Perturbation (class-cond),2,12,0.7289107289107289,ok,0.0007026791572570801,0.003362001428805615,0.06816736038737645
Perturbation (class-cond),2,13,0.7211302211302212,warning,0.001076817512512207,0.0034441267857306885,0.07369428935302866
Perturbation (class-cond),2,14,0.6953316953316954,warning,0.0006780624389648438,0.0042957536442053725,0.06275150464522758
Perturbation (class-cond),2,15,0.6916461916461917,warning,0.00020813941955566406,0.0030054996847107395,0.04961598269211827
Perturbation (class-cond),2,16,0.6621621621621622,warning,0.0003807544708251953,0.0032544790415802026,0.053939934504156635
Perturbation (class-cond),2,17,0.6511056511056511,warning,0.0001800060272216797,0.00378598830709724,0.046046101246380096
Perturbation (class-cond),2,18,0.6236691236691236,warning,0.0001398921012878418,0.0031202223562878852,0.03252814529331788
Perturbation (class-cond),2,19,0.6153846153846154,warning,0.00019401311874389648,0.0033278020488548476,0.07445700537713386
Perturbation (class-cond),3,1,0.8439803439803439,ok,0.00017517805099487305,0.0031597881373777426,0.043083447006029174
Perturbation (class-cond),3,2,0.852989352989353,ok,0.0011145472526550293,0.0028628519874950914,0.05981542288579727
Perturbation (class-cond),3,3,0.8394758394758395,ok,0.00025540590286254883,0.002927925596776124,0.040187255540177345
Perturbation (class-cond),3,4,0.8447993447993448,ok,0.00020253658294677734,0.002893390211664228,0.04399549802742365
Perturbation (class-cond),3,5,0.8493038493038493,warning,0.00025397539138793945,0.003781093180305134,0.03734043492320342
Perturbation (class-cond),3,6,0.8423423423423423,warning,0.000217437744140625,0.002565058786243706,0.03449735477266203
Perturbation (class-cond),3,7,0.8247338247338247,warning,0.0004069805145263672,0.0029335040792015186,0.03857147709222817
Perturbation (class-cond),3,8,0.7993447993447993,warning,0.0003771781921386719,0.0032653766366970262,0.06069404543225863
Perturbation (class-cond),3,9,0.7866502866502867,warning,0.00031495094299316406,0.0033669669008035957,0.036555433978476694
Perturbation (class-cond),3,10,0.7518427518427518,critical,0.00015109777450561523,0.004640918947014379,0.040797089232121525
Perturbation (class-cond),3,11,0.7469287469287469,warning,0.0008821487426757812,0.0027416635643141615,0.08610575694315645
Perturbation (class-cond),3,12,0.719082719082719,warning,0.0001410841941833496,0.0029989897861860217,0.028301664402313312
Perturbation (class-cond),3,13,0.7113022113022113,warning,0.00024199485778808594,0.0038531911943844093,0.02557560250711879
Perturbation (class-cond),3,14,0.6773136773136773,warning,0.0004355907440185547,0.0036719195780578334,0.050337193428756505
Perturbation (class-cond),3,15,0.6814086814086814,warning,0.0004935860633850098,0.003140855623451547,0.04937916563229442
Perturbation (class-cond),3,16,0.6506961506961507,warning,0.00022161006927490234,0.00346341802737946,0.029330131673067385
Perturbation (class-cond),3,17,0.6597051597051597,warning,0.0006446242332458496,0.0034131594934369083,0.06098124119560871
Perturbation (class-cond),3,18,0.6068796068796068,warning,4.5359134674072266e-05,0.0029176749422700444,0.03045300747980886
Perturbation (class-cond),3,19,0.6051554828150573,warning,0.0005115866661071777,0.0033129777492746904,0.06917233213384431
Perturbation (class-cond),4,1,0.8419328419328419,ok,0.0005003809928894043,0.003726499592076522,0.07244013910337993
Perturbation (class-cond),4,2,0.8390663390663391,ok,0.0001748800277709961,0.003006579384252927,0.03919254438486335
Perturbation (class-cond),4,3,0.8435708435708436,ok,0.00021028518676757812,0.0035596267696119993,0.04587044139956349
Perturbation (class-cond),4,4,0.857084357084357,ok,0.00015693902969360352,0.0024275808951806487,0.03856105421494156
Perturbation (class-cond),4,5,0.8411138411138411,ok,0.00014346837997436523,0.0028579067816462494,0.055509652631930535
Perturbation (class-cond),4,6,0.8267813267813268,ok,0.00024312734603881836,0.0027104404150641234,0.05129503165535707
Perturbation (class-cond),4,7,0.8161343161343161,warning,0.0003078579902648926,0.004535671451628035,0.04894156545785046
Perturbation (class-cond),4,8,0.8058968058968059,warning,0.00045365095138549805,0.004459514498517841,0.06258635892762356
Perturbation (class-cond),4,9,0.7755937755937756,warning,0.00020498037338256836,0.003543789724387461,0.0694650591035121
Perturbation (class-cond),4,10,0.7596232596232596,warning,0.0004685521125793457,0.002677197137933729,0.06324324982178241
Perturbation (class-cond),4,11,0.7461097461097461,warning,9.149312973022461e-05,0.002825956401710776,0.037265726945604816
Perturbation (class-cond),4,12,0.7305487305487306,warning,0.00012677907943725586,0.0031635151304630644,0.05613500879502371
Perturbation (class-cond),4,13,0.7203112203112203,ok,0.00023096799850463867,0.0026323100094919087,0.03912423859006381
Perturbation (class-cond),4,14,0.6965601965601965,ok,0.000249326229095459,0.0028349925894682725,0.04794472358245775
Perturbation (class-cond),4,15,0.6932841932841933,ok,0.00024121999740600586,0.003825981839267151,0.05791560809813894
Perturbation (class-cond),4,16,0.6756756756756757,ok,0.00024402141571044922,0.002718082781563356,0.047182458629600944
Perturbation (class-cond),4,17,0.6597051597051597,ok,0.00032639503479003906,0.003244586744011096,0.054990688507825874
Perturbation (class-cond),4,18,0.622031122031122,warning,0.00019037723541259766,0.004498506612748657,0.04624552453933305
Perturbation (class-cond),4,19,0.617430441898527,warning,0.0003127455711364746,0.002870984166169186,0.05115331669634218
Perturbation (class-cond),5,1,0.8370188370188371,ok,0.0004277229309082031,0.002618909362268486,0.0493508732393704
Perturbation (class-cond),5,2,0.8423423423423423,ok,0.0002932548522949219,0.003230943832208371,0.039224177758750214
Perturbation (class-cond),5,3,0.8452088452088452,warning,0.00044929981231689453,0.0032553599505868577,0.037872176572000114
Perturbation (class-cond),5,4,0.8558558558558559,warning,0.0003504157066345215,0.0025508180615576867,0.045317304551175816
Perturbation (class-cond),5,5,0.8591318591318591,warning,0.00024008750915527344,0.002736140399710452,0.0317997332427034
Perturbation (class-cond),5,6,0.8185913185913186,warning,0.00046139955520629883,0.003080316686764918,0.04592843869312784
Perturbation (class-cond),5,7,0.8063063063063063,warning,0.0003281235694885254,0.0035797207105920624,0.04305672529254832
Perturbation (class-cond),5,8,0.7940212940212941,warning,0.00030237436294555664,0.003023376987343053,0.031285480676404936
Perturbation (class-cond),5,9,0.7805077805077805,warning,0.00045365095138549805,0.003502568073350246,0.05466625083487305
Perturbation (class-cond),5,10,0.7502047502047502,warning,0.0002776980400085449,0.003294571926103546,0.0358983898303875
Perturbation (class-cond),5,11,0.7407862407862408,warning,0.0001392364501953125,0.00258708446684025,0.030541989992179705
Perturbation (class-cond),5,12,0.7285012285012284,warning,0.0010669827461242676,0.0036885741221116645,0.08234126689209981
Perturbation (class-cond),5,13,0.7125307125307125,warning,0.0012111067771911621,0.0026779826689915633,0.09010756705087863
Perturbation (class-cond),5,14,0.7039312039312039,critical,0.0006965994834899902,0.0032641376541877832,0.049124459139575596
Perturbation (class-cond),5,15,0.6805896805896806,critical,0.0006914138793945312,0.002634323699329227,0.060642679617988034
Perturbation (class-cond),5,16,0.6420966420966421,warning,0.0002638697624206543,0.0030484686476406992,0.03434526131005321
Perturbation (class-cond),5,17,0.6408681408681409,warning,0.0005133152008056641,0.0034223184606758804,0.04079109579069196
Perturbation (class-cond),5,18,0.6294021294021294,warning,0.0005154013633728027,0.0035047004701689883,0.04842227520394442
Perturbation (class-cond),5,19,0.5920621931260229,warning,0.00019884109497070312,0.0029110938527143887,0.041198597886869054
Perturbation (class-cond),6,1,0.8329238329238329,ok,0.0006669759750366211,0.003509384910810167,0.07821970491423706
Perturbation (class-cond),6,2,0.8476658476658476,ok,0.0005274415016174316,0.003281651201173702,0.06593736289503822
Perturbation (class-cond),6,3,0.8574938574938575,ok,0.00013083219528198242,0.002707235924395363,0.04426374227554807
Perturbation (class-cond),6,4,0.8480753480753481,warning,0.0008079409599304199,0.0028197930070261367,0.06856620375531894
Perturbation (class-cond),6,5,0.8468468468468469,warning,0.00014793872833251953,0.0028159669005241718,0.04341545853065231
Perturbation (class-cond),6,6,0.8316953316953317,warning,0.000347137451171875,0.003370242113358787,0.09332760907310583
Perturbation (class-cond),6,7,0.8333333333333334,warning,0.0007906556129455566,0.0032056055719587324,0.0700179929742063
Perturbation (class-cond),6,8,0.7936117936117936,warning,0.0004328489303588867,0.003098182608443472,0.08053201275188933
Perturbation (class-cond),6,9,0.7714987714987716,warning,0.00012493133544921875,0.003016232333006371,0.043601042935013545
Perturbation (class-cond),6,10,0.7723177723177723,warning,0.0002510547637939453,0.0034809882365391858,0.04284919071507797
Perturbation (class-cond),6,11,0.7567567567567568,warning,0.0005024075508117676,0.003484609734847641,0.07550168613322386
Perturbation (class-cond),6,12,0.7497952497952498,warning,0.0006369948387145996,0.0032155433616058784,0.06449822575482396
Perturbation (class-cond),6,13,0.7166257166257166,warning,0.00015413761138916016,0.0036165933810922424,0.05870699912752902
Perturbation (class-cond),6,14,0.6957411957411958,warning,0.0002333521842956543,0.0029133155728486085,0.03268730275521805
Perturbation (class-cond),6,15,0.676085176085176,warning,0.0011895298957824707,0.0028507038523709043,0.0893377195743157
Perturbation (class-cond),6,16,0.6736281736281736,warning,0.0007268786430358887,0.003372834069955121,0.08549386797274326
Perturbation (class-cond),6,17,0.6711711711711712,warning,0.0003834962844848633,0.0033550969161236523,0.0614872972933265
Perturbation (class-cond),6,18,0.635954135954136,warning,0.0014204978942871094,0.003690125704479145,0.08901693580563828
Perturbation (class-cond),6,19,0.6382978723404256,warning,0.0007973313331604004,0.003455615703098801,0.08099825884058781
Perturbation (class-cond),7,1,0.8341523341523341,ok,0.0010231733322143555,0.0036520500189750954,0.06783010218087296
Perturbation (class-cond),7,2,0.8439803439803439,ok,0.0003249049186706543,0.002958310245108598,0.04223377900339212
Perturbation (class-cond),7,3,0.8427518427518428,ok,0.0005246996879577637,0.0032250356637194477,0.0487710580702762
Perturbation (class-cond),7,4,0.8488943488943489,warning,0.0011409521102905273,0.002923870412983279,0.09239830450558327
Perturbation (class-cond),7,5,0.8542178542178542,warning,0.0005400776863098145,0.002686296783936091,0.0398828715150722
Perturbation (class-cond),7,6,0.8337428337428338,warning,0.0006797909736633301,0.003641838241216942,0.0560784365535224
Perturbation (class-cond),7,7,0.8067158067158067,ok,0.0009295344352722168,0.0033663572018023244,0.06195676342388158
Perturbation (class-cond),7,8,0.7960687960687961,ok,0.00035458803176879883,0.0034806537320835797,0.04870168590078391
Perturbation (class-cond),7,9,0.7886977886977887,warning,0.0005064606666564941,0.0035634812731676338,0.04631359240607578
Perturbation (class-cond),7,10,0.7567567567567568,warning,0.0009420514106750488,0.004567473302500056,0.05781685072378722
Perturbation (class-cond),7,11,0.7469287469287469,warning,0.0010800957679748535,0.0030778086304384736,0.055687476589619395
Perturbation (class-cond),7,12,0.7489762489762489,warning,0.000554502010345459,0.003602917298832227,0.06581270458769965
Perturbation (class-cond),7,13,0.7264537264537264,warning,0.0007745623588562012,0.0037595697944510075,0.062898875276896
Perturbation (class-cond),7,14,0.6846846846846847,warning,0.0020781755447387695,0.0037623052877912297,0.09630254733712865
Perturbation (class-cond),7,15,0.6965601965601965,warning,0.0004437565803527832,0.003256661809823926,0.04752174024828642
Perturbation (class-cond),7,16,0.6588861588861589,warning,0.0012153983116149902,0.0034797348991434333,0.05841016523239876
Perturbation (class-cond),7,17,0.6703521703521703,warning,0.0006312727928161621,0.0032124137624519097,0.06027159108249258
Perturbation (class-cond),7,18,0.647010647010647,warning,0.00048154592514038086,0.003098042252690529,0.0450284579892915
Perturbation (class-cond),7,19,0.6350245499181669,warning,0.0003567934036254883,0.0034666532007336416,0.04645583548994748
Perturbation (class-cond),8,1,0.8513513513513513,ok,0.0005845427513122559,0.003337223584285012,0.04254801742145011
Perturbation (class-cond),8,2,0.8476658476658476,ok,0.0012240409851074219,0.0027082800984816946,0.07661759497156949
Perturbation (class-cond),8,3,0.8443898443898444,ok,0.0006290078163146973,0.004166438885402333,0.055923289283011726
Perturbation (class-cond),8,4,0.8456183456183456,ok,0.0012997984886169434,0.0030439905394684273,0.0820292470782971
Perturbation (class-cond),8,5,0.8546273546273546,warning,0.0008862614631652832,0.002869223198398525,0.058875963235629485
Perturbation (class-cond),8,6,0.821048321048321,warning,0.0019500255584716797,0.0036318915047183938,0.11168105172884937
Perturbation (class-cond),8,7,0.8112203112203112,critical,0.0005115866661071777,0.0032652386811875974,0.0625334687888154
Perturbation (class-cond),8,8,0.7932022932022932,warning,0.000979006290435791,0.0035115372644916117,0.055773100978942794
Perturbation (class-cond),8,9,0.7792792792792793,critical,0.0007772445678710938,0.0031443498121666294,0.06956771759338828
Perturbation (class-cond),8,10,0.7567567567567568,critical,0.0019660592079162598,0.002756574795694532,0.09004788827900474
Perturbation (class-cond),8,11,0.7358722358722358,warning,0.0014995932579040527,0.0027538766291514164,0.0825637065577432
Perturbation (class-cond),8,12,0.7268632268632269,critical,0.0006996393203735352,0.003725286656404799,0.06681806203670691
Perturbation (class-cond),8,13,0.7113022113022113,critical,0.0016010403633117676,0.003665458136702734,0.0800618549503187
Perturbation (class-cond),8,14,0.6846846846846847,critical,0.0008121132850646973,0.003448933363950288,0.06356029674312805
Perturbation (class-cond),8,15,0.6797706797706797,warning,0.0003815293312072754,0.0036647260028537243,0.041157116326308966
Perturbation (class-cond),8,16,0.6511056511056511,warning,0.0013358592987060547,0.003578152934329509,0.08450396064934713
Perturbation (class-cond),8,17,0.6306306306306306,warning,0.0011706352233886719,0.004171729454161159,0.06189595734628869
Perturbation (class-cond),8,18,0.6085176085176085,critical,0.0012368559837341309,0.003097960377202909,0.060430102468102896
Perturbation (class-cond),8,19,0.6092471358428805,critical,0.0006340146064758301,0.003681019090261653,0.057531326124403634
Perturbation (class-cond),9,1,0.8493038493038493,ok,0.0009541511535644531,0.002901373257999114,0.0874445262417674
Perturbation (class-cond),9,2,0.8472563472563472,ok,7.659196853637695e-05,0.002622690252865242,0.04432380367004647
Perturbation (class-cond),9,3,0.8431613431613432,ok,0.00010091066360473633,0.003195908011691238,0.0474415154003524
Perturbation (class-cond),9,4,0.866912366912367,ok,0.00010347366333007812,0.0029612974272469825,0.0532591690142946
Perturbation (class-cond),9,5,0.8538083538083538,ok,0.00010675191879272461,0.002651321265218641,0.03231019515431311
Perturbation (class-cond),9,6,0.8390663390663391,warning,0.0002142786979675293,0.00370526561394814,0.0456736359980192
Perturbation (class-cond),9,7,0.8161343161343161,warning,6.097555160522461e-05,0.003948605965005044,0.07122603482029034
Perturbation (class-cond),9,8,0.8038493038493039,warning,0.0003382563591003418,0.002993601155856735,0.055590435466672056
Perturbation (class-cond),9,9,0.7870597870597871,warning,0.0005955696105957031,0.0034736014997996155,0.061402795691406255
Perturbation (class-cond),9,10,0.7497952497952498,warning,0.00011616945266723633,0.0032034637301538993,0.0548361842833264
Perturbation (class-cond),9,11,0.7493857493857494,warning,0.00012248754501342773,0.0023572378344498763,0.04697635425994573
Perturbation (class-cond),9,12,0.7371007371007371,warning,4.190206527709961e-05,0.003543991056782371,0.0477231904591579
Perturbation (class-cond),9,13,0.730958230958231,warning,0.0002726316452026367,0.003414941763331081,0.05253381075310629
Perturbation (class-cond),9,14,0.6908271908271908,warning,0.00031501054763793945,0.0027027691223964123,0.05199022920046919
Perturbation (class-cond),9,15,0.6822276822276823,warning,7.259845733642578e-05,0.0026840445770064955,0.04365950358465592
Perturbation (class-cond),9,16,0.6531531531531531,ok,0.00014096498489379883,0.0029794608077093137,0.04425683119024888
Perturbation (class-cond),9,17,0.6457821457821458,warning,0.00027304887771606445,0.0033089259865842196,0.04451498233108366
Perturbation (class-cond),9,18,0.61998361998362,warning,0.0002561211585998535,0.003002703779717246,0.04753594232279193
Perturbation (class-cond),9,19,0.6145662847790507,warning,0.00035256147384643555,0.0031190167469178805,0.06281917595603469
Perturbation (class-cond),10,1,0.8394758394758395,ok,0.00029718875885009766,0.002582086551791098,0.04909597877685721
Perturbation (class-cond),10,2,0.8427518427518428,ok,0.0006884932518005371,0.003212317024865666,0.061418322699844666
Perturbation (class-cond),10,3,0.8394758394758395,ok,0.0005085468292236328,0.003404152433793688,0.06683817540007865
Perturbation (class-cond),10,4,0.85995085995086,ok,0.0005944371223449707,0.0028490817765325993,0.04971946819695313
Perturbation (class-cond),10,5,0.8615888615888616,warning,0.0003796815872192383,0.003336884289586873,0.05096197724006735
Perturbation (class-cond),10,6,0.8386568386568387,warning,0.0007094740867614746,0.0033072930621557313,0.057491155785953076
Perturbation (class-cond),10,7,0.8202293202293203,warning,0.00023221969604492188,0.0027858452178166106,0.0332775261540772
Perturbation (class-cond),10,8,0.7878787878787878,warning,0.000370025634765625,0.0031878848655585972,0.05731142364277118
Perturbation (class-cond),10,9,0.7833742833742834,warning,0.000917971134185791,0.0029719352848020424,0.0589531219536156
Perturbation (class-cond),10,10,0.7551187551187551,warning,0.0003885626792907715,0.0033436544565339926,0.0459554948500109
Perturbation (class-cond),10,11,0.7497952497952498,warning,0.00040465593338012695,0.002851326891239044,0.03615635070289246
Perturbation (class-cond),10,12,0.7428337428337428,warning,0.00030994415283203125,0.0033642561557796595,0.0556228521803812
Perturbation (class-cond),10,13,0.7231777231777232,warning,0.00018519163131713867,0.0025778644483439956,0.040603913202444955
Perturbation (class-cond),10,14,0.6855036855036855,warning,0.00046449899673461914,0.0031568722203274497,0.04592287286133622
Perturbation (class-cond),10,15,0.6855036855036855,warning,0.00020015239715576172,0.0034376542021898153,0.033186222572088614
Perturbation (class-cond),10,16,0.6416871416871417,warning,0.00029528141021728516,0.0037922949414435766,0.04265514900183257
Perturbation (class-cond),10,17,0.6498771498771498,warning,0.0002632737159729004,0.0029915434972243226,0.03873056779103771
Perturbation (class-cond),10,18,0.6343161343161343,warning,0.00017654895782470703,0.0026874830918265638,0.032056133798266384
Perturbation (class-cond),10,19,0.61620294599018,warning,0.00041413307189941406,0.003150068466476401,0.04677549755270407
Perturbation (class-cond),11,1,0.8402948402948403,ok,0.0001965165138244629,0.002328459523720347,0.03775543333252436
Perturbation (class-cond),11,2,0.8447993447993448,ok,0.00035840272903442383,0.003009409028604835,0.050434290326370555
Perturbation (class-cond),11,3,0.8513513513513513,ok,9.423494338989258e-05,0.003643372183434253,0.030621228438426795
Perturbation (class-cond),11,4,0.8497133497133497,ok,0.00019061565399169922,0.003413392257002551,0.03801739105575678
Perturbation (class-cond),11,5,0.852989352989353,ok,0.00020945072174072266,0.002902524761651845,0.03923412024735317
Perturbation (class-cond),11,6,0.8357903357903358,warning,0.00030487775802612305,0.0023042984792285342,0.050026862011823124
Perturbation (class-cond),11,7,0.8165438165438166,warning,0.0003624558448791504,0.0033176886630400704,0.04804194720448997
Perturbation (class-cond),11,8,0.7944307944307945,critical,0.00031107664108276367,0.0026615740231895803,0.04002396863860244
Perturbation (class-cond),11,9,0.7833742833742834,critical,0.0007359981536865234,0.0029407070532800382,0.07385376160987243
Perturbation (class-cond),11,10,0.7452907452907452,warning,0.00036644935607910156,0.003124785376172456,0.05272550378387594
Perturbation (class-cond),11,11,0.7403767403767404,warning,5.358457565307617e-05,0.002569152289658008,0.03498997545021568
Perturbation (class-cond),11,12,0.7244062244062244,warning,0.00016736984252929688,0.003323994120530653,0.035174341526663926
Perturbation (class-cond),11,13,0.7067977067977068,warning,0.00032597780227661133,0.00337962596082614,0.054450562546699194
Perturbation (class-cond),11,14,0.6818181818181818,warning,0.0003037452697753906,0.002820722237906893,0.06562300204615172
Perturbation (class-cond),11,15,0.6695331695331695,warning,0.00027370452880859375,0.0028648998046924474,0.04849006430282928
Perturbation (class-cond),11,16,0.6515151515151515,warning,0.00016611814498901367,0.0033430283595627264,0.03676679348981163
Perturbation (class-cond),11,17,0.6302211302211302,warning,0.00014495849609375,0.0034247129267122077,0.027999018181655393
Perturbation (class-cond),11,18,0.6044226044226044,warning,9.107589721679688e-05,0.0029776083194419985,0.05651079644094376
Perturbation (class-cond),11,19,0.603518821603928,ok,7.033348083496094e-05,0.0036038808766770754,0.025047701379710446
Perturbation (class-cond),12,1,0.8513513513513513,ok,0.00016313791275024414,0.0031694243869152482,0.04284354946001849
Perturbation (class-cond),12,2,0.8480753480753481,ok,0.00025516748428344727,0.004400101342464609,0.038753513701376086
Perturbation (class-cond),12,3,0.8435708435708436,ok,0.00010412931442260742,0.0032867792357884184,0.04139595736067903
Perturbation (class-cond),12,4,0.8521703521703522,warning,0.00041478872299194336,0.0037633203093055904,0.0573828236723856
Perturbation (class-cond),12,5,0.8517608517608518,warning,0.00014036893844604492,0.0031272926681374705,0.04521729530643659
Perturbation (class-cond),12,6,0.8185913185913186,warning,0.0004125237464904785,0.003932959382662086,0.04768800491926306
Perturbation (class-cond),12,7,0.8095823095823096,warning,0.0004456639289855957,0.0028508948717392334,0.05907919925136405
Perturbation (class-cond),12,8,0.7993447993447993,warning,0.0002123117446899414,0.0037545366950459446,0.04849431811196708
Perturbation (class-cond),12,9,0.776003276003276,warning,0.0003313422203063965,0.0027848348731252916,0.05680234172727751
Perturbation (class-cond),12,10,0.7506142506142506,warning,9.900331497192383e-05,0.003348026682102874,0.039048956798272014
Perturbation (class-cond),12,11,0.7440622440622441,warning,0.00010704994201660156,0.0031561205396503133,0.053304320547031714
Perturbation (class-cond),12,12,0.7387387387387387,warning,7.581710815429688e-05,0.0025927922611668755,0.03205161173093558
Perturbation (class-cond),12,13,0.7162162162162162,warning,0.00015413761138916016,0.002433497530839341,0.04173386927854405
Perturbation (class-cond),12,14,0.6920556920556921,warning,0.0002289414405822754,0.004135961796462922,0.047897545296819326
Perturbation (class-cond),12,15,0.6887796887796888,warning,0.00010114908218383789,0.0025757680946379233,0.02346494333556786
Perturbation (class-cond),12,16,0.6523341523341524,warning,0.00021564960479736328,0.0025500250901170814,0.035870780120985116
Perturbation (class-cond),12,17,0.6625716625716626,warning,8.118152618408203e-05,0.00328616659717414,0.03656542069586811
Perturbation (class-cond),12,18,0.64004914004914,warning,0.00042110681533813477,0.0036056549626582567,0.04696260155184804
Perturbation (class-cond),12,19,0.6051554828150573,warning,0.0001462697982788086,0.003588852748178224,0.03519587056090074
Perturbation (class-cond),13,1,0.8345618345618345,ok,0.00034940242767333984,0.004013505665610784,0.05580153312960475
Perturbation (class-cond),13,2,0.8435708435708436,ok,0.00021219253540039062,0.0028126836282730133,0.04392467194430747
Perturbation (class-cond),13,3,0.8472563472563472,ok,0.00026667118072509766,0.0031388893257437043,0.052114836283636036
Perturbation (class-cond),13,4,0.8497133497133497,warning,0.0008828639984130859,0.0028559842573268102,0.0821869185752708
Perturbation (class-cond),13,5,0.855036855036855,warning,0.0004717111587524414,0.003599420066471437,0.049978850007155025
Perturbation (class-cond),13,6,0.8308763308763308,warning,0.00033408403396606445,0.0037415956556617978,0.04510450488017233
Perturbation (class-cond),13,7,0.8202293202293203,warning,0.0001932382583618164,0.0024230385955365348,0.0407563260457815
Perturbation (class-cond),13,8,0.8034398034398035,warning,0.00036156177520751953,0.003662167258947117,0.05628416839419552
Perturbation (class-cond),13,9,0.7784602784602784,warning,0.0004004240036010742,0.0032076094559504043,0.05280457043352505
Perturbation (class-cond),13,10,0.7563472563472563,warning,0.0010759830474853516,0.003319440660913988,0.09429993437882282
Perturbation (class-cond),13,11,0.7280917280917281,warning,0.0012322068214416504,0.0035832289659626752,0.08105624929401502
Perturbation (class-cond),13,12,0.735053235053235,warning,0.0001131892204284668,0.002753882942747467,0.050250390385785576
Perturbation (class-cond),13,13,0.7072072072072072,warning,0.0004937052726745605,0.002720794896289183,0.04731871291211696
Perturbation (class-cond),13,14,0.6986076986076986,warning,0.0002614259719848633,0.0029791337281836333,0.06403738923998586
Perturbation (class-cond),13,15,0.671990171990172,warning,0.00028145313262939453,0.003013741294394268,0.05974412674120919
Perturbation (class-cond),13,16,0.6527436527436528,warning,0.00010776519775390625,0.002731585515035856,0.03902196886805845
Perturbation (class-cond),13,17,0.6412776412776413,warning,0.00021266937255859375,0.003587733979955577,0.05460910608007647
Perturbation (class-cond),13,18,0.6023751023751024,warning,0.0004360675811767578,0.0028757829184594503,0.0830660649050137
Perturbation (class-cond),13,19,0.5916530278232406,warning,0.00028824806213378906,0.0034618562699268414,0.05206253353091111
Perturbation (class-cond),14,1,0.8505323505323505,ok,0.00047266483306884766,0.003551777984964228,0.044629114189815515
Perturbation (class-cond),14,2,0.8501228501228502,ok,0.0002849698066711426,0.0029181295035346647,0.03961583617579103
Perturbation (class-cond),14,3,0.8366093366093366,ok,0.0003339052200317383,0.0025479040639177124,0.054936414899177305
Perturbation (class-cond),14,4,0.8546273546273546,ok,0.00017511844635009766,0.002775693282781191,0.039016420827884105
Perturbation (class-cond),14,5,0.8402948402948403,warning,0.00010788440704345703,0.002936139363235284,0.028222360186563954
Perturbation (class-cond),14,6,0.8341523341523341,warning,7.456541061401367e-05,0.0028480378192668404,0.042504282390590474
Perturbation (class-cond),14,7,0.8312858312858313,warning,0.00020635128021240234,0.002554373141805391,0.04680354986487591
Perturbation (class-cond),14,8,0.7989352989352989,warning,0.0003083944320678711,0.002272519170684442,0.04786043467422644
Perturbation (class-cond),14,9,0.7800982800982801,warning,0.00020927190780639648,0.003192319361755646,0.0429996826394712
Perturbation (class-cond),14,10,0.7502047502047502,warning,0.00044232606887817383,0.002916266690082621,0.05864882998931318
Perturbation (class-cond),14,11,0.7473382473382474,warning,0.00037157535552978516,0.0031226908652447188,0.03849593363751161
Perturbation (class-cond),14,12,0.7211302211302212,warning,0.000453948974609375,0.003096318143764172,0.04609341401931753
Perturbation (class-cond),14,13,0.7252252252252253,warning,0.0006123781204223633,0.003354317008357587,0.05202114150076089
Perturbation (class-cond),14,14,0.7027027027027027,warning,0.000310361385345459,0.002931296250285583,0.04300612318503995
Perturbation (class-cond),14,15,0.6842751842751843,warning,0.0003552436828613281,0.002457049661462962,0.044502027793444435
Perturbation (class-cond),14,16,0.6629811629811629,warning,0.0002701282501220703,0.002762354566610407,0.04105777824034396
Perturbation (class-cond),14,17,0.6617526617526618,warning,0.00016933679580688477,0.002626457018478773,0.03265320347205574
Perturbation (class-cond),14,18,0.6248976248976249,warning,0.00037491321563720703,0.002501576305059926,0.05891887267928656
Perturbation (class-cond),14,19,0.6407528641571195,warning,0.00011110305786132812,0.002356259269978869,0.028200015781545882
Perturbation (class-cond),15,1,0.8603603603603603,ok,0.00016230344772338867,0.003299332428808946,0.053372881955685125
Perturbation (class-cond),15,2,0.8427518427518428,ok,0.00017827749252319336,0.0023486188618125348,0.03506492522227089
Perturbation (class-cond),15,3,0.8345618345618345,ok,0.00018042325973510742,0.003409307195632796,0.034993747680964485
Perturbation (class-cond),15,4,0.8558558558558559,warning,0.0005410313606262207,0.0023740936485943664,0.06065317183232622
Perturbation (class-cond),15,5,0.8546273546273546,warning,0.0002486705780029297,0.002666642895900801,0.03500613132697635
Perturbation (class-cond),15,6,0.8366093366093366,warning,0.00010603666305541992,0.0032559355363630657,0.02956677724718698
Perturbation (class-cond),15,7,0.8194103194103194,warning,0.0003342628479003906,0.0023705238450305657,0.03766901867056493
Perturbation (class-cond),15,8,0.7870597870597871,warning,0.0005481839179992676,0.0029508116296982296,0.05195820329437758
Perturbation (class-cond),15,9,0.7911547911547911,warning,0.0002390742301940918,0.004284946840554441,0.04315686190461193
Perturbation (class-cond),15,10,0.7538902538902539,warning,0.0004519224166870117,0.0032140993763287396,0.05682435253426049
Perturbation (class-cond),15,11,0.7547092547092548,warning,0.00026232004165649414,0.002805260960522263,0.04498745261970488
Perturbation (class-cond),15,12,0.7383292383292384,ok,0.0002563595771789551,0.003574205065639582,0.03200741472563135
Perturbation (class-cond),15,13,0.7338247338247338,warning,0.00015026330947875977,0.002571830623975372,0.033936017366367116
Perturbation (class-cond),15,14,0.7022932022932022,warning,0.0004451274871826172,0.002581872500324895,0.03697005892134317
Perturbation (class-cond),15,15,0.7063882063882064,warning,0.00020360946655273438,0.0024063870047603114,0.041696580094845975
Perturbation (class-cond),15,16,0.6629811629811629,warning,0.0003648996353149414,0.0028945009182743692,0.049523493987982926
Perturbation (class-cond),15,17,0.6633906633906634,warning,0.00033402442932128906,0.0028154294879273907,0.04576330447995116
Perturbation (class-cond),15,18,0.6408681408681409,warning,0.0001919865608215332,0.004109408955938814,0.0277948808962808
Perturbation (class-cond),15,19,0.6272504091653028,warning,0.000186920166015625,0.002758903689017979,0.06011372847133896
Perturbation (class-cond),16,1,0.855036855036855,ok,0.0003935694694519043,0.002865800357903801,0.04214254824140409
Perturbation (class-cond),16,2,0.8439803439803439,ok,0.00012040138244628906,0.002330690322193256,0.03307407376158869
Perturbation (class-cond),16,3,0.8447993447993448,ok,0.00020831823348999023,0.002900719604980238,0.06479336607367575
Perturbation (class-cond),16,4,0.8542178542178542,warning,0.00010883808135986328,0.004009373901849746,0.04431174972002015
Perturbation (class-cond),16,5,0.8439803439803439,warning,0.0009669065475463867,0.0029181329320165923,0.057219195701269605
Perturbation (class-cond),16,6,0.8402948402948403,warning,0.00024259090423583984,0.002818455184633137,0.0500238175776308
Perturbation (class-cond),16,7,0.8226863226863227,warning,0.00010836124420166016,0.0027427441141275274,0.047947573523831555
Perturbation (class-cond),16,8,0.8058968058968059,warning,0.0008133053779602051,0.0023547470944324887,0.07079071696789711
Perturbation (class-cond),16,9,0.778050778050778,warning,0.00010538101196289062,0.0022603642308843498,0.0402797991492013
Perturbation (class-cond),16,10,0.7612612612612613,warning,0.00019294023513793945,0.004013647156733265,0.0487093514088902
Perturbation (class-cond),16,11,0.7416052416052417,warning,9.816884994506836e-05,0.002732689480956847,0.035579098295067633
Perturbation (class-cond),16,12,0.7432432432432432,warning,0.0002467632293701172,0.0025546794049193756,0.03214929374522182
Perturbation (class-cond),16,13,0.7096642096642096,ok,3.808736801147461e-05,0.0027102678406362313,0.04269481910736645
Perturbation (class-cond),16,14,0.7039312039312039,ok,0.00010067224502563477,0.003304017098697108,0.03988176938149691
Perturbation (class-cond),16,15,0.6891891891891891,ok,0.00022286176681518555,0.0030794807332125587,0.045823625884995944
Perturbation (class-cond),16,16,0.6552006552006552,ok,0.00026297569274902344,0.002622563236711291,0.037993904694390054
Perturbation (class-cond),16,17,0.6453726453726454,ok,0.00014358758926391602,0.003658079913592022,0.05212125256520305
Perturbation (class-cond),16,18,0.6105651105651105,warning,0.0003291964530944824,0.0027144403461317776,0.04411204680300597
Perturbation (class-cond),16,19,0.6239770867430442,warning,0.00041991472244262695,0.00292298769945264,0.05068492762088861
Perturbation (class-cond),17,1,0.8456183456183456,ok,0.00022369623184204102,0.003588871351351083,0.034595651393809664
Perturbation (class-cond),17,2,0.8595413595413596,ok,0.00046813488006591797,0.0027653459258454322,0.06018309445897646
Perturbation (class-cond),17,3,0.834971334971335,ok,0.0005048513412475586,0.0030444069184692186,0.055676775600800844
Perturbation (class-cond),17,4,0.8501228501228502,ok,0.000431060791015625,0.0032155285653008934,0.04712510283465847
Perturbation (class-cond),17,5,0.8402948402948403,ok,0.00016075372695922852,0.0032225788014259744,0.049761130658045466
Perturbation (class-cond),17,6,0.8284193284193284,ok,0.00012606382369995117,0.0028166998658821943,0.037055368691585176
Perturbation (class-cond),17,7,0.8144963144963145,warning,0.00018602609634399414,0.0042107655881239645,0.04040242465679042
Perturbation (class-cond),17,8,0.7923832923832924,warning,0.00030225515365600586,0.003108632816006327,0.044917728608500136
Perturbation (class-cond),17,9,0.7841932841932842,warning,0.0003527998924255371,0.003356516474691631,0.046869719490816204
Perturbation (class-cond),17,10,0.7719082719082719,warning,0.00020164251327514648,0.003090229517517017,0.03615071730415696
Perturbation (class-cond),17,11,0.737919737919738,warning,0.0006123185157775879,0.0029158414890292205,0.0658731500349861
Perturbation (class-cond),17,12,0.735053235053235,warning,0.00011849403381347656,0.0029275912905461724,0.032048168768398826
Perturbation (class-cond),17,13,0.7162162162162162,warning,0.0006969571113586426,0.0027896838750581052,0.06681298108178017
Perturbation (class-cond),17,14,0.696969696969697,warning,0.0003809928894042969,0.003297176335833936,0.04602059768779798
Perturbation (class-cond),17,15,0.6769041769041769,warning,0.00029277801513671875,0.003221181282528997,0.04714166150433312
Perturbation (class-cond),17,16,0.6728091728091729,warning,0.00043761730194091797,0.0032934986351845375,0.044154366542824314
Perturbation (class-cond),17,17,0.6629811629811629,warning,0.00022137165069580078,0.0034962175278145675,0.040144800621158966
Perturbation (class-cond),17,18,0.6105651105651105,warning,8.845329284667969e-05,0.0034744032278394878,0.03328685022823443
Perturbation (class-cond),17,19,0.6219312602291326,warning,0.00026482343673706055,0.0028925931943177526,0.031484794498947116
Perturbation (class-cond),18,1,0.8648648648648649,ok,0.00018709897994995117,0.002538175527384049,0.042472600787961945
Perturbation (class-cond),18,2,0.8488943488943489,ok,0.0003370046615600586,0.0033519280694512877,0.06654107345483226
Perturbation (class-cond),18,3,0.8480753480753481,ok,0.00013059377670288086,0.0032817179642589183,0.05821604677027873
Perturbation (class-cond),18,4,0.8538083538083538,ok,0.0005442500114440918,0.003153217471674282,0.05796326977628136
Perturbation (class-cond),18,5,0.855036855036855,ok,0.00015407800674438477,0.0032320539403286495,0.0491922204111225
Perturbation (class-cond),18,6,0.8411138411138411,warning,0.0003668069839477539,0.003473626800188462,0.050400136459915715
Perturbation (class-cond),18,7,0.8194103194103194,warning,0.0004132986068725586,0.0033583736063399153,0.05228371237977472
Perturbation (class-cond),18,8,0.7944307944307945,warning,0.00010448694229125977,0.003626962650260957,0.056427259341490225
Perturbation (class-cond),18,9,0.7919737919737919,warning,0.0001360774040222168,0.002902633503204315,0.03768207656370621
Perturbation (class-cond),18,10,0.7485667485667485,warning,0.0005179643630981445,0.003461052003647541,0.047228790838618424
Perturbation (class-cond),18,11,0.7461097461097461,warning,0.0004456043243408203,0.0032965178307278803,0.06194791701957167
Perturbation (class-cond),18,12,0.726044226044226,warning,0.0002707839012145996,0.0035185717999212827,0.05577647304618279
Perturbation (class-cond),18,13,0.7121212121212122,warning,0.0002434849739074707,0.002889601492930961,0.04708194163880395
Perturbation (class-cond),18,14,0.683046683046683,warning,0.00040668249130249023,0.002811010698382718,0.06114984343247338
Perturbation (class-cond),18,15,0.680999180999181,warning,7.593631744384766e-05,0.003201321020961953,0.0362647803775649
Perturbation (class-cond),18,16,0.6466011466011466,warning,0.00012433528900146484,0.002801536246755872,0.04150901830859672
Perturbation (class-cond),18,17,0.6564291564291564,warning,0.0002231001853942871,0.0034335822274089243,0.03858166946817869
Perturbation (class-cond),18,18,0.6154791154791155,ok,0.00025337934494018555,0.0026909718702913038,0.044401799924669735
Perturbation (class-cond),18,19,0.6080196399345336,ok,0.00031250715255737305,0.003730433637088432,0.05252906019424274
Perturbation (class-cond),19,1,0.8480753480753481,ok,0.00023740530014038086,0.0028743472860043124,0.033300749534495244
Perturbation (class-cond),19,2,0.8587223587223587,ok,0.0005998015403747559,0.0032912829934254985,0.07368497290950952
Perturbation (class-cond),19,3,0.8415233415233415,ok,0.00011175870895385742,0.002744593932529887,0.029643640336222073
Perturbation (class-cond),19,4,0.8456183456183456,warning,0.0002543330192565918,0.0033833425401612535,0.03693837877118876
Perturbation (class-cond),19,5,0.8443898443898444,warning,0.00033205747604370117,0.003165605290642329,0.03443677418496856
Perturbation (class-cond),19,6,0.8300573300573301,warning,8.058547973632812e-05,0.0029235082500951868,0.03990496743232213
Perturbation (class-cond),19,7,0.8026208026208026,warning,0.00024086236953735352,0.003281149484272599,0.047739066568471766
Perturbation (class-cond),19,8,0.7960687960687961,warning,0.00015527009963989258,0.002853401899295427,0.027564919548882218
Perturbation (class-cond),19,9,0.7698607698607699,warning,0.00012087821960449219,0.002865663560677711,0.03580855406186687
Perturbation (class-cond),19,10,0.7493857493857494,warning,0.00023543834686279297,0.0035310154809174363,0.03795760496516452
Perturbation (class-cond),19,11,0.7342342342342343,critical,0.00010150671005249023,0.0033863319635548707,0.03014838592401781
Perturbation (class-cond),19,12,0.7276822276822277,critical,0.00017195940017700195,0.003665137517121851,0.03507303235703721
Perturbation (class-cond),19,13,0.717035217035217,warning,0.0007461905479431152,0.0031690099092362934,0.0702088367881536
Perturbation (class-cond),19,14,0.7076167076167076,warning,0.0001646876335144043,0.002994138941830404,0.03673039244969934
Perturbation (class-cond),19,15,0.6887796887796888,warning,0.0006375312805175781,0.00288128595987867,0.06968882142893747
Perturbation (class-cond),19,16,0.6621621621621622,warning,0.000888824462890625,0.002604302159887147,0.0938907325108853
Perturbation (class-cond),19,17,0.6392301392301393,warning,0.0002028346061706543,0.002382488478940849,0.03561913002053365
Perturbation (class-cond),19,18,0.6134316134316135,warning,0.0006680488586425781,0.0037562342542585263,0.05468099496276243
Perturbation (class-cond),19,19,0.6039279869067103,warning,0.00022929906845092773,0.002644054206879515,0.048119243742686356
Perturbation (class-cond),20,1,0.8427518427518428,ok,0.00025719404220581055,0.002489743807402569,0.060060336450564904
Perturbation (class-cond),20,2,0.8505323505323505,ok,0.0002276897430419922,0.0033389741290565677,0.03183310331323282
Perturbation (class-cond),20,3,0.8292383292383292,ok,0.00023406744003295898,0.003871715172186901,0.052606933181007065
Perturbation (class-cond),20,4,0.8587223587223587,ok,9.107589721679688e-05,0.0030762320170999043,0.03957069649633376
Perturbation (class-cond),20,5,0.8456183456183456,warning,0.00011527538299560547,0.003451469409344435,0.043298576622103055
Perturbation (class-cond),20,6,0.8398853398853399,warning,0.00016391277313232422,0.0031749416818368627,0.02942376567339139
Perturbation (class-cond),20,7,0.803030303030303,warning,9.47713851928711e-05,0.0032411956845460393,0.031875913592464375
Perturbation (class-cond),20,8,0.7948402948402948,ok,0.00012665987014770508,0.0020252489085261,0.04016792444080521
Perturbation (class-cond),20,9,0.7727272727272727,warning,0.0009581446647644043,0.003269280148706608,0.09352282932627697
Perturbation (class-cond),20,10,0.7518427518427518,warning,0.0003018975257873535,0.003327200325653326,0.04123441632120074
Perturbation (class-cond),20,11,0.73996723996724,warning,0.00031679868698120117,0.004625511311559584,0.04687873264934857
Perturbation (class-cond),20,12,0.7215397215397216,warning,0.00012701749801635742,0.0035596508736510856,0.038019040158593614
Perturbation (class-cond),20,13,0.7051597051597052,warning,8.207559585571289e-05,0.0032910234910236676,0.03304129420916179
Perturbation (class-cond),20,14,0.6908271908271908,ok,0.0001061558723449707,0.0026764169113216315,0.0441010889065597
Perturbation (class-cond),20,15,0.6752661752661753,warning,0.00023752450942993164,0.0033321027366004802,0.03275105702082675
Perturbation (class-cond),20,16,0.6490581490581491,warning,0.00026929378509521484,0.0031697502973331163,0.04028533503688173
Perturbation (class-cond),20,17,0.6244881244881245,critical,0.0004181861877441406,0.003103615476481443,0.038077111324425254
Perturbation (class-cond),20,18,0.6052416052416052,warning,0.0004933476448059082,0.00319026302309931,0.06341040795585054
Perturbation (class-cond),20,19,0.603518821603928,warning,0.0001685023307800293,0.0029899507942145916,0.033552049260750755
Perturbation (class-cond),21,1,0.8497133497133497,ok,0.0002467632293701172,0.0031467624736273942,0.029031083938141005
Perturbation (class-cond),21,2,0.8505323505323505,ok,0.00021839141845703125,0.002859274442745135,0.0434030766151084
Perturbation (class-cond),21,3,0.8431613431613432,warning,0.00027489662170410156,0.002960504932493944,0.03784698522916907
Perturbation (class-cond),21,4,0.8505323505323505,warning,0.00042045116424560547,0.003889153976273983,0.04310499859690043
Perturbation (class-cond),21,5,0.8562653562653563,warning,0.0003859400749206543,0.0028614604856047905,0.0457091270387249
Perturbation (class-cond),21,6,0.8288288288288288,warning,0.0005384683609008789,0.0028090793994518725,0.04890157900202212
Perturbation (class-cond),21,7,0.816953316953317,warning,0.00017714500427246094,0.004354350143335405,0.027225133417631678
Perturbation (class-cond),21,8,0.8050778050778051,warning,0.0003770589828491211,0.002667324270379308,0.053928127949107764
Perturbation (class-cond),21,9,0.7686322686322686,warning,0.0012400150299072266,0.00315971252905772,0.06975431720012587
Perturbation (class-cond),21,10,0.7514332514332515,warning,0.0001609325408935547,0.0038020134113446007,0.0358633294219349
Perturbation (class-cond),21,11,0.7465192465192465,warning,0.00022780895233154297,0.003735471582037712,0.033399941335765175
Perturbation (class-cond),21,12,0.717035217035217,warning,0.0002555251121520996,0.0034411368047133177,0.03853158751196759
Perturbation (class-cond),21,13,0.7141687141687142,warning,0.0005519986152648926,0.003201313539034409,0.05407677098851663
Perturbation (class-cond),21,14,0.6945126945126945,warning,0.00013333559036254883,0.0027031667840480287,0.036693702981414764
Perturbation (class-cond),21,15,0.6818181818181818,warning,0.0002110600471496582,0.003845281159794365,0.047442902114119716
Perturbation (class-cond),21,16,0.6568386568386568,warning,0.0003587007522583008,0.0024706648752969435,0.04253853188169663
Perturbation (class-cond),21,17,0.653972153972154,warning,8.207559585571289e-05,0.002640424993680634,0.03350461917089083
Perturbation (class-cond),21,18,0.6126126126126126,warning,0.0001894235610961914,0.0026678258982205786,0.032529954742635966
Perturbation (class-cond),21,19,0.6088379705400983,warning,0.00017386674880981445,0.003044340265300047,0.04028161773704669
Perturbation (class-cond),22,1,0.8579033579033579,ok,0.0002250075340270996,0.0030709084832811536,0.05130767855235665
Perturbation (class-cond),22,2,0.8751023751023751,ok,0.00027179718017578125,0.0030963637552410407,0.04204723390985706
Perturbation (class-cond),22,3,0.8542178542178542,ok,4.5359134674072266e-05,0.0030137897560454123,0.04111484092016961
Perturbation (class-cond),22,4,0.8685503685503686,ok,0.00041419267654418945,0.0028170771944966916,0.03695111353663318
Perturbation (class-cond),22,5,0.8538083538083538,ok,5.537271499633789e-05,0.0032691699468947273,0.049367020001626745
Perturbation (class-cond),22,6,0.8333333333333334,warning,0.00011420249938964844,0.0036812461297653903,0.04193055088708846
Perturbation (class-cond),22,7,0.8058968058968059,warning,0.0005752444267272949,0.004071263054334968,0.06962566116914749
Perturbation (class-cond),22,8,0.8026208026208026,critical,0.0003472566604614258,0.0034964254923960346,0.05835361790372881
Perturbation (class-cond),22,9,0.7727272727272727,warning,0.00010848045349121094,0.0031778517732082012,0.03501643324621709
Perturbation (class-cond),22,10,0.7727272727272727,warning,0.00017631053924560547,0.004177691832481907,0.04527517742256922
Perturbation (class-cond),22,11,0.7506142506142506,warning,0.00011968612670898438,0.003085068377113101,0.044344849915973636
Perturbation (class-cond),22,12,0.7411957411957412,warning,0.0001538395881652832,0.002858818292393298,0.039742421751403696
Perturbation (class-cond),22,13,0.7244062244062244,warning,0.00011867284774780273,0.0028055001363122478,0.04713125077142425
Perturbation (class-cond),22,14,0.7043407043407044,warning,0.00011432170867919922,0.0034677588390060196,0.054287090734140085
Perturbation (class-cond),22,15,0.6941031941031941,warning,0.0003699660301208496,0.0037869417210611685,0.04986810541753842
Perturbation (class-cond),22,16,0.665028665028665,warning,8.702278137207031e-05,0.002664082865304704,0.05057542016928029
Perturbation (class-cond),22,17,0.6556101556101556,warning,0.0005267858505249023,0.004056197696347125,0.07524505286896258
Perturbation (class-cond),22,18,0.6044226044226044,warning,7.075071334838867e-05,0.0034129936926592256,0.03507419908347743
Perturbation (class-cond),22,19,0.618657937806874,warning,0.00023168325424194336,0.003314513354870831,0.03842474255277524
Perturbation (class-cond),23,1,0.8419328419328419,ok,0.00047069787979125977,0.0028586617671396038,0.05909040218171861
Perturbation (class-cond),23,2,0.8484848484848485,ok,0.00037425756454467773,0.003214179952146917,0.054024559554753
Perturbation (class-cond),23,3,0.8411138411138411,ok,0.0003924369812011719,0.003461315538071403,0.051669646431306594
Perturbation (class-cond),23,4,0.8579033579033579,warning,8.815526962280273e-05,0.005148221070673421,0.03253766160566447
Perturbation (class-cond),23,5,0.8546273546273546,warning,0.0002135634422302246,0.002777290956190883,0.04607221651633785
Perturbation (class-cond),23,6,0.8292383292383292,warning,0.00032585859298706055,0.002578575426673076,0.05165162524109266
Perturbation (class-cond),23,7,0.8230958230958231,warning,0.00038307905197143555,0.0032665499097845286,0.04054091910973551
Perturbation (class-cond),23,8,0.7981162981162981,warning,0.00031369924545288086,0.0032836478709839805,0.042481109839035046
Perturbation (class-cond),23,9,0.7858312858312858,critical,0.0003523826599121094,0.003021592137980666,0.03449253638005719
Perturbation (class-cond),23,10,0.7616707616707616,warning,7.396936416625977e-05,0.0032680531037278513,0.026164261933370736
Perturbation (class-cond),23,11,0.7387387387387387,warning,0.00027495622634887695,0.0031635319376891024,0.03942234286265013
Perturbation (class-cond),23,12,0.7371007371007371,warning,0.0001494884490966797,0.003381198933468903,0.03997089472701774
Perturbation (class-cond),23,13,0.7129402129402129,warning,0.00027436017990112305,0.0038800965927955453,0.027319392484855307
Perturbation (class-cond),23,14,0.6945126945126945,warning,0.00013786554336547852,0.0032892772794011317,0.032305297148024936
Perturbation (class-cond),23,15,0.6986076986076986,warning,8.463859558105469e-05,0.003100063773443717,0.03936208060097456
Perturbation (class-cond),23,16,0.6556101556101556,warning,0.00020778179168701172,0.00315890700878262,0.02879755400938741
Perturbation (class-cond),23,17,0.6670761670761671,warning,5.841255187988281e-05,0.0033282675990494327,0.027341838173786964
Perturbation (class-cond),23,18,0.64004914004914,warning,0.00019317865371704102,0.002454817605256271,0.040899360064327206
Perturbation (class-cond),23,19,0.6219312602291326,warning,0.00022989511489868164,0.0026561138786479273,0.036617803292613826
Perturbation (class-cond),24,1,0.8587223587223587,ok,0.000989377498626709,0.004126659883092432,0.07222263366106005
Perturbation (class-cond),24,2,0.8628173628173628,ok,0.0016205310821533203,0.003362456525437447,0.07840832443808701
Perturbation (class-cond),24,3,0.8480753480753481,ok,0.0009707212448120117,0.0031518224772017454,0.059681808592768414
Perturbation (class-cond),24,4,0.852989352989353,ok,0.0002828836441040039,0.0029692414060147896,0.03250379288106864
Perturbation (class-cond),24,5,0.8411138411138411,warning,5.632638931274414e-05,0.003447810144663324,0.04675855784703947
Perturbation (class-cond),24,6,0.8390663390663391,warning,0.0002713799476623535,0.0026121296625337756,0.04967835024364383
Perturbation (class-cond),24,7,0.8177723177723177,warning,0.00024169683456420898,0.0028798231704516954,0.03087682129277144
Perturbation (class-cond),24,8,0.7927927927927928,warning,0.00022751092910766602,0.00308245153910678,0.03296970592417906
Perturbation (class-cond),24,9,0.7882882882882883,warning,0.0005438923835754395,0.002990428498797752,0.04239288834362231
Perturbation (class-cond),24,10,0.773955773955774,warning,0.0006027817726135254,0.003609211755155899,0.06220331620867383
Perturbation (class-cond),24,11,0.757985257985258,warning,0.0019753575325012207,0.002872132696810059,0.10445932163128487
Perturbation (class-cond),24,12,0.7338247338247338,warning,0.00024700164794921875,0.003037330804933243,0.03201150720257138
Perturbation (class-cond),24,13,0.7321867321867321,warning,0.00012409687042236328,0.0037984622118932103,0.02951361191129393
Perturbation (class-cond),24,14,0.7047502047502048,ok,0.00046455860137939453,0.002861585975327015,0.03524474565467563
Perturbation (class-cond),24,15,0.6994266994266994,warning,0.0002455711364746094,0.003318368666252153,0.03291524589506232
Perturbation (class-cond),24,16,0.6855036855036855,warning,0.00037223100662231445,0.002602540632531525,0.04328871335312548
Perturbation (class-cond),24,17,0.6723996723996724,warning,0.0006090998649597168,0.002936832715064828,0.05101150680977139
Perturbation (class-cond),24,18,0.6224406224406225,warning,0.0006361603736877441,0.0037972370715644074,0.04616396776861977
Perturbation (class-cond),24,19,0.6292962356792144,warning,0.0007213354110717773,0.004089825600229689,0.04334195646050015
Mixed,0,1,0.8542178542178542,ok,0.00028061866760253906,0.003353786015943474,0.05203429118176988
Mixed,0,2,0.8513513513513513,ok,0.0003293156623840332,0.003622845253423178,0.046084095450658495
Mixed,0,3,0.8484848484848485,warning,0.0006455779075622559,0.003992918740341967,0.04854679154443095
Mixed,0,4,0.8632268632268633,warning,0.00031256675720214844,0.0024977323520898346,0.05308741940551598
Mixed,0,5,0.8513513513513513,warning,0.0003091096878051758,0.003032725120841185,0.03209729385418747
Mixed,0,6,0.8476658476658476,warning,0.00023895502090454102,0.004149340215623427,0.07499299284940175
Mixed,0,7,0.8325143325143325,warning,0.0008966922760009766,0.0030939606206524016,0.055609112766679646
Mixed,0,8,0.8308763308763308,warning,0.00018662214279174805,0.0027373662510678056,0.024644737343176477
Mixed,0,9,0.8104013104013104,warning,0.0008597373962402344,0.0037045117359412382,0.08604365053983669
Mixed,0,10,0.7956592956592956,warning,0.0012132525444030762,0.05221327928825349,0.29323306654828885
Mixed,0,11,0.7776412776412777,critical,0.0007302165031433105,0.054056817054711825,0.27535854377709706
Mixed,0,12,0.7719082719082719,critical,0.0010856389999389648,0.0456881729344427,0.26367975451681885
Mixed,0,13,0.7477477477477478,critical,0.0005924701690673828,0.048938253710551556,0.2657765840771961
Mixed,0,14,0.7624897624897625,critical,0.0007332563400268555,0.05458010265005222,0.26333391877482465
Mixed,0,15,0.7227682227682227,critical,0.006571054458618164,0.11348729885657491,0.5690353104259835
Mixed,0,16,0.7178542178542179,critical,0.007595241069793701,0.10376280694082424,0.5513927044319779
Mixed,0,17,0.6891891891891891,critical,0.006595194339752197,0.1128597458575759,0.590776684864414
Mixed,0,18,0.7002457002457002,critical,0.006365716457366943,0.10742470843659137,0.54191600942961
Mixed,0,19,0.7000818330605565,critical,0.008065402507781982,0.10499487916710443,0.5611470634025316
Mixed,1,1,0.8583128583128583,ok,0.00022846460342407227,0.003176264971505931,0.057170404159941776
Mixed,1,2,0.8505323505323505,ok,0.00024271011352539062,0.0043366320934400335,0.032941697637514714
Mixed,1,3,0.8480753480753481,warning,0.00040715932846069336,0.002922772273731846,0.053312878266288104
Mixed,1,4,0.8546273546273546,warning,0.0002703666687011719,0.0033761521050419217,0.04984218357657191
Mixed,1,5,0.8390663390663391,warning,0.0008816123008728027,0.0028140682023089425,0.07828391143284828
Mixed,1,6,0.8513513513513513,warning,0.0003892183303833008,0.0037234486966954894,0.06366753684895322
Mixed,1,7,0.8386568386568387,warning,0.00038546323776245117,0.004203579862707385,0.053301376984344145
Mixed,1,8,0.8263718263718264,warning,0.001041710376739502,0.003891000371693874,0.08588116008782244
Mixed,1,9,0.8079443079443079,warning,0.00011646747589111328,0.0031556890416819905,0.03242057850729323
Mixed,1,10,0.8034398034398035,warning,0.0021047592163085938,0.09108826562418992,0.3058451636092679
Mixed,1,11,0.776003276003276,warning,0.0021335482597351074,0.08644769991878593,0.2605618474196798
Mixed,1,12,0.776003276003276,critical,0.001714169979095459,0.09175016627443407,0.29378048732566814
Mixed,1,13,0.7698607698607699,critical,0.002702176570892334,0.08208749267943785,0.2922482905113248
Mixed,1,14,0.7371007371007371,critical,0.0011227726936340332,0.08445893874557059,0.30660059272171614
Mixed,1,15,0.721949221949222,critical,0.0015277862548828125,0.08687919826987148,0.46982828257363024
Mixed,1,16,0.7227682227682227,critical,0.0018061399459838867,0.08864723622572661,0.4487668292969113
Mixed,1,17,0.6908271908271908,critical,0.0012889504432678223,0.09070075734748138,0.462362524816368
Mixed,1,18,0.7080262080262081,critical,0.0008183717727661133,0.0854619247964517,0.44594889852853864
Mixed,1,19,0.693126022913257,critical,0.0007414817810058594,0.08642681741069436,0.4597496642617064
Mixed,2,1,0.8394758394758395,ok,0.0002689361572265625,0.0036309310298190487,0.07846781513743317
Mixed,2,2,0.8452088452088452,ok,0.00031048059463500977,0.0029723278169299944,0.043331324205819456
Mixed,2,3,0.8484848484848485,ok,0.00029647350311279297,0.003272734833702044,0.07177449026487137
Mixed,2,4,0.8468468468468469,ok,0.000706017017364502,0.0024636466171285266,0.06973835773938432
Mixed,2,5,0.8648648648648649,ok,0.0004456043243408203,0.0032088710056674173,0.05802764712751255
Mixed,2,6,0.8325143325143325,ok,0.0004742145538330078,0.0036293382593029807,0.06797820588697386
Mixed,2,7,0.8308763308763308,ok,0.0002881288528442383,0.0036133109613159875,0.042699565879091385
Mixed,2,8,0.8177723177723177,ok,0.00040733814239501953,0.0035393309031613194,0.05632842980923226
Mixed,2,9,0.8091728091728092,warning,0.00017088651657104492,0.004673566270945317,0.058787221143637734
Mixed,2,10,0.7874692874692875,warning,0.0006616711616516113,0.0716306907753545,0.35818282415187747
Mixed,2,11,0.776003276003276,critical,0.0012484192848205566,0.06110873844856621,0.37299897793710846
Mixed,2,12,0.7551187551187551,critical,0.0010132193565368652,0.06342995539204185,0.39608073172281627
Mixed,2,13,0.7596232596232596,critical,0.0024977922439575195,0.06214052755621316,0.4136983583199011
Mixed,2,14,0.7305487305487306,critical,0.0016054511070251465,0.06809265003270215,0.40383685094082206
Mixed,2,15,0.7113022113022113,critical,0.010508477687835693,0.10554243828100489,0.6924659173150398
Mixed,2,16,0.7141687141687142,critical,0.00971972942352295,0.09431565850522203,0.6772312641376057
Mixed,2,17,0.7076167076167076,critical,0.010911285877227783,0.09977387488784913,0.68912203514418
Mixed,2,18,0.6965601965601965,critical,0.010323762893676758,0.09854242254840945,0.7011446253437738
Mixed,2,19,0.6841243862520459,critical,0.010923445224761963,0.1015754159355421,0.6828763885007452
Mixed,3,1,0.8439803439803439,ok,0.00017517805099487305,0.0031597881373777426,0.043083447006029174
Mixed,3,2,0.852989352989353,ok,0.0011145472526550293,0.0028628519874950914,0.05981542288579727
Mixed,3,3,0.8394758394758395,ok,0.00025540590286254883,0.002927925596776124,0.040187255540177345
Mixed,3,4,0.8447993447993448,ok,0.00020253658294677734,0.002893390211664228,0.04399549802742365
Mixed,3,5,0.8493038493038493,warning,0.00025397539138793945,0.003781093180305134,0.03734043492320342
Mixed,3,6,0.8456183456183456,warning,0.000217437744140625,0.002565058786243706,0.03449735477266203
Mixed,3,7,0.8357903357903358,warning,0.0004069805145263672,0.0029335040792015186,0.03857147709222817
Mixed,3,8,0.8296478296478297,warning,0.0003771781921386719,0.0032653766366970262,0.06069404543225863
Mixed,3,9,0.8177723177723177,warning,0.00031495094299316406,0.0033669669008035957,0.036555433978476694
Mixed,3,10,0.7960687960687961,critical,0.0006082653999328613,0.053322771342389864,0.3051014883547352
Mixed,3,11,0.7604422604422605,critical,0.0011091232299804688,0.0621217747535561,0.3552235846225985
Mixed,3,12,0.7612612612612613,critical,0.0006932616233825684,0.06308655902933763,0.35893591078532494
Mixed,3,13,0.7497952497952498,critical,0.0005698800086975098,0.0608824791726731,0.33373012945117364
Mixed,3,14,0.7338247338247338,critical,0.0005465149879455566,0.05986593176177902,0.3634369507533573
Mixed,3,15,0.7117117117117117,critical,0.005670428276062012,0.10445194402255137,0.5973349418947347
Mixed,3,16,0.7051597051597052,critical,0.0062378644943237305,0.1119014251821007,0.6352295376502766
Mixed,3,17,0.6674856674856675,critical,0.007179141044616699,0.1135049549757701,0.6253983198092444
Mixed,3,18,0.6961506961506961,critical,0.005165040493011475,0.11745220980615816,0.6053341884405984
Mixed,3,19,0.661620294599018,critical,0.006051898002624512,0.11214709993821084,0.6353862286108612
Mixed,4,1,0.8419328419328419,ok,0.0005003809928894043,0.003726499592076522,0.07244013910337993
Mixed,4,2,0.8390663390663391,ok,0.0001748800277709961,0.003006579384252927,0.03919254438486335
Mixed,4,3,0.8435708435708436,ok,0.00021028518676757812,0.0035596267696119993,0.04587044139956349
Mixed,4,4,0.857084357084357,ok,0.00015693902969360352,0.0024275808951806487,0.03856105421494156
Mixed,4,5,0.8411138411138411,ok,0.00014346837997436523,0.0028579067816462494,0.055509652631930535
Mixed,4,6,0.8394758394758395,ok,0.00024312734603881836,0.0027104404150641234,0.05129503165535707
Mixed,4,7,0.8325143325143325,warning,0.0003078579902648926,0.004535671451628035,0.04894156545785046
Mixed,4,8,0.8333333333333334,warning,0.00045365095138549805,0.004459514498517841,0.06258635892762356
Mixed,4,9,0.7891072891072891,warning,0.00020498037338256836,0.003543789724387461,0.0694650591035121
Mixed,4,10,0.7923832923832924,warning,0.0007787346839904785,0.10150329825904668,0.41493537106698436
Mixed,4,11,0.7710892710892711,warning,0.0004468560218811035,0.09758930401010225,0.38635534859150095
Mixed,4,12,0.7637182637182637,critical,0.0006685256958007812,0.09354009562893348,0.42604074091359745
Mixed,4,13,0.76003276003276,critical,0.0006653666496276855,0.10046695894976233,0.42831357682200427
Mixed,4,14,0.7317772317772318,critical,0.000493466854095459,0.09817531236740731,0.4102632082272898
Mixed,4,15,0.719082719082719,critical,0.004361867904663086,0.11207492382587056,0.7505124242743002
Mixed,4,16,0.7186732186732187,critical,0.005878806114196777,0.11909490103458661,0.7686675309351731
Mixed,4,17,0.7059787059787059,critical,0.004586338996887207,0.11331140625689022,0.7330887346588251
Mixed,4,18,0.6838656838656839,critical,0.005340278148651123,0.11648378867525576,0.781999036818349
Mixed,4,19,0.686988543371522,critical,0.004539906978607178,0.10868521668891279,0.6860612575051681
Mixed,5,1,0.8370188370188371,ok,0.0004277229309082031,0.002618909362268486,0.0493508732393704
Mixed,5,2,0.8423423423423423,ok,0.0002932548522949219,0.003230943832208371,0.039224177758750214
Mixed,5,3,0.8452088452088452,ok,0.00044929981231689453,0.0032553599505868577,0.037872176572000114
Mixed,5,4,0.8558558558558559,ok,0.0003504157066345215,0.0025508180615576867,0.045317304551175816
Mixed,5,5,0.8591318591318591,ok,0.00024008750915527344,0.002736140399710452,0.0317997332427034
Mixed,5,6,0.8296478296478297,ok,0.00046139955520629883,0.003080316686764918,0.04592843869312784
Mixed,5,7,0.8181818181818182,warning,0.0003281235694885254,0.0035797207105920624,0.04305672529254832
Mixed,5,8,0.819000819000819,warning,0.00030237436294555664,0.003023376987343053,0.031285480676404936
Mixed,5,9,0.812039312039312,warning,0.00045365095138549805,0.003502568073350246,0.05466625083487305
Mixed,5,10,0.7964782964782965,warning,0.0003994107246398926,0.08357417241497125,0.3745434560890381
Mixed,5,11,0.780917280917281,critical,0.0003192424774169922,0.08155851497236535,0.3845059458915005
Mixed,5,12,0.7735462735462736,critical,0.0013657808303833008,0.07932076865391456,0.39131542218412957
Mixed,5,13,0.7502047502047502,critical,0.0015456676483154297,0.08014025285535997,0.35706595893037235
Mixed,5,14,0.7448812448812449,critical,0.0011382102966308594,0.09039460705112834,0.41143940989809574
Mixed,5,15,0.7129402129402129,critical,0.004431426525115967,0.15546215409075553,0.6801099005110526
Mixed,5,16,0.6977886977886978,critical,0.004206836223602295,0.16695086425539668,0.7171772686714764
Mixed,5,17,0.6883701883701884,critical,0.00426173210144043,0.1517529023192457,0.6675780666474529
Mixed,5,18,0.6834561834561834,critical,0.0028603076934814453,0.14856053347775539,0.63082778201608
Mixed,5,19,0.675531914893617,critical,0.0023245811462402344,0.16457380189675583,0.6566242016295568
Mixed,6,1,0.8329238329238329,ok,0.0006669759750366211,0.003509384910810167,0.07821970491423706
Mixed,6,2,0.8476658476658476,ok,0.0005274415016174316,0.003281651201173702,0.06593736289503822
Mixed,6,3,0.8574938574938575,ok,0.00013083219528198242,0.002707235924395363,0.04426374227554807
Mixed,6,4,0.8480753480753481,ok,0.0008079409599304199,0.0028197930070261367,0.06856620375531894
Mixed,6,5,0.8468468468468469,ok,0.00014793872833251953,0.0028159669005241718,0.04341545853065231
Mixed,6,6,0.8341523341523341,ok,0.000347137451171875,0.003370242113358787,0.09332760907310583
Mixed,6,7,0.8361998361998362,ok,0.0007906556129455566,0.0032056055719587324,0.0700179929742063
Mixed,6,8,0.8230958230958231,ok,0.0004328489303588867,0.003098182608443472,0.08053201275188933
Mixed,6,9,0.812039312039312,ok,0.00012493133544921875,0.003016232333006371,0.043601042935013545
Mixed,6,10,0.7997542997542998,warning,0.00043660402297973633,0.10554037555373244,0.26479581186966344
Mixed,6,11,0.7772317772317773,warning,0.000590980052947998,0.11085808979795922,0.2723394112263799
Mixed,6,12,0.7805077805077805,critical,0.0008849501609802246,0.10541319516107467,0.2825674797185129
Mixed,6,13,0.7751842751842751,critical,0.0006392002105712891,0.10705275894977748,0.2748915586925624
Mixed,6,14,0.7575757575757576,critical,9.697675704956055e-05,0.10769561243767979,0.2815938180490665
Mixed,6,15,0.7457002457002457,critical,0.0009157657623291016,0.12607374517713352,0.48474414037797703
Mixed,6,16,0.7129402129402129,critical,0.00018078088760375977,0.13651646819737961,0.4469130022652601
Mixed,6,17,0.696969696969697,critical,0.0004750490188598633,0.12923790137577576,0.4861220969774388
Mixed,6,18,0.6973791973791974,critical,0.0011819005012512207,0.14985131083577624,0.504240700309212
Mixed,6,19,0.6914893617021277,critical,0.000532984733581543,0.1359252666096093,0.4923724134184661
Mixed,7,1,0.8341523341523341,ok,0.0010231733322143555,0.0036520500189750954,0.06783010218087296
Mixed,7,2,0.8439803439803439,ok,0.0003249049186706543,0.002958310245108598,0.04223377900339212
Mixed,7,3,0.8427518427518428,ok,0.0005246996879577637,0.0032250356637194477,0.0487710580702762
Mixed,7,4,0.8488943488943489,warning,0.0011409521102905273,0.002923870412983279,0.09239830450558327
Mixed,7,5,0.8542178542178542,warning,0.0005400776863098145,0.002686296783936091,0.0398828715150722
Mixed,7,6,0.8296478296478297,warning,0.0006797909736633301,0.003641838241216942,0.0560784365535224
Mixed,7,7,0.8181818181818182,ok,0.0009295344352722168,0.0033663572018023244,0.06195676342388158
Mixed,7,8,0.8230958230958231,ok,0.00035458803176879883,0.0034806537320835797,0.04870168590078391
Mixed,7,9,0.8173628173628174,ok,0.0005064606666564941,0.0035634812731676338,0.04631359240607578
Mixed,7,10,0.7747747747747747,warning,0.0012343525886535645,0.06332590286359678,0.3926973024830448
Mixed,7,11,0.7682227682227682,warning,0.000966191291809082,0.058348697398515725,0.3661586160037254
Mixed,7,12,0.7588042588042588,critical,0.0011305809020996094,0.06778011389204593,0.3842032943530173
Mixed,7,13,0.7457002457002457,critical,0.0007708072662353516,0.06893747031286712,0.40657316140033817
Mixed,7,14,0.7276822276822277,critical,0.0019747018814086914,0.05769908495857398,0.4025247563660144
Mixed,7,15,0.699017199017199,critical,0.0037488341331481934,0.13903522431656223,0.6589671338268708
Mixed,7,16,0.6928746928746928,critical,0.0038698315620422363,0.13793644984762238,0.6373634407979251
Mixed,7,17,0.6875511875511876,critical,0.004248917102813721,0.1355818390130875,0.6723357327333914
Mixed,7,18,0.6793611793611793,critical,0.00501781702041626,0.13211346223311238,0.6879876541369654
Mixed,7,19,0.6837152209492635,critical,0.003248751163482666,0.13321960761756632,0.6696031815945721
Mixed,8,1,0.8513513513513513,ok,0.0005845427513122559,0.003337223584285012,0.04254801742145011
Mixed,8,2,0.8476658476658476,ok,0.0012240409851074219,0.0027082800984816946,0.07661759497156949
Mixed,8,3,0.8443898443898444,ok,0.0006290078163146973,0.004166438885402333,0.055923289283011726
Mixed,8,4,0.8456183456183456,ok,0.0012997984886169434,0.0030439905394684273,0.0820292470782971
Mixed,8,5,0.8546273546273546,ok,0.0008862614631652832,0.002869223198398525,0.058875963235629485
Mixed,8,6,0.8329238329238329,warning,0.0019500255584716797,0.0036318915047183938,0.11168105172884937
Mixed,8,7,0.8357903357903358,warning,0.0005115866661071777,0.0032652386811875974,0.0625334687888154
Mixed,8,8,0.8230958230958231,warning,0.000979006290435791,0.0035115372644916117,0.055773100978942794
Mixed,8,9,0.8136773136773137,ok,0.0007772445678710938,0.0031443498121666294,0.06956771759338828
Mixed,8,10,0.7886977886977887,warning,0.0022574663162231445,0.09258073350294384,0.5901509102219492
Mixed,8,11,0.7682227682227682,warning,0.001976191997528076,0.10045973127371147,0.5957370779287705
Mixed,8,12,0.76003276003276,critical,0.0015917420387268066,0.09709632904015805,0.6074638429029563
Mixed,8,13,0.766994266994267,critical,0.0024477243423461914,0.0945861291534641,0.5341442096708601
Mixed,8,14,0.7653562653562653,critical,0.0018727779388427734,0.10403299399187554,0.5484185788559633
Mixed,8,15,0.7268632268632269,critical,0.004848778247833252,0.10880713648431894,0.805679435055626
Mixed,8,16,0.6981981981981982,critical,0.006583690643310547,0.10692055579972473,0.834599560430429
Mixed,8,17,0.7051597051597052,critical,0.004981696605682373,0.10482410820235052,0.8478653254280137
Mixed,8,18,0.7002457002457002,critical,0.004659831523895264,0.10663340244161122,0.8321150302886772
Mixed,8,19,0.6943535188216039,critical,0.005371391773223877,0.11939366633675536,0.8360217084807685
Mixed,9,1,0.8493038493038493,ok,0.0009541511535644531,0.002901373257999114,0.0874445262417674
Mixed,9,2,0.8472563472563472,ok,7.659196853637695e-05,0.002622690252865242,0.04432380367004647
Mixed,9,3,0.8431613431613432,ok,0.00010091066360473633,0.003195908011691238,0.0474415154003524
Mixed,9,4,0.866912366912367,ok,0.00010347366333007812,0.0029612974272469825,0.0532591690142946
Mixed,9,5,0.8538083538083538,ok,0.00010675191879272461,0.002651321265218641,0.03231019515431311
Mixed,9,6,0.8464373464373465,warning,0.0002142786979675293,0.00370526561394814,0.0456736359980192
Mixed,9,7,0.8308763308763308,warning,6.097555160522461e-05,0.003948605965005044,0.07122603482029034
Mixed,9,8,0.8288288288288288,warning,0.0003382563591003418,0.002993601155856735,0.055590435466672056
Mixed,9,9,0.8124488124488124,warning,0.0005955696105957031,0.0034736014997996155,0.061402795691406255
Mixed,9,10,0.7919737919737919,warning,0.0005258321762084961,0.06464293482965223,0.3504454774411434
Mixed,9,11,0.7841932841932842,critical,0.00036591291427612305,0.06627136630476618,0.3495372237596664
Mixed,9,12,0.7719082719082719,critical,0.000488579273223877,0.0643490088709366,0.3159829246409979
Mixed,9,13,0.7706797706797707,critical,0.0008233785629272461,0.06646728590830535,0.34419472083380426
Mixed,9,14,0.7371007371007371,critical,0.00018393993377685547,0.06920993077402787,0.3624665072478295
Mixed,9,15,0.7194922194922195,critical,0.0009180307388305664,0.07596605338565701,0.5971649552901492
Mixed,9,16,0.7129402129402129,critical,0.0010092854499816895,0.06878138549534861,0.5749244207634444
Mixed,9,17,0.7022932022932022,critical,0.0007799267768859863,0.0814449231883381,0.5940239857874275
Mixed,9,18,0.6961506961506961,critical,0.0006975531578063965,0.06907376180127298,0.5505496428709203
Mixed,9,19,0.7025368248772504,critical,0.0009573101997375488,0.0834215880517509,0.5668378637533772
Mixed,10,1,0.8394758394758395,ok,0.00029718875885009766,0.002582086551791098,0.04909597877685721
Mixed,10,2,0.8427518427518428,ok,0.0006884932518005371,0.003212317024865666,0.061418322699844666
Mixed,10,3,0.8394758394758395,ok,0.0005085468292236328,0.003404152433793688,0.06683817540007865
Mixed,10,4,0.85995085995086,ok,0.0005944371223449707,0.0028490817765325993,0.04971946819695313
Mixed,10,5,0.8615888615888616,ok,0.0003796815872192383,0.003336884289586873,0.05096197724006735
Mixed,10,6,0.846027846027846,ok,0.0007094740867614746,0.0033072930621557313,0.057491155785953076
Mixed,10,7,0.8447993447993448,ok,0.00023221969604492188,0.0027858452178166106,0.0332775261540772
Mixed,10,8,0.8218673218673219,ok,0.000370025634765625,0.0031878848655585972,0.05731142364277118
Mixed,10,9,0.8132678132678133,warning,0.000917971134185791,0.0029719352848020424,0.0589531219536156
Mixed,10,10,0.8034398034398035,warning,0.001026153564453125,0.022599167152301387,0.20393525784398353
Mixed,10,11,0.7932022932022932,critical,0.0014487504959106445,0.027040486401334135,0.23184833392936793
Mixed,10,12,0.7723177723177723,critical,0.0012728571891784668,0.024543988562644073,0.20966179938994528
Mixed,10,13,0.7784602784602784,critical,0.0011597275733947754,0.019323037497523635,0.2565136458854524
Mixed,10,14,0.7624897624897625,critical,0.0011740326881408691,0.020747853018655636,0.2339252780537128
Mixed,10,15,0.721949221949222,critical,0.006898224353790283,0.06496444045169825,0.6109330570627972
Mixed,10,16,0.7145782145782146,critical,0.0053972601890563965,0.06039078379063702,0.5777071625263911
Mixed,10,17,0.7002457002457002,critical,0.005865871906280518,0.06468489550736263,0.6080266895131811
Mixed,10,18,0.678951678951679,critical,0.0066640377044677734,0.0654404373171272,0.6162211835867953
Mixed,10,19,0.7078559738134206,critical,0.0060610175132751465,0.06359121841325358,0.5448138888169415
Mixed,11,1,0.8402948402948403,ok,0.0001965165138244629,0.002328459523720347,0.03775543333252436
Mixed,11,2,0.8447993447993448,ok,0.00035840272903442383,0.003009409028604835,0.050434290326370555
Mixed,11,3,0.8513513513513513,ok,9.423494338989258e-05,0.003643372183434253,0.030621228438426795
Mixed,11,4,0.8497133497133497,ok,0.00019061565399169922,0.003413392257002551,0.03801739105575678
Mixed,11,5,0.852989352989353,ok,0.00020945072174072266,0.002902524761651845,0.03923412024735317
Mixed,11,6,0.8480753480753481,warning,0.00030487775802612305,0.0023042984792285342,0.050026862011823124
Mixed,11,7,0.8361998361998362,warning,0.0003624558448791504,0.0033176886630400704,0.04804194720448997
Mixed,11,8,0.8198198198198198,warning,0.00031107664108276367,0.0026615740231895803,0.04002396863860244
Mixed,11,9,0.8251433251433251,warning,0.0007359981536865234,0.0029407070532800382,0.07385376160987243
Mixed,11,10,0.7866502866502867,warning,0.0009782910346984863,0.03970485998970667,0.2823052652746825
Mixed,11,11,0.7956592956592956,critical,0.0008823275566101074,0.04843868274290846,0.2952687625800805
Mixed,11,12,0.7805077805077805,critical,0.0009641647338867188,0.04988661568124741,0.2812492687081236
Mixed,11,13,0.7612612612612613,critical,0.0008854866027832031,0.043779636880245026,0.30299921498630494
Mixed,11,14,0.7694512694512694,critical,0.001092374324798584,0.040328111625965085,0.2657597621696021
Mixed,11,15,0.7301392301392301,critical,0.001871645450592041,0.13058584530656764,0.6105070575675299
Mixed,11,16,0.7084357084357085,critical,0.0012462139129638672,0.1398023920003656,0.6289638213979777
Mixed,11,17,0.726044226044226,critical,0.0010827183723449707,0.12980472612027377,0.632779904308269
Mixed,11,18,0.7010647010647011,critical,0.0014414191246032715,0.12849637359915608,0.5775014156190392
Mixed,11,19,0.6857610474631751,critical,0.0012760162353515625,0.1488383199108675,0.6645932163562305
Mixed,12,1,0.8513513513513513,ok,0.00016313791275024414,0.0031694243869152482,0.04284354946001849
Mixed,12,2,0.8480753480753481,ok,0.00025516748428344727,0.004400101342464609,0.038753513701376086
Mixed,12,3,0.8435708435708436,ok,0.00010412931442260742,0.0032867792357884184,0.04139595736067903
Mixed,12,4,0.8521703521703522,warning,0.00041478872299194336,0.0037633203093055904,0.0573828236723856
Mixed,12,5,0.8517608517608518,warning,0.00014036893844604492,0.0031272926681374705,0.04521729530643659
Mixed,12,6,0.8247338247338247,warning,0.0004125237464904785,0.003932959382662086,0.04768800491926306
Mixed,12,7,0.8366093366093366,warning,0.0004456639289855957,0.0028508948717392334,0.05907919925136405
Mixed,12,8,0.8243243243243243,warning,0.0002123117446899414,0.0037545366950459446,0.04849431811196708
Mixed,12,9,0.8157248157248157,warning,0.0003313422203063965,0.0027848348731252916,0.05680234172727751
Mixed,12,10,0.7821457821457821,warning,0.0015198588371276855,0.08041548393768261,0.26267257024244
Mixed,12,11,0.764946764946765,warning,0.0008143186569213867,0.07721982768368968,0.24115216383046145
Mixed,12,12,0.7665847665847666,critical,0.0009142756462097168,0.08316990166352074,0.2599132736875671
Mixed,12,13,0.7510237510237511,critical,0.0013295412063598633,0.08193436819487479,0.2317811902452627
Mixed,12,14,0.7448812448812449,critical,0.0009000897407531738,0.07793342882856683,0.2503479857578709
Mixed,12,15,0.7104832104832105,critical,0.0013279318809509277,0.09556840693546143,0.5409762338986824
Mixed,12,16,0.6744471744471745,critical,0.001477062702178955,0.09198360583169081,0.5681093950153628
Mixed,12,17,0.6822276822276823,critical,0.0011811256408691406,0.09152421903921751,0.5450999601800844
Mixed,12,18,0.674037674037674,critical,0.001833498477935791,0.08997208057567851,0.5182824230961904
Mixed,12,19,0.6640752864157119,critical,0.0014339685440063477,0.09119098892840047,0.5540015414767473
Mixed,13,1,0.8345618345618345,ok,0.00034940242767333984,0.004013505665610784,0.05580153312960475
Mixed,13,2,0.8435708435708436,ok,0.00021219253540039062,0.0028126836282730133,0.04392467194430747
Mixed,13,3,0.8472563472563472,ok,0.00026667118072509766,0.0031388893257437043,0.052114836283636036
Mixed,13,4,0.8497133497133497,warning,0.0008828639984130859,0.0028559842573268102,0.0821869185752708
Mixed,13,5,0.855036855036855,warning,0.0004717111587524414,0.003599420066471437,0.049978850007155025
Mixed,13,6,0.834971334971335,warning,0.00033408403396606445,0.0037415956556617978,0.04510450488017233
Mixed,13,7,0.8345618345618345,ok,0.0001932382583618164,0.0024230385955365348,0.0407563260457815
Mixed,13,8,0.8284193284193284,ok,0.00036156177520751953,0.003662167258947117,0.05628416839419552
Mixed,13,9,0.8108108108108109,ok,0.0004004240036010742,0.0032076094559504043,0.05280457043352505
Mixed,13,10,0.7985257985257985,warning,0.0018674731254577637,0.045570169080612045,0.21671321480993577
Mixed,13,11,0.7731367731367731,warning,0.0022578835487365723,0.042568927124070996,0.21982387421286745
Mixed,13,12,0.7792792792792793,critical,0.0005412697792053223,0.042386603429899014,0.20242507903907034
Mixed,13,13,0.7743652743652744,critical,0.0015295743942260742,0.042927197387342145,0.23434027848163821
Mixed,13,14,0.7502047502047502,critical,0.0008649230003356934,0.04413749116490471,0.2024749115529054
Mixed,13,15,0.7497952497952498,critical,0.0024254918098449707,0.14249380682891688,0.46225626427387256
Mixed,13,16,0.737919737919738,critical,0.0027347803115844727,0.1316080564249539,0.47415928834573556
Mixed,13,17,0.6932841932841933,critical,0.0030727386474609375,0.12378307344195728,0.4956031595388226
Mixed,13,18,0.7215397215397216,critical,0.0020816922187805176,0.12405304614642207,0.44152361142042335
Mixed,13,19,0.7054009819967266,critical,0.0025706887245178223,0.11878106416375517,0.45233028603044734
Mixed,14,1,0.8505323505323505,ok,0.00047266483306884766,0.003551777984964228,0.044629114189815515
Mixed,14,2,0.8501228501228502,ok,0.0002849698066711426,0.0029181295035346647,0.03961583617579103
Mixed,14,3,0.8366093366093366,ok,0.0003339052200317383,0.0025479040639177124,0.054936414899177305
Mixed,14,4,0.8546273546273546,ok,0.00017511844635009766,0.002775693282781191,0.039016420827884105
Mixed,14,5,0.8402948402948403,ok,0.00010788440704345703,0.002936139363235284,0.028222360186563954
Mixed,14,6,0.8366093366093366,ok,7.456541061401367e-05,0.0028480378192668404,0.042504282390590474
Mixed,14,7,0.8505323505323505,ok,0.00020635128021240234,0.002554373141805391,0.04680354986487591
Mixed,14,8,0.8198198198198198,ok,0.0003083944320678711,0.002272519170684442,0.04786043467422644
Mixed,14,9,0.8022113022113022,ok,0.00020927190780639648,0.003192319361755646,0.0429996826394712
Mixed,14,10,0.7911547911547911,warning,0.0006242990493774414,0.03815899450009472,0.2344433440586018
Mixed,14,11,0.7825552825552825,warning,0.0004317760467529297,0.03858189952306954,0.23093504099225198
Mixed,14,12,0.7612612612612613,critical,0.0008180141448974609,0.04035922602148191,0.24436045484129906
Mixed,14,13,0.7588042588042588,critical,0.001021742820739746,0.036259452944425216,0.24117062790742885
Mixed,14,14,0.7461097461097461,critical,0.0006132721900939941,0.040944988653455555,0.2517025359107581
Mixed,14,15,0.723996723996724,critical,0.0009335875511169434,0.08615420226297087,0.44904623733800836
Mixed,14,16,0.7280917280917281,critical,0.0014212727546691895,0.09412826599250479,0.4667505387517355
Mixed,14,17,0.7215397215397216,critical,0.0007026195526123047,0.08372837002546497,0.44940498495422676
Mixed,14,18,0.7043407043407044,critical,0.0008953213691711426,0.08911772579254511,0.393566545236137
Mixed,14,19,0.7025368248772504,critical,0.0012797117233276367,0.08578178599233321,0.42993840087239477
Mixed,15,1,0.8603603603603603,ok,0.00016230344772338867,0.003299332428808946,0.053372881955685125
Mixed,15,2,0.8427518427518428,ok,0.00017827749252319336,0.0023486188618125348,0.03506492522227089
Mixed,15,3,0.8345618345618345,ok,0.00018042325973510742,0.003409307195632796,0.034993747680964485
Mixed,15,4,0.8558558558558559,warning,0.0005410313606262207,0.0023740936485943664,0.06065317183232622
Mixed,15,5,0.8546273546273546,warning,0.0002486705780029297,0.002666642895900801,0.03500613132697635
Mixed,15,6,0.8370188370188371,warning,0.00010603666305541992,0.0032559355363630657,0.02956677724718698
Mixed,15,7,0.8235053235053235,ok,0.0003342628479003906,0.0023705238450305657,0.03766901867056493
Mixed,15,8,0.8194103194103194,warning,0.0005481839179992676,0.0029508116296982296,0.05195820329437758
Mixed,15,9,0.8018018018018018,warning,0.0002390742301940918,0.004284946840554441,0.04315686190461193
Mixed,15,10,0.7923832923832924,warning,0.0010769367218017578,0.08055797175810767,0.34703390365416653
Mixed,15,11,0.7723177723177723,critical,0.0008592009544372559,0.08645595644851398,0.3558683874588295
Mixed,15,12,0.7457002457002457,critical,0.0006873607635498047,0.09296044611353596,0.3930246702485933
Mixed,15,13,0.7375102375102375,critical,0.0005865097045898438,0.09101426518930389,0.35738640730364113
Mixed,15,14,0.733005733005733,critical,0.0010480284690856934,0.0882097795572212,0.35878641063841915
Mixed,15,15,0.7084357084357085,critical,0.0008766651153564453,0.1624827658060225,0.6400901678012288
Mixed,15,16,0.6838656838656839,critical,0.0007780194282531738,0.15303866932604637,0.6223225154299875
Mixed,15,17,0.687960687960688,critical,0.0007532238960266113,0.15945580636826917,0.6302018396719153
Mixed,15,18,0.6674856674856675,critical,0.0006174445152282715,0.15795051883746763,0.6134155558776387
Mixed,15,19,0.6636661211129297,critical,0.0006632804870605469,0.15098746948520114,0.5932535055435525
Mixed,16,1,0.855036855036855,ok,0.0003935694694519043,0.002865800357903801,0.04214254824140409
Mixed,16,2,0.8439803439803439,ok,0.00012040138244628906,0.002330690322193256,0.03307407376158869
Mixed,16,3,0.8447993447993448,ok,0.00020831823348999023,0.002900719604980238,0.06479336607367575
Mixed,16,4,0.8542178542178542,warning,0.00010883808135986328,0.004009373901849746,0.04431174972002015
Mixed,16,5,0.8439803439803439,warning,0.0009669065475463867,0.0029181329320165923,0.057219195701269605
Mixed,16,6,0.8452088452088452,warning,0.00024259090423583984,0.002818455184633137,0.0500238175776308
Mixed,16,7,0.8370188370188371,warning,0.00010836124420166016,0.0027427441141275274,0.047947573523831555
Mixed,16,8,0.8296478296478297,warning,0.0008133053779602051,0.0023547470944324887,0.07079071696789711
Mixed,16,9,0.8063063063063063,warning,0.00010538101196289062,0.0022603642308843498,0.0402797991492013
Mixed,16,10,0.7878787878787878,warning,0.0007516741752624512,0.06784108666787662,0.30786272683341276
Mixed,16,11,0.7755937755937756,warning,0.0009221434593200684,0.06539852537707136,0.29051814548083255
Mixed,16,12,0.769041769041769,critical,0.001278996467590332,0.0643641211031423,0.29721923143434437
Mixed,16,13,0.762080262080262,critical,0.0010473132133483887,0.06358796164759539,0.28292317616978374
Mixed,16,14,0.7461097461097461,critical,0.0012674927711486816,0.06786867524435818,0.30385544638140954
Mixed,16,15,0.7280917280917281,critical,0.00041109323501586914,0.08135346884188996,0.506673776603863
Mixed,16,16,0.7244062244062244,critical,0.00028759241104125977,0.08041758441023972,0.4913529968073919
Mixed,16,17,0.7092547092547092,critical,0.000349581241607666,0.08020397009350144,0.5000109434004383
Mixed,16,18,0.7096642096642096,critical,0.0003768801689147949,0.08984847149848169,0.5241054884373028
Mixed,16,19,0.7029459901800328,critical,0.00032830238342285156,0.08066522960023689,0.5268448020837805
Mixed,17,1,0.8456183456183456,ok,0.00022369623184204102,0.003588871351351083,0.034595651393809664
Mixed,17,2,0.8595413595413596,ok,0.00046813488006591797,0.0027653459258454322,0.06018309445897646
Mixed,17,3,0.834971334971335,ok,0.0005048513412475586,0.0030444069184692186,0.055676775600800844
Mixed,17,4,0.8501228501228502,ok,0.000431060791015625,0.0032155285653008934,0.04712510283465847
Mixed,17,5,0.8402948402948403,ok,0.00016075372695922852,0.0032225788014259744,0.049761130658045466
Mixed,17,6,0.8329238329238329,ok,0.00012606382369995117,0.0028166998658821943,0.037055368691585176
Mixed,17,7,0.825962325962326,warning,0.00018602609634399414,0.0042107655881239645,0.04040242465679042
Mixed,17,8,0.8128583128583129,warning,0.00030225515365600586,0.003108632816006327,0.044917728608500136
Mixed,17,9,0.8091728091728092,warning,0.0003527998924255371,0.003356516474691631,0.046869719490816204
Mixed,17,10,0.7841932841932842,warning,0.00046575069427490234,0.09839943724823624,0.5528898162271596
Mixed,17,11,0.7612612612612613,warning,0.0005624890327453613,0.0846546414794723,0.5307623141510388
Mixed,17,12,0.757985257985258,critical,0.0004830360412597656,0.08994965786270123,0.5266373690952266
Mixed,17,13,0.7452907452907452,critical,0.0012551546096801758,0.08990339628237694,0.5194352382151249
Mixed,17,14,0.730958230958231,critical,0.0006975531578063965,0.09775149725763949,0.549953766134318
Mixed,17,15,0.6949221949221949,critical,0.0007483363151550293,0.17393146659554753,0.9396242465704993
Mixed,17,16,0.6908271908271908,critical,0.0010497570037841797,0.17099171730589552,0.9477293696779602
Mixed,17,17,0.6924651924651924,critical,0.0010665655136108398,0.1634516043722638,0.9450150410472424
Mixed,17,18,0.683046683046683,critical,0.0010275840759277344,0.16692251062881647,0.923179133042745
Mixed,17,19,0.6505728314238952,critical,0.001753389835357666,0.16609066094078914,0.9600336754447674
Mixed,18,1,0.8648648648648649,ok,0.00018709897994995117,0.002538175527384049,0.042472600787961945
Mixed,18,2,0.8488943488943489,ok,0.0003370046615600586,0.0033519280694512877,0.06654107345483226
Mixed,18,3,0.8480753480753481,ok,0.00013059377670288086,0.0032817179642589183,0.05821604677027873
Mixed,18,4,0.8538083538083538,ok,0.0005442500114440918,0.003153217471674282,0.05796326977628136
Mixed,18,5,0.855036855036855,ok,0.00015407800674438477,0.0032320539403286495,0.0491922204111225
Mixed,18,6,0.8443898443898444,ok,0.0003668069839477539,0.003473626800188462,0.050400136459915715
Mixed,18,7,0.8308763308763308,ok,0.0004132986068725586,0.0033583736063399153,0.05228371237977472
Mixed,18,8,0.823914823914824,ok,0.00010448694229125977,0.003626962650260957,0.056427259341490225
Mixed,18,9,0.8235053235053235,ok,0.0001360774040222168,0.002902633503204315,0.03768207656370621
Mixed,18,10,0.7915642915642915,warning,0.00047451257705688477,0.056814870484492026,0.28837108136450085
Mixed,18,11,0.7940212940212941,warning,0.0006964206695556641,0.0690514175287201,0.30479224655560977
Mixed,18,12,0.7784602784602784,critical,0.0007156133651733398,0.05917777554389535,0.31988965026380417
Mixed,18,13,0.785012285012285,critical,0.0005300045013427734,0.06702329978551849,0.30119057752812334
Mixed,18,14,0.7588042588042588,critical,0.0005614757537841797,0.06419468183746321,0.32562030114829976
Mixed,18,15,0.7407862407862408,critical,0.0021849870681762695,0.2010320069124746,0.6004041089623131
Mixed,18,16,0.7334152334152334,critical,0.0017298460006713867,0.19612317334407325,0.590165481360746
Mixed,18,17,0.7321867321867321,critical,0.0019184350967407227,0.18850416862834682,0.5863691811960406
Mixed,18,18,0.7145782145782146,critical,0.002399444580078125,0.2035996278118817,0.6058249409952973
Mixed,18,19,0.6959901800327333,critical,0.0035332441329956055,0.20034831779287054,0.6139013935168351
Mixed,19,1,0.8480753480753481,ok,0.00023740530014038086,0.0028743472860043124,0.033300749534495244
Mixed,19,2,0.8587223587223587,ok,0.0005998015403747559,0.0032912829934254985,0.07368497290950952
Mixed,19,3,0.8415233415233415,ok,0.00011175870895385742,0.002744593932529887,0.029643640336222073
Mixed,19,4,0.8456183456183456,ok,0.0002543330192565918,0.0033833425401612535,0.03693837877118876
Mixed,19,5,0.8443898443898444,ok,0.00033205747604370117,0.003165605290642329,0.03443677418496856
Mixed,19,6,0.8374283374283374,ok,8.058547973632812e-05,0.0029235082500951868,0.03990496743232213
Mixed,19,7,0.8214578214578214,ok,0.00024086236953735352,0.003281149484272599,0.047739066568471766
Mixed,19,8,0.819000819000819,ok,0.00015527009963989258,0.002853401899295427,0.027564919548882218
Mixed,19,9,0.812039312039312,ok,0.00012087821960449219,0.002865663560677711,0.03580855406186687
Mixed,19,10,0.7960687960687961,warning,0.0007135868072509766,0.044538720161704,0.3009005716976494
Mixed,19,11,0.7788697788697788,warning,0.000822603702545166,0.046198712296589624,0.30314915152399396
Mixed,19,12,0.7825552825552825,critical,0.0010859966278076172,0.04631506896717902,0.28989204183285894
Mixed,19,13,0.7674037674037674,critical,0.0018964409828186035,0.04930899374190373,0.2711562206850915
Mixed,19,14,0.7547092547092548,critical,0.0006965398788452148,0.04598947851744591,0.3064804955583322
Mixed,19,15,0.7362817362817363,critical,0.002760171890258789,0.08192815390197475,0.5014936366948652
Mixed,19,16,0.7358722358722358,critical,0.0027831196784973145,0.0863051264743612,0.4672215059367545
Mixed,19,17,0.7141687141687142,critical,0.0029747486114501953,0.09202730327323225,0.5024095377324539
Mixed,19,18,0.7178542178542179,critical,0.0033777952194213867,0.08461617543690653,0.503450611419747
Mixed,19,19,0.7000818330605565,critical,0.002004563808441162,0.08595105843739734,0.4829637356089371
Mixed,20,1,0.8427518427518428,ok,0.00025719404220581055,0.002489743807402569,0.060060336450564904
Mixed,20,2,0.8505323505323505,ok,0.0002276897430419922,0.0033389741290565677,0.03183310331323282
Mixed,20,3,0.8292383292383292,ok,0.00023406744003295898,0.003871715172186901,0.052606933181007065
Mixed,20,4,0.8587223587223587,ok,9.107589721679688e-05,0.0030762320170999043,0.03957069649633376
Mixed,20,5,0.8456183456183456,ok,0.00011527538299560547,0.003451469409344435,0.043298576622103055
Mixed,20,6,0.8517608517608518,ok,0.00016391277313232422,0.0031749416818368627,0.02942376567339139
Mixed,20,7,0.8181818181818182,ok,9.47713851928711e-05,0.0032411956845460393,0.031875913592464375
Mixed,20,8,0.8153153153153153,ok,0.00012665987014770508,0.0020252489085261,0.04016792444080521
Mixed,20,9,0.8022113022113022,warning,0.0009581446647644043,0.003269280148706608,0.09352282932627697
Mixed,20,10,0.7817362817362817,warning,0.00017660856246948242,0.034193133399329716,0.24607631968025684
Mixed,20,11,0.7567567567567568,critical,0.0003934502601623535,0.044469616951379715,0.2521645257458612
Mixed,20,12,0.7497952497952498,critical,0.00021594762802124023,0.031959802577567496,0.24262985688387562
Mixed,20,13,0.742014742014742,critical,0.00023436546325683594,0.02933404075455407,0.24942802712598736
Mixed,20,14,0.7403767403767404,critical,0.0001277923583984375,0.03352927801311108,0.2234978260485455
Mixed,20,15,0.7166257166257166,critical,0.0016679763793945312,0.061128014625207616,0.39566283596456797
Mixed,20,16,0.6986076986076986,critical,0.0032625198364257812,0.06906341167795935,0.3948409534561334
Mixed,20,17,0.7076167076167076,critical,0.0028541088104248047,0.06042505967981886,0.35408476628571456
Mixed,20,18,0.6752661752661753,critical,0.0030841827392578125,0.06855878537494231,0.41184984807093683
Mixed,20,19,0.6771685761047463,critical,0.002379298210144043,0.060704653874271416,0.3824328235792033
Mixed,21,1,0.8497133497133497,ok,0.0002467632293701172,0.0031467624736273942,0.029031083938141005
Mixed,21,2,0.8505323505323505,ok,0.00021839141845703125,0.002859274442745135,0.0434030766151084
Mixed,21,3,0.8431613431613432,ok,0.00027489662170410156,0.002960504932493944,0.03784698522916907
Mixed,21,4,0.8505323505323505,warning,0.00042045116424560547,0.003889153976273983,0.04310499859690043
Mixed,21,5,0.8562653562653563,warning,0.0003859400749206543,0.0028614604856047905,0.0457091270387249
Mixed,21,6,0.8382473382473382,warning,0.0005384683609008789,0.0028090793994518725,0.04890157900202212
Mixed,21,7,0.8296478296478297,warning,0.00017714500427246094,0.004354350143335405,0.027225133417631678
Mixed,21,8,0.828009828009828,warning,0.0003770589828491211,0.002667324270379308,0.053928127949107764
Mixed,21,9,0.8128583128583129,warning,0.0012400150299072266,0.00315971252905772,0.06975431720012587
Mixed,21,10,0.7796887796887797,critical,0.0017057061195373535,0.018486937458234286,0.17844544325629705
Mixed,21,11,0.773955773955774,critical,0.0017601847648620605,0.020717930821381236,0.14754593494652563
Mixed,21,12,0.7678132678132679,critical,0.002525806427001953,0.024363655667309844,0.21557897305408572
Mixed,21,13,0.7583947583947583,critical,0.0017920732498168945,0.019372031461613697,0.17741939422741598
Mixed,21,14,0.757985257985258,critical,0.0018919110298156738,0.021791045031392398,0.15687771855218885
Mixed,21,15,0.7174447174447175,critical,0.009114205837249756,0.05612423804802385,0.3706164798353411
Mixed,21,16,0.7194922194922195,critical,0.00955873727798462,0.06130251558149182,0.3946796409161434
Mixed,21,17,0.6949221949221949,critical,0.007518351078033447,0.0586504134190912,0.3761286795805578
Mixed,21,18,0.6818181818181818,critical,0.009084761142730713,0.06161582159722913,0.38104528723243414
Mixed,21,19,0.6943535188216039,critical,0.007245182991027832,0.05657955111573558,0.3583632807572739
Mixed,22,1,0.8579033579033579,ok,0.0002250075340270996,0.0030709084832811536,0.05130767855235665
Mixed,22,2,0.8751023751023751,ok,0.00027179718017578125,0.0030963637552410407,0.04204723390985706
Mixed,22,3,0.8542178542178542,ok,4.5359134674072266e-05,0.0030137897560454123,0.04111484092016961
Mixed,22,4,0.8685503685503686,ok,0.00041419267654418945,0.0028170771944966916,0.03695111353663318
Mixed,22,5,0.8538083538083538,ok,5.537271499633789e-05,0.0032691699468947273,0.049367020001626745
Mixed,22,6,0.8427518427518428,warning,0.00011420249938964844,0.0036812461297653903,0.04193055088708846
Mixed,22,7,0.8177723177723177,warning,0.0005752444267272949,0.004071263054334968,0.06962566116914749
Mixed,22,8,0.8214578214578214,critical,0.0003472566604614258,0.0034964254923960346,0.05835361790372881
Mixed,22,9,0.8087633087633087,warning,0.00010848045349121094,0.0031778517732082012,0.03501643324621709
Mixed,22,10,0.7899262899262899,warning,0.000377655029296875,0.06352627284039661,0.23905384156616427
Mixed,22,11,0.7817362817362817,warning,0.0010638236999511719,0.07607499752457232,0.2657083941870486
Mixed,22,12,0.7694512694512694,critical,0.0010936856269836426,0.060966957120870566,0.2239108493053236
Mixed,22,13,0.762080262080262,critical,0.0006649494171142578,0.07011771131084221,0.26051361569609643
Mixed,22,14,0.7497952497952498,critical,0.0009421706199645996,0.05999791569804913,0.23422586733689993
Mixed,22,15,0.7280917280917281,critical,0.001439809799194336,0.08716199811679076,0.4164613550849359
Mixed,22,16,0.7186732186732187,critical,0.000708460807800293,0.07647436721797933,0.3840106401399325
Mixed,22,17,0.7088452088452089,critical,0.0011189579963684082,0.08347117862101919,0.3832830875717331
Mixed,22,18,0.6932841932841933,critical,0.0006178617477416992,0.08003544950671995,0.3804507085811292
Mixed,22,19,0.6796235679214403,critical,0.000494539737701416,0.08801695841496848,0.4501650639431671
Mixed,23,1,0.8419328419328419,ok,0.00047069787979125977,0.0028586617671396038,0.05909040218171861
Mixed,23,2,0.8484848484848485,ok,0.00037425756454467773,0.003214179952146917,0.054024559554753
Mixed,23,3,0.8411138411138411,ok,0.0003924369812011719,0.003461315538071403,0.051669646431306594
Mixed,23,4,0.8579033579033579,warning,8.815526962280273e-05,0.005148221070673421,0.03253766160566447
Mixed,23,5,0.8546273546273546,warning,0.0002135634422302246,0.002777290956190883,0.04607221651633785
Mixed,23,6,0.8337428337428338,warning,0.00032585859298706055,0.002578575426673076,0.05165162524109266
Mixed,23,7,0.8419328419328419,ok,0.00038307905197143555,0.0032665499097845286,0.04054091910973551
Mixed,23,8,0.8128583128583129,ok,0.00031369924545288086,0.0032836478709839805,0.042481109839035046
Mixed,23,9,0.819000819000819,ok,0.0003523826599121094,0.003021592137980666,0.03449253638005719
Mixed,23,10,0.7866502866502867,warning,0.0001289844512939453,0.09948429855490024,0.4352392120793387
Mixed,23,11,0.7784602784602784,warning,0.000443875789642334,0.0913441080128232,0.43115722690803693
Mixed,23,12,0.7583947583947583,critical,0.0004832744598388672,0.09022381612490966,0.39902265260749176
Mixed,23,13,0.7403767403767404,critical,0.00025725364685058594,0.0990656401912129,0.4513979835113389
Mixed,23,14,0.7317772317772318,critical,0.000395357608795166,0.0948079552206007,0.4304224436871085
Mixed,23,15,0.6977886977886978,critical,0.011389732360839844,0.12741186751158778,0.8518612955813533
Mixed,23,16,0.6908271908271908,critical,0.00831913948059082,0.12116303926379089,0.7806422089416136
Mixed,23,17,0.6965601965601965,critical,0.006911873817443848,0.11678109738823642,0.740234421411981
Mixed,23,18,0.6711711711711712,critical,0.010760962963104248,0.1270723471494427,0.8091026146330292
Mixed,23,19,0.6599836333878887,critical,0.01209557056427002,0.12400047691744662,0.8102122056964928
Mixed,24,1,0.8587223587223587,ok,0.000989377498626709,0.004126659883092432,0.07222263366106005
Mixed,24,2,0.8628173628173628,ok,0.0016205310821533203,0.003362456525437447,0.07840832443808701
Mixed,24,3,0.8480753480753481,ok,0.0009707212448120117,0.0031518224772017454,0.059681808592768414
Mixed,24,4,0.852989352989353,ok,0.0002828836441040039,0.0029692414060147896,0.03250379288106864
Mixed,24,5,0.8411138411138411,ok,5.632638931274414e-05,0.003447810144663324,0.04675855784703947
Mixed,24,6,0.8353808353808354,ok,0.0002713799476623535,0.0026121296625337756,0.04967835024364383
Mixed,24,7,0.8308763308763308,ok,0.00024169683456420898,0.0028798231704516954,0.03087682129277144
Mixed,24,8,0.8153153153153153,ok,0.00022751092910766602,0.00308245153910678,0.03296970592417906
Mixed,24,9,0.8165438165438166,ok,0.0005438923835754395,0.002990428498797752,0.04239288834362231
Mixed,24,10,0.7972972972972973,warning,0.0009252429008483887,0.020058861164574,0.1744178115945335
Mixed,24,11,0.7956592956592956,warning,0.0017368197441101074,0.017088083635111734,0.16993360358900958
Mixed,24,12,0.7702702702702703,critical,0.0007187724113464355,0.01652569498316114,0.14698481774020536
Mixed,24,13,0.7592137592137592,critical,0.0005271434783935547,0.01728562557199608,0.15614288301294793
Mixed,24,14,0.7547092547092548,critical,0.0012221932411193848,0.020998241335015475,0.1684072140169869
Mixed,24,15,0.7248157248157249,critical,0.0009788274765014648,0.033730734030669784,0.34902795430796824
Mixed,24,16,0.7366912366912367,critical,0.0012221932411193848,0.0329300493983087,0.3515367035770925
Mixed,24,17,0.7194922194922195,critical,0.0012445449829101562,0.03267607184265512,0.35992337345825637
Mixed,24,18,0.7227682227682227,critical,0.0009045600891113281,0.030960645691555096,0.3252139578646439
Mixed,24,19,0.7086743044189853,critical,0.0010780096054077148,0.029764516872643428,0.33086552807563746
Natural (Electricity),0,1,0.7871964679911699,ok,0.013608396053314209,0.36535104602560864,2.513634154532479
Natural (Electricity),0,2,0.6834437086092715,ok,0.07555210590362549,0.3703099319084533,2.808089092166305
Natural (Electricity),0,3,0.7448123620309051,ok,0.17350167036056519,0.40840659523302325,3.0351144126756737
Natural (Electricity),0,4,0.6088300220750552,warning,0.2508901357650757,0.42064850606928483,3.5848623574173764
Natural (Electricity),0,5,0.5598233995584989,warning,0.3267432451248169,0.4453115752088691,4.006348663917795
Natural (Electricity),0,6,0.7774834437086092,warning,0.05985218286514282,0.352359560919011,2.6737609327592935
Natural (Electricity),0,7,0.6909492273730684,warning,0.13701122999191284,0.3763027173166763,2.9840120135386083
Natural (Electricity),0,8,0.7836644591611479,warning,0.0015757083892822266,0.34252261135826195,3.686898874130335
Natural (Electricity),0,9,0.7858719646799117,warning,0.0073479413986206055,0.3812176855680649,5.135254288984823
Natural (Electricity),0,10,0.6737306843267108,critical,0.014152169227600098,0.3760121584498315,5.489238244838494
Natural (Electricity),0,11,0.7695364238410596,warning,0.0027270913124084473,0.3361251495373203,4.170817215231743
Natural (Electricity),0,12,0.6759381898454746,critical,0.014033198356628418,0.37876870924041933,5.532878231911901
Natural (Electricity),0,13,0.6406181015452539,critical,0.016370534896850586,0.4031755357160576,6.142252977733825
Natural (Electricity),0,14,0.6317880794701987,critical,0.01592773199081421,0.38790976753518014,6.06038453695426
Natural (Electricity),0,15,0.7249448123620309,critical,0.010471880435943604,0.3703905751355986,4.900061724130291
Natural (Electricity),0,16,0.7236203090507727,warning,0.0025199055671691895,0.3518354040065195,2.351263678425545
Natural (Electricity),0,17,0.6865342163355408,warning,0.15856128931045532,0.3968498308368821,3.003736096712818
Natural (Electricity),0,18,0.7955849889624724,ok,0.0325695276260376,0.36266961612513304,2.5564345477265062
Natural (Electricity),0,19,0.7707509881422925,ok,0.004613697528839111,0.3182607818468467,2.333980236595406
Natural (Electricity),1,1,0.7832229580573952,ok,0.01698833703994751,0.3875323356687298,2.5918325085389258
Natural (Electricity),1,2,0.6777041942604857,ok,0.08361929655075073,0.386476028207295,2.869896548487159
Natural (Electricity),1,3,0.7196467991169978,ok,0.1912214159965515,0.41827057966372866,2.9972107183729926
Natural (Electricity),1,4,0.5924944812362031,ok,0.25904983282089233,0.4194103447681292,3.3600648339656356
Natural (Electricity),1,5,0.5580573951434878,warning,0.3225724697113037,0.4335649852917145,3.7015997131466114
Natural (Electricity),1,6,0.7735099337748345,warning,0.06748020648956299,0.38302394264911294,2.7471092573466773
Natural (Electricity),1,7,0.6622516556291391,warning,0.1491677165031433,0.3944656465118412,3.0671582318175274
Natural (Electricity),1,8,0.7836644591611479,warning,0.0018239617347717285,0.3972401681432788,3.6686003746362568
Natural (Electricity),1,9,0.7845474613686534,warning,0.00593256950378418,0.43993665336379695,5.089828284184045
Natural (Electricity),1,10,0.6724061810154526,critical,0.012037158012390137,0.4477574491984831,5.4110967369610865
Natural (Electricity),1,11,0.7713024282560706,critical,0.002246260643005371,0.4188848878019932,4.11861744074297
Natural (Electricity),1,12,0.6777041942604857,critical,0.011925935745239258,0.44696826059191475,5.435966647893889
Natural (Electricity),1,13,0.6423841059602649,critical,0.013783097267150879,0.47617121424513,6.037363638243716
Natural (Electricity),1,14,0.6317880794701987,critical,0.013675689697265625,0.46333807074080263,5.9739597365837325
Natural (Electricity),1,15,0.7249448123620309,critical,0.008703827857971191,0.43107373784371605,4.8346883975882715
Natural (Electricity),1,16,0.7249448123620309,warning,0.003969013690948486,0.3769717652631493,2.4077676348740784
Natural (Electricity),1,17,0.6816777041942604,warning,0.1588948369026184,0.3937369298225978,2.9996025893474347
Natural (Electricity),1,18,0.7933774834437086,ok,0.03687024116516113,0.38716208058480306,2.629028664717542
Natural (Electricity),1,19,0.7663592446201142,ok,0.007084250450134277,0.37105953312736917,2.399320710618708
Natural (Electricity),2,1,0.7863134657836645,ok,0.01904970407485962,0.39708602767741885,2.551371490604205
Natural (Electricity),2,2,0.6865342163355408,ok,0.08823716640472412,0.3867177069556429,2.7756392607272136
Natural (Electricity),2,3,0.7333333333333333,ok,0.18853747844696045,0.40483201936385327,2.8368764292234947
Natural (Electricity),2,4,0.6207505518763797,warning,0.2687545418739319,0.42452347563378645,3.2993995867207264
Natural (Electricity),2,5,0.5748344370860927,warning,0.3484628200531006,0.4297656842246441,3.6851878414951553
Natural (Electricity),2,6,0.7660044150110376,warning,0.06499743461608887,0.35985648260892045,2.6119247189593433
Natural (Electricity),2,7,0.6922737306843267,warning,0.14064913988113403,0.3899213481789351,2.869343297309335
Natural (Electricity),2,8,0.7814569536423841,warning,0.001657247543334961,0.3750534429026462,3.7038671688834324
Natural (Electricity),2,9,0.7836644591611479,warning,0.005652010440826416,0.41912570562581974,5.099282772148055
Natural (Electricity),2,10,0.6701986754966888,critical,0.011654198169708252,0.4203501028641755,5.471041779212267
Natural (Electricity),2,11,0.7677704194260485,critical,0.002138376235961914,0.3683135996795809,4.186175713515414
Natural (Electricity),2,12,0.6790286975717439,critical,0.011370599269866943,0.4055077639213167,5.489053536809248
Natural (Electricity),2,13,0.6375275938189845,critical,0.013325154781341553,0.437444238215292,6.084432630937431
Natural (Electricity),2,14,0.6309050772626932,critical,0.0130653977394104,0.42014300166580365,6.014316354461285
Natural (Electricity),2,15,0.7245033112582782,critical,0.008247077465057373,0.4110544945882908,4.884140800725372
Natural (Electricity),2,16,0.726710816777042,warning,0.004269123077392578,0.3887184314002067,2.3692169819092976
Natural (Electricity),2,17,0.6891832229580573,warning,0.17674767971038818,0.412764227150226,2.9870756394462146
Natural (Electricity),2,18,0.8026490066225166,ok,0.03975039720535278,0.37646960046370903,2.575663866919299
Natural (Electricity),2,19,0.7733860342555995,ok,0.00606614351272583,0.33923702646066173,2.342326948374016
Natural (Electricity),3,1,0.7779249448123621,ok,0.032335638999938965,0.4329090018886298,2.839451703342462
Natural (Electricity),3,2,0.6710816777041942,ok,0.11130768060684204,0.42388219959449547,3.086503340141482
Natural (Electricity),3,3,0.7130242825607064,ok,0.22800874710083008,0.45511672498222666,3.185438467136627
Natural (Electricity),3,4,0.5730684326710817,ok,0.30205094814300537,0.44837464491128054,3.514386913259195
Natural (Electricity),3,5,0.5328918322295806,warning,0.36283451318740845,0.46206200115820056,3.869522641928328
Natural (Electricity),3,6,0.7501103752759382,warning,0.09579813480377197,0.42929988786638323,3.024956245623759
Natural (Electricity),3,7,0.6600441501103753,warning,0.1680116057395935,0.4329477408236221,3.2732509005794226
Natural (Electricity),3,8,0.7863134657836645,warning,0.005032956600189209,0.42823444243969133,3.6316654878688017
Natural (Electricity),3,9,0.7849889624724061,warning,0.0022389888763427734,0.44950124129419966,4.960538960104936
Natural (Electricity),3,10,0.6724061810154526,critical,0.006220817565917969,0.4668835430456059,5.380140782676628
Natural (Electricity),3,11,0.7730684326710817,critical,0.0028402209281921387,0.4415997620480396,4.136872762159772
Natural (Electricity),3,12,0.6799116997792495,critical,0.006255090236663818,0.4676757473318591,5.412208510111096
Natural (Electricity),3,13,0.6406181015452539,critical,0.007321596145629883,0.4775163239644964,5.986328470410685
Natural (Electricity),3,14,0.6375275938189845,critical,0.0071225762367248535,0.47283056169061566,5.914665367072613
Natural (Electricity),3,15,0.7236203090507727,critical,0.0039823055267333984,0.44863421408104087,4.822717953176664
Natural (Electricity),3,16,0.7258278145695364,warning,0.01134490966796875,0.4068720227155532,2.691429294430739
Natural (Electricity),3,17,0.6830022075055188,warning,0.19918066263198853,0.4298704789900948,3.213223326139185
Natural (Electricity),3,18,0.7920529801324503,ok,0.05478483438491821,0.4165776832019755,2.837725966351793
Natural (Electricity),3,19,0.7689942907334212,ok,0.015855252742767334,0.4039239268678319,2.6624544079509858
Natural (Electricity),4,1,0.7849889624724061,ok,0.01578468084335327,0.3684135157430162,2.536028405239242
Natural (Electricity),4,2,0.6821192052980133,ok,0.08166027069091797,0.3668424539753383,2.83475668185409
Natural (Electricity),4,3,0.7350993377483444,ok,0.17759305238723755,0.4048130328434751,2.953653872932285
Natural (Electricity),4,4,0.609271523178808,ok,0.2405572533607483,0.4299246714296917,3.378183918284195
Natural (Electricity),4,5,0.5730684326710817,warning,0.30172765254974365,0.4416421904697557,3.7308184047931676
Natural (Electricity),4,6,0.7686534216335541,warning,0.06877732276916504,0.3580910918191291,2.7364724360272765
Natural (Electricity),4,7,0.6741721854304635,warning,0.14836788177490234,0.376808130234326,3.0695534627940133
Natural (Electricity),4,8,0.7805739514348786,warning,0.0025014877319335938,0.3567469915612562,3.7675021419898873
Natural (Electricity),4,9,0.7849889624724061,warning,0.007436394691467285,0.4007272092212167,5.306300367264563
Natural (Electricity),4,10,0.669757174392936,critical,0.012027740478515625,0.39910144747578274,5.592286712001028
Natural (Electricity),4,11,0.7743929359823399,critical,0.0030282139778137207,0.3567244236257754,4.2146634202953175
Natural (Electricity),4,12,0.6777041942604857,critical,0.011789023876190186,0.3912724234771859,5.593044089604166
Natural (Electricity),4,13,0.6406181015452539,critical,0.014520466327667236,0.4162688352810745,6.2538019509333305
Natural (Electricity),4,14,0.6326710816777041,critical,0.013843297958374023,0.40147218261172035,6.1706162527007224
Natural (Electricity),4,15,0.7236203090507727,critical,0.008473575115203857,0.38590434027179565,4.999293970799478
Natural (Electricity),4,16,0.726710816777042,warning,0.0037034153938293457,0.34911485164465195,2.3274991191230776
Natural (Electricity),4,17,0.686092715231788,warning,0.16074103116989136,0.3840050682869629,2.961382450329275
Natural (Electricity),4,18,0.7942604856512141,ok,0.04012030363082886,0.3607278154958815,2.641266261345232
Natural (Electricity),4,19,0.766798418972332,ok,0.008399903774261475,0.3256852221247419,2.3874831409094845
Natural (Electricity),5,1,0.7836644591611479,ok,0.023921549320220947,0.40907521545609826,2.8292328209579227
Natural (Electricity),5,2,0.6781456953642384,ok,0.09145206212997437,0.4049527262579331,3.0663456855006674
Natural (Electricity),5,3,0.7315673289183223,ok,0.17995059490203857,0.43415091845675063,3.1490139708389626
Natural (Electricity),5,4,0.5827814569536424,ok,0.26122164726257324,0.4330713521936752,3.4335005530715392
Natural (Electricity),5,5,0.5364238410596026,warning,0.33432191610336304,0.4424507391799585,3.891128695833807
Natural (Electricity),5,6,0.7748344370860927,warning,0.06863236427307129,0.39640327623308214,2.9341072412555174
Natural (Electricity),5,7,0.6777041942604857,warning,0.13548696041107178,0.41707675101581954,3.187484817135108
Natural (Electricity),5,8,0.7836644591611479,warning,0.0022878050804138184,0.39698727705709075,3.6767976871541563
Natural (Electricity),5,9,0.7849889624724061,warning,0.003081202507019043,0.43955613285571565,5.116760210269161
Natural (Electricity),5,10,0.6719646799116997,critical,0.007740676403045654,0.4657664027961427,5.408558393532933
Natural (Electricity),5,11,0.7721854304635761,critical,0.0020065903663635254,0.4359054830463461,4.155721716863406
Natural (Electricity),5,12,0.6777041942604857,critical,0.007532596588134766,0.4597828692159508,5.410805582618608
Natural (Electricity),5,13,0.6397350993377483,critical,0.008844852447509766,0.48400657728086116,6.037495836066226
Natural (Electricity),5,14,0.6322295805739514,critical,0.008569836616516113,0.47677838985585275,5.969983289796227
Natural (Electricity),5,15,0.7284768211920529,critical,0.0051901936531066895,0.45100087601833283,4.836826594681304
Natural (Electricity),5,16,0.7275938189845474,warning,0.006620049476623535,0.3990266471865911,2.6500391259400904
Natural (Electricity),5,17,0.6843267108167771,warning,0.16728758811950684,0.4095539286144959,3.164791537940329
Natural (Electricity),5,18,0.7947019867549668,ok,0.04308241605758667,0.39873769350116983,2.8090816259686364
Natural (Electricity),5,19,0.7755819060166886,ok,0.009392261505126953,0.3790624380849361,2.576729567939263
Natural (Electricity),6,1,0.7845474613686534,ok,0.017283499240875244,0.40696217811333424,2.6556964569226795
Natural (Electricity),6,2,0.6777041942604857,ok,0.08493751287460327,0.41108385379331247,2.906742259651699
Natural (Electricity),6,3,0.7125827814569536,ok,0.2026975154876709,0.43364758652000096,3.0353586731323614
Natural (Electricity),6,4,0.5721854304635762,warning,0.29017871618270874,0.42790252537450224,3.420024230600145
Natural (Electricity),6,5,0.539514348785872,warning,0.3462093472480774,0.43507844476877966,3.7474297914696684
Natural (Electricity),6,6,0.7646799116997792,warning,0.07611328363418579,0.40815592195702116,2.835083558749758
Natural (Electricity),6,7,0.667991169977925,warning,0.15300995111465454,0.4120853793730898,3.085219522733905
Natural (Electricity),6,8,0.7858719646799117,warning,0.0016838908195495605,0.4010068272270605,3.657214521974373
Natural (Electricity),6,9,0.7876379690949228,warning,0.0063318610191345215,0.4409811797875468,5.135617757387867
Natural (Electricity),6,10,0.6728476821192053,critical,0.013073623180389404,0.4509356534180693,5.516071724667673
Natural (Electricity),6,11,0.7713024282560706,critical,0.0024268031120300293,0.4129607408351206,4.153008707957991
Natural (Electricity),6,12,0.6781456953642384,critical,0.012262046337127686,0.45189784117921944,5.5008554820786495
Natural (Electricity),6,13,0.6406181015452539,critical,0.014846742153167725,0.4705990283060152,6.134695115272331
Natural (Electricity),6,14,0.6357615894039735,critical,0.014177799224853516,0.46288518778939824,6.050824546049017
Natural (Electricity),6,15,0.7245033112582782,critical,0.009443938732147217,0.43455527072382777,4.928459086664027
Natural (Electricity),6,16,0.7253863134657836,warning,0.0036963224411010742,0.40166931431013875,2.4604438162227074
Natural (Electricity),6,17,0.6785871964679911,warning,0.16894668340682983,0.4167099870892983,3.0810147533572803
Natural (Electricity),6,18,0.7871964679911699,ok,0.039148569107055664,0.3992820733403061,2.712283778186218
Natural (Electricity),6,19,0.7659200702678963,ok,0.007419884204864502,0.37834992314758814,2.458286839266541
Natural (Electricity),7,1,0.7832229580573952,ok,0.021835148334503174,0.3865968201078792,2.670640032576339
Natural (Electricity),7,2,0.6737306843267108,ok,0.09915649890899658,0.3729287078357749,2.945954046423792
Natural (Electricity),7,3,0.7125827814569536,ok,0.2089504599571228,0.3955780498101251,3.0084251960915274
Natural (Electricity),7,4,0.5955849889624724,warning,0.2912698984146118,0.4224241572010316,3.4094314293689454
Natural (Electricity),7,5,0.528476821192053,warning,0.37237030267715454,0.4306254218294143,3.8245932703239482
Natural (Electricity),7,6,0.7704194260485652,warning,0.0750163197517395,0.36380937199747176,2.7611752296922316
Natural (Electricity),7,7,0.6746136865342164,warning,0.16425329446792603,0.376880630609999,3.1142888325210003
Natural (Electricity),7,8,0.7805739514348786,warning,0.0022722482681274414,0.3790587282869923,3.6600000906514656
Natural (Electricity),7,9,0.7858719646799117,warning,0.005400955677032471,0.42938600577821623,5.117925403578819
Natural (Electricity),7,10,0.6701986754966888,critical,0.01134955883026123,0.43395370561745206,5.487962029438473
Natural (Electricity),7,11,0.7708609271523179,critical,0.0023006200790405273,0.3935080263599974,4.150862826881456
Natural (Electricity),7,12,0.6794701986754967,critical,0.011620700359344482,0.4353364653336016,5.4761327809939955
Natural (Electricity),7,13,0.6419426048565121,critical,0.013612806797027588,0.46153886659273413,6.097147233790366
Natural (Electricity),7,14,0.6322295805739514,critical,0.013089895248413086,0.4477475585596762,6.0174993090755065
Natural (Electricity),7,15,0.7227373068432671,critical,0.007734775543212891,0.4205091909041442,4.8823004467564965
Natural (Electricity),7,16,0.7275938189845474,warning,0.005891323089599609,0.38004788565134745,2.4812594897180564
Natural (Electricity),7,17,0.680794701986755,warning,0.18693190813064575,0.39309672518353583,3.121854656764406
Natural (Electricity),7,18,0.7814569536423841,ok,0.04473072290420532,0.37705911422897415,2.6801514386611625
Natural (Electricity),7,19,0.7624066754501537,ok,0.0082855224609375,0.3541611942141678,2.407592877251094
Natural (Electricity),8,1,0.7788079470198676,ok,0.023742735385894775,0.37912000425760606,2.65546622324445
Natural (Electricity),8,2,0.6768211920529801,ok,0.10030418634414673,0.3769073486133502,2.947404202767371
Natural (Electricity),8,3,0.7222958057395144,ok,0.20045602321624756,0.42112549445152725,3.060907917130414
Natural (Electricity),8,4,0.5920529801324503,ok,0.28689318895339966,0.3985567374682547,3.4103868843636023
Natural (Electricity),8,5,0.5496688741721855,warning,0.35603225231170654,0.4086219231209951,3.8130608306908833
Natural (Electricity),8,6,0.7514348785871965,warning,0.07673686742782593,0.3818227978467637,2.825201434746825
Natural (Electricity),8,7,0.655187637969095,warning,0.1622641682624817,0.39068679109538396,3.1578051500576474
Natural (Electricity),8,8,0.7880794701986755,warning,0.0023618340492248535,0.38285985598082317,3.6555313189603416
Natural (Electricity),8,9,0.7836644591611479,warning,0.0034740567207336426,0.4207411962013703,5.032722748159872
Natural (Electricity),8,10,0.6710816777041942,critical,0.00811469554901123,0.434046336751848,5.394212643845649
Natural (Electricity),8,11,0.7717439293598234,critical,0.002626955509185791,0.40602827197860947,4.115292469060427
Natural (Electricity),8,12,0.6785871964679911,critical,0.00809258222579956,0.4261169797316526,5.417704195305849
Natural (Electricity),8,13,0.6419426048565121,critical,0.009482085704803467,0.4631488417492996,6.008911131496623
Natural (Electricity),8,14,0.633112582781457,critical,0.009351491928100586,0.45092420117013476,5.951335518682688
Natural (Electricity),8,15,0.7262693156732892,critical,0.005460679531097412,0.4139980738057738,4.842212438975948
Natural (Electricity),8,16,0.7253863134657836,warning,0.005902707576751709,0.34846781483204775,2.4276586234383495
Natural (Electricity),8,17,0.686092715231788,warning,0.17299675941467285,0.3750126845971985,2.987346590546661
Natural (Electricity),8,18,0.7911699779249448,ok,0.046361684799194336,0.3680277516926325,2.698921631116556
Natural (Electricity),8,19,0.7703118137900746,ok,0.011341333389282227,0.3677026839207135,2.506731325612551
Natural (Electricity),9,1,0.7841059602649006,ok,0.016709506511688232,0.4135232630550359,2.694399379187821
Natural (Electricity),9,2,0.6799116997792495,ok,0.07667070627212524,0.41399019003967946,2.9043953344824147
Natural (Electricity),9,3,0.730242825607064,ok,0.17835164070129395,0.42795669349301924,3.0314107921515188
Natural (Electricity),9,4,0.588962472406181,warning,0.2535666823387146,0.4513507599617766,3.4469765120758478
Natural (Electricity),9,5,0.5536423841059602,warning,0.3242653012275696,0.47231581411755863,3.816058089107349
Natural (Electricity),9,6,0.7690949227373068,warning,0.06567990779876709,0.405405636367931,2.7745536664239725
Natural (Electricity),9,7,0.6821192052980133,warning,0.1520395278930664,0.4130122014694345,3.086460538314363
Natural (Electricity),9,8,0.7805739514348786,warning,0.0018996000289916992,0.4054214010218815,3.7927810273046867
Natural (Electricity),9,9,0.7841059602649006,warning,0.006291806697845459,0.4282641738822473,5.293216521579106
Natural (Electricity),9,10,0.6719646799116997,critical,0.011808156967163086,0.4527892368113999,5.526713943859731
Natural (Electricity),9,11,0.7695364238410596,critical,0.0023161768913269043,0.4095227746844695,4.153861101511783
Natural (Electricity),9,12,0.6803532008830022,critical,0.011310756206512451,0.4497462363719543,5.5229546510129275
Natural (Electricity),9,13,0.6428256070640177,critical,0.013507544994354248,0.46310056960028123,6.180733837983334
Natural (Electricity),9,14,0.633112582781457,critical,0.013295590877532959,0.45941254277298516,6.107503670454848
Natural (Electricity),9,15,0.7231788079470198,critical,0.008460521697998047,0.4410596450313501,4.945470953006174
Natural (Electricity),9,16,0.726710816777042,warning,0.003993391990661621,0.4050407738670092,2.486517809799134
Natural (Electricity),9,17,0.680794701986755,warning,0.15756887197494507,0.42559673517262775,3.104198309315972
Natural (Electricity),9,18,0.788962472406181,ok,0.03771597146987915,0.41286089836056333,2.7118602219045926
Natural (Electricity),9,19,0.7646025472112429,ok,0.007206618785858154,0.3943870950745616,2.4439951984954367
Natural (Electricity),10,1,0.7827814569536424,ok,0.014037668704986572,0.36979051110830796,2.513331162891294
Natural (Electricity),10,2,0.6794701986754967,ok,0.07940763235092163,0.3766258941924014,2.780516022563424
Natural (Electricity),10,3,0.7169977924944813,ok,0.19314604997634888,0.4168131874743529,2.9553081397859433
Natural (Electricity),10,4,0.5991169977924945,warning,0.27921682596206665,0.408070019549611,3.4195699313046948
Natural (Electricity),10,5,0.555849889624724,warning,0.3277994394302368,0.4121661184304839,3.761093616010143
Natural (Electricity),10,6,0.7690949227373068,warning,0.0741007924079895,0.3715377911905904,2.7369897582553837
Natural (Electricity),10,7,0.6754966887417219,warning,0.16132640838623047,0.39307806490051617,3.067822336638654
Natural (Electricity),10,8,0.7788079470198676,warning,0.002225160598754883,0.3788882796241695,3.8169975920570045
Natural (Electricity),10,9,0.7867549668874172,warning,0.008655071258544922,0.43011548935497246,5.3393057029733395
Natural (Electricity),10,10,0.6701986754966888,critical,0.013910472393035889,0.42594551879831044,5.6689307711313335
Natural (Electricity),10,11,0.7743929359823399,critical,0.0031348466873168945,0.38079470841726815,4.233944983050335
Natural (Electricity),10,12,0.6790286975717439,critical,0.013094842433929443,0.4035768658913176,5.629616657596609
Natural (Electricity),10,13,0.6415011037527594,critical,0.016083061695098877,0.4483870040065411,6.279192699161184
Natural (Electricity),10,14,0.6339955849889625,critical,0.01554405689239502,0.4369880589192185,6.19411018460508
Natural (Electricity),10,15,0.7240618101545254,critical,0.010031521320343018,0.40117738546273285,5.043237412503611
Natural (Electricity),10,16,0.7258278145695364,warning,0.002863645553588867,0.3537093380379134,2.303185632885341
Natural (Electricity),10,17,0.6781456953642384,warning,0.15295082330703735,0.3828400368920186,2.920565692006012
Natural (Electricity),10,18,0.7885209713024283,ok,0.035737693309783936,0.35449568760017347,2.591775609261334
Natural (Electricity),10,19,0.7632850241545893,ok,0.007306098937988281,0.3335201969398068,2.3699935441480697
Natural (Electricity),11,1,0.7863134657836645,ok,0.013166964054107666,0.3309678985691791,2.3562242079297464
Natural (Electricity),11,2,0.6816777041942604,ok,0.07557636499404907,0.34057819558771774,2.6316996346552144
Natural (Electricity),11,3,0.7258278145695364,ok,0.17731761932373047,0.3816853610535162,2.922430441422269
Natural (Electricity),11,4,0.5845474613686534,warning,0.25409775972366333,0.3949695828467339,3.4894015663521367
Natural (Electricity),11,5,0.5328918322295806,warning,0.33377182483673096,0.41060970062758584,3.891671772002681
Natural (Electricity),11,6,0.7620309050772627,warning,0.05840092897415161,0.32812053365475957,2.508609854521396
Natural (Electricity),11,7,0.6600441501103753,warning,0.13435006141662598,0.35727190323696123,2.8434728632347497
Natural (Electricity),11,8,0.7849889624724061,warning,0.00196683406829834,0.3358351014547988,3.6614423719327283
Natural (Electricity),11,9,0.7858719646799117,warning,0.007711529731750488,0.38180774487738445,5.037549463278773
Natural (Electricity),11,10,0.671523178807947,critical,0.014730870723724365,0.3571588832633865,5.4106790266137486
Natural (Electricity),11,11,0.7708609271523179,warning,0.0036039352416992188,0.3296656073173958,4.156749782931763
Natural (Electricity),11,12,0.6785871964679911,critical,0.0145949125289917,0.3560395821295133,5.413330856665445
Natural (Electricity),11,13,0.6410596026490066,critical,0.016627192497253418,0.3887888024175947,6.003910896600231
Natural (Electricity),11,14,0.6326710816777041,critical,0.016237914562225342,0.377469535398275,5.9260235621267014
Natural (Electricity),11,15,0.7245033112582782,critical,0.010812759399414062,0.3428841763727669,4.828397333097417
Natural (Electricity),11,16,0.7275938189845474,warning,0.002173304557800293,0.30797169128066,2.1440940824673955
Natural (Electricity),11,17,0.6847682119205298,warning,0.15269798040390015,0.35344350499820537,2.870629195693498
Natural (Electricity),11,18,0.7955849889624724,ok,0.03388792276382446,0.32231764328081164,2.4196028718138396
Natural (Electricity),11,19,0.7729468599033816,ok,0.0045239925384521484,0.2977241462363864,2.3860281134951093
Natural (Electricity),12,1,0.7823399558498896,ok,0.014238536357879639,0.3831327038344413,2.605477187220032
Natural (Electricity),12,2,0.6772626931567329,ok,0.07498663663864136,0.380147669613374,2.871552499442898
Natural (Electricity),12,3,0.7249448123620309,ok,0.17898494005203247,0.41007265819122896,3.0050690932433723
Natural (Electricity),12,4,0.5849889624724062,warning,0.2614251971244812,0.42044978999488225,3.4268854617048676
Natural (Electricity),12,5,0.5368653421633555,warning,0.31428074836730957,0.42922150894858196,3.8281828768222406
Natural (Electricity),12,6,0.7589403973509934,warning,0.06585913896560669,0.3557183057147617,2.768826402041231
Natural (Electricity),12,7,0.6688741721854304,warning,0.15821731090545654,0.38169794557775594,3.1283005129340347
Natural (Electricity),12,8,0.7827814569536424,warning,0.0019901394844055176,0.37471873491383323,3.720821505383677
Natural (Electricity),12,9,0.7845474613686534,warning,0.008611083030700684,0.4161831889483294,5.2539571946871275
Natural (Electricity),12,10,0.6701986754966888,critical,0.015389025211334229,0.42582080780438136,5.621151205319623
Natural (Electricity),12,11,0.7748344370860927,critical,0.0032778382301330566,0.3674997801364857,4.212252161978121
Natural (Electricity),12,12,0.6799116997792495,critical,0.014917314052581787,0.41687266123154776,5.620077082652919
Natural (Electricity),12,13,0.6415011037527594,critical,0.017833054065704346,0.44014315571696416,6.263127858757924
Natural (Electricity),12,14,0.6335540838852097,critical,0.017304062843322754,0.426393210216148,6.179655140173308
Natural (Electricity),12,15,0.7227373068432671,critical,0.011214077472686768,0.41009135694609367,5.014795909818287
Natural (Electricity),12,16,0.7253863134657836,warning,0.002940237522125244,0.37521289215315357,2.3766694242772015
Natural (Electricity),12,17,0.6838852097130242,warning,0.15159064531326294,0.4036928772216668,3.0627000626267056
Natural (Electricity),12,18,0.788962472406181,ok,0.03473871946334839,0.3718423621169705,2.6455488842235635
Natural (Electricity),12,19,0.7650417215634607,ok,0.0065569281578063965,0.3354245960559613,2.3772972503411283
Natural (Electricity),13,1,0.7841059602649006,ok,0.016516029834747314,0.37996827380784143,2.541919260494057
Natural (Electricity),13,2,0.6794701986754967,ok,0.08706915378570557,0.3791664476909937,2.831986278388238
Natural (Electricity),13,3,0.7108167770419426,ok,0.19731688499450684,0.41934251544181156,2.9415333944709996
Natural (Electricity),13,4,0.5695364238410596,warning,0.2762189507484436,0.43852734289341533,3.4181669177261345
Natural (Electricity),13,5,0.528476821192053,warning,0.33863335847854614,0.45053424502604106,3.8050419607136003
Natural (Electricity),13,6,0.7593818984547461,warning,0.07703894376754761,0.3709624590145054,2.7171015854182734
Natural (Electricity),13,7,0.658719646799117,warning,0.17154055833816528,0.3867160383456901,3.059461879651895
Natural (Electricity),13,8,0.7818984547461368,warning,0.0019998550415039062,0.34989986669100703,3.727031093638054
Natural (Electricity),13,9,0.785430463576159,warning,0.007175624370574951,0.3932666992670836,5.2200654737348104
Natural (Electricity),13,10,0.671523178807947,critical,0.0130196213722229,0.3989610275963331,5.49187623103433
Natural (Electricity),13,11,0.7735099337748345,critical,0.0026160478591918945,0.35909200277884973,4.1223394070938015
Natural (Electricity),13,12,0.6781456953642384,critical,0.012637495994567871,0.39746335957349405,5.508974843966378
Natural (Electricity),13,13,0.6415011037527594,critical,0.015396952629089355,0.424751846725947,6.154862591496076
Natural (Electricity),13,14,0.6335540838852097,critical,0.014768540859222412,0.4154580414922557,6.081664792773834
Natural (Electricity),13,15,0.7227373068432671,critical,0.009585201740264893,0.3847751726821926,4.904647439757205
Natural (Electricity),13,16,0.7280353200883002,warning,0.003520965576171875,0.36660435687400195,2.318133657052907
Natural (Electricity),13,17,0.6816777041942604,warning,0.16269177198410034,0.4034157030719264,2.9945477561977896
Natural (Electricity),13,18,0.7876379690949228,ok,0.03844773769378662,0.3712821235107604,2.583101744499781
Natural (Electricity),13,19,0.764163372859025,ok,0.007735133171081543,0.33711176836574674,2.3101898662930735
Natural (Electricity),14,1,0.7876379690949228,ok,0.010925829410552979,0.35734957487204777,2.398322445252873
Natural (Electricity),14,2,0.6865342163355408,ok,0.06858748197555542,0.36412084943778456,2.6544304415682287
Natural (Electricity),14,3,0.7390728476821192,ok,0.16398316621780396,0.4215992804487233,2.8327425877547205
Natural (Electricity),14,4,0.6097130242825607,warning,0.2330484390258789,0.43727682063042317,3.334399536759212
Natural (Electricity),14,5,0.5849889624724062,warning,0.3050886392593384,0.44106342472001736,3.747223660288786
Natural (Electricity),14,6,0.7673289183222958,warning,0.05227792263031006,0.36048141518480425,2.603696244448489
Natural (Electricity),14,7,0.6772626931567329,warning,0.1172826886177063,0.38658167641290275,2.8744029717795367
Natural (Electricity),14,8,0.7880794701986755,warning,0.0013379454612731934,0.32154700939978376,3.7304303198431925
Natural (Electricity),14,9,0.7863134657836645,warning,0.008208751678466797,0.3744774446311314,5.150381560907771
Natural (Electricity),14,10,0.669757174392936,critical,0.015808165073394775,0.369874232807735,5.507290572837144
Natural (Electricity),14,11,0.7735099337748345,critical,0.0029325485229492188,0.33937818168184875,4.248279955669021
Natural (Electricity),14,12,0.6759381898454746,critical,0.015355885028839111,0.3660212610843748,5.560638834873654
Natural (Electricity),14,13,0.6375275938189845,critical,0.01778644323348999,0.3975336919227484,6.162868736035891
Natural (Electricity),14,14,0.6317880794701987,critical,0.017261147499084473,0.3870555742217134,6.088613068987565
Natural (Electricity),14,15,0.7245033112582782,critical,0.011714816093444824,0.36473588222092124,4.901626940623181
Natural (Electricity),14,16,0.726710816777042,warning,0.0016093254089355469,0.34054680450056807,2.2209088923191653
Natural (Electricity),14,17,0.686092715231788,warning,0.1475241780281067,0.3849482855458711,2.8524935845422363
Natural (Electricity),14,18,0.8022075055187637,ok,0.02545928955078125,0.35312025839093686,2.411284202409632
Natural (Electricity),14,19,0.7729468599033816,ok,0.002481818199157715,0.30483863311104553,2.402388515349256
Natural (Electricity),15,1,0.7836644591611479,ok,0.021121680736541748,0.4241028103156079,2.743867102445249
Natural (Electricity),15,2,0.6772626931567329,ok,0.09044784307479858,0.41531121755488254,2.968356303876228
Natural (Electricity),15,3,0.7253863134657836,ok,0.19137465953826904,0.42899049247541876,3.061609203138781
Natural (Electricity),15,4,0.61280353200883,warning,0.2705104947090149,0.447545184122916,3.3219170610744206
Natural (Electricity),15,5,0.552317880794702,warning,0.3450050354003906,0.45676282803682117,3.7507477119100376
Natural (Electricity),15,6,0.7686534216335541,warning,0.06747579574584961,0.4012247600830149,2.8119770880325996
Natural (Electricity),15,7,0.6719646799116997,warning,0.14877772331237793,0.4106459576313787,3.148246167513602
Natural (Electricity),15,8,0.7836644591611479,warning,0.0021245479583740234,0.396633608184756,3.7277764240028977
Natural (Electricity),15,9,0.7836644591611479,warning,0.006086826324462891,0.44432547458611704,5.111528311500422
Natural (Electricity),15,10,0.669757174392936,critical,0.01192694902420044,0.4543812947240856,5.468656703888564
Natural (Electricity),15,11,0.7726269315673289,critical,0.002658665180206299,0.4128395388517996,4.202306821106915
Natural (Electricity),15,12,0.6790286975717439,critical,0.011829555034637451,0.4556583571416995,5.468998111536722
Natural (Electricity),15,13,0.6415011037527594,critical,0.013909578323364258,0.47024935156127345,6.063694392265567
Natural (Electricity),15,14,0.6322295805739514,critical,0.01372826099395752,0.4639981437654205,5.995229825721211
Natural (Electricity),15,15,0.7231788079470198,critical,0.008352696895599365,0.44537314217886737,4.878405438579833
Natural (Electricity),15,16,0.7275938189845474,warning,0.005077481269836426,0.40811793303044686,2.5214482699031584
Natural (Electricity),15,17,0.6847682119205298,warning,0.17639565467834473,0.4368750493413311,3.173133987940593
Natural (Electricity),15,18,0.7894039735099337,ok,0.041162967681884766,0.41370486331125084,2.747641696074307
Natural (Electricity),15,19,0.7663592446201142,ok,0.007438600063323975,0.3776468504177496,2.4643125156749695
Natural (Electricity),16,1,0.7774834437086092,ok,0.020001232624053955,0.40822643469715575,2.653679016405391
Natural (Electricity),16,2,0.671523178807947,ok,0.09652894735336304,0.40389849786329035,2.974930901448993
Natural (Electricity),16,3,0.7108167770419426,ok,0.22150802612304688,0.4209877832106539,3.1157906725922513
Natural (Electricity),16,4,0.5637969094922737,warning,0.3060261607170105,0.44618653832554334,3.57037376499998
Natural (Electricity),16,5,0.5130242825607064,warning,0.3677275776863098,0.4554736363178886,3.958477527842596
Natural (Electricity),16,6,0.752317880794702,warning,0.08815538883209229,0.3798361113232821,2.8646296278746264
Natural (Electricity),16,7,0.6556291390728477,warning,0.19661247730255127,0.4120516133747216,3.247172096465605
Natural (Electricity),16,8,0.7814569536423841,warning,0.002324044704437256,0.3906351622660422,3.769824958269569
Natural (Electricity),16,9,0.7849889624724061,warning,0.006278574466705322,0.4299223399268395,5.270355223064675
Natural (Electricity),16,10,0.6710816777041942,critical,0.011811256408691406,0.4346422083762496,5.6394941226360285
Natural (Electricity),16,11,0.776158940397351,warning,0.0027620792388916016,0.393079862714395,4.191039992953501
Natural (Electricity),16,12,0.680794701986755,critical,0.01170128583908081,0.42603804979139526,5.622803357204166
Natural (Electricity),16,13,0.6419426048565121,critical,0.014225900173187256,0.4523895722316278,6.269960464100215
Natural (Electricity),16,14,0.6335540838852097,critical,0.013801634311676025,0.4449292693931365,6.19439745311724
Natural (Electricity),16,15,0.7214128035320089,critical,0.008345723152160645,0.4240322654439485,5.037332839640186
Natural (Electricity),16,16,0.7245033112582782,warning,0.005011379718780518,0.4008009691745471,2.4525767247887456
Natural (Electricity),16,17,0.6790286975717439,warning,0.1890162229537964,0.4221321539195813,3.1179741716232336
Natural (Electricity),16,18,0.7810154525386314,ok,0.04903489351272583,0.39020853852604886,2.742468118347088
Natural (Electricity),16,19,0.7580149319279754,ok,0.01010197401046753,0.36072351584152956,2.4865976657332163
Natural (Electricity),17,1,0.7818984547461368,ok,0.01072758436203003,0.35432826731351996,2.3312485928806552
Natural (Electricity),17,2,0.6799116997792495,ok,0.06970089673995972,0.34227579371645706,2.626552709678156
Natural (Electricity),17,3,0.7284768211920529,ok,0.16923457384109497,0.3786525388159039,2.846707619641955
Natural (Electricity),17,4,0.5849889624724062,warning,0.25502145290374756,0.4149376497078303,3.440471935016463
Natural (Electricity),17,5,0.5448123620309051,warning,0.3228456377983093,0.4303445970034143,3.8067539271920667
Natural (Electricity),17,6,0.7611479028697572,warning,0.052950382232666016,0.3187251702830102,2.498314091462177
Natural (Electricity),17,7,0.6609271523178808,warning,0.13950473070144653,0.3449231864245664,2.9032314809192403
Natural (Electricity),17,8,0.7836644591611479,warning,0.001634836196899414,0.3219199420666041,3.7127120546068357
Natural (Electricity),17,9,0.7867549668874172,warning,0.00898212194442749,0.37684102443763334,5.102341437603143
Natural (Electricity),17,10,0.6710816777041942,critical,0.018042564392089844,0.38518410325141106,5.534308354182694
Natural (Electricity),17,11,0.7717439293598234,critical,0.003930628299713135,0.33298770671078737,4.248372218555156
Natural (Electricity),17,12,0.6790286975717439,critical,0.01824706792831421,0.38410360330301985,5.568002764226881
Natural (Electricity),17,13,0.6419426048565121,critical,0.02047443389892578,0.4133679534142839,6.148174805255405
Natural (Electricity),17,14,0.6309050772626932,critical,0.02033144235610962,0.40080334102328496,6.094034723640845
Natural (Electricity),17,15,0.7249448123620309,critical,0.013846397399902344,0.3732426071239482,4.953984505717312
Natural (Electricity),17,16,0.7231788079470198,warning,0.0018334388732910156,0.34763796621286136,2.133392768635396
Natural (Electricity),17,17,0.6830022075055188,warning,0.15294760465621948,0.36630193636793074,2.8426268017992675
Natural (Electricity),17,18,0.7955849889624724,ok,0.02616196870803833,0.3299420915234198,2.366791658735964
Natural (Electricity),17,19,0.7716293368467282,ok,0.0028017163276672363,0.2879788945590133,2.39128569584161
Natural (Electricity),18,1,0.7880794701986755,ok,0.024943530559539795,0.4170778286375388,2.825791698810182
Natural (Electricity),18,2,0.6799116997792495,ok,0.09239858388900757,0.40726459128048925,2.984062272715681
Natural (Electricity),18,3,0.7320088300220751,ok,0.1844264268875122,0.4164590310008981,3.0278999518323486
Natural (Electricity),18,4,0.6181015452538632,warning,0.26318395137786865,0.43818093758788257,3.346110603557468
Natural (Electricity),18,5,0.5642384105960265,warning,0.337233304977417,0.45031647440468714,3.7536810713548783
Natural (Electricity),18,6,0.7713024282560706,warning,0.06592249870300293,0.38318841426280237,2.8097538840930256
Natural (Electricity),18,7,0.6781456953642384,warning,0.13786786794662476,0.4063630615577275,3.092470471245991
Natural (Electricity),18,8,0.7902869757174393,warning,0.002868950366973877,0.3933174774386199,3.7028556046345447
Natural (Electricity),18,9,0.7836644591611479,warning,0.0034262537956237793,0.4200606215418667,5.0584722773393995
Natural (Electricity),18,10,0.671523178807947,critical,0.00903254747390747,0.44045744120457636,5.411864800421649
Natural (Electricity),18,11,0.7726269315673289,critical,0.0022832155227661133,0.40735884218896623,4.177737392753231
Natural (Electricity),18,12,0.6781456953642384,critical,0.008717119693756104,0.4494756839758913,5.441086993719479
Natural (Electricity),18,13,0.6419426048565121,critical,0.009725391864776611,0.45996442085992584,6.034756200163777
Natural (Electricity),18,14,0.6317880794701987,critical,0.009867489337921143,0.4517340234630227,5.964419944956282
Natural (Electricity),18,15,0.7258278145695364,critical,0.006223917007446289,0.4330496952634191,4.829716011166991
Natural (Electricity),18,16,0.7271523178807947,warning,0.007621407508850098,0.4012954943819305,2.6609911409410225
Natural (Electricity),18,17,0.686092715231788,warning,0.17286020517349243,0.42569686193943734,3.1621628495743277
Natural (Electricity),18,18,0.7964679911699779,ok,0.039135873317718506,0.4045805001707208,2.729105338668883
Natural (Electricity),18,19,0.7755819060166886,ok,0.008020520210266113,0.37106730286300493,2.499709296245392
Natural (Electricity),19,1,0.7810154525386314,ok,0.0166776180267334,0.38204341927376406,2.642910358139106
Natural (Electricity),19,2,0.6741721854304635,ok,0.08102434873580933,0.3874645617340758,2.8840182288662914
Natural (Electricity),19,3,0.7178807947019867,ok,0.19232892990112305,0.4158146982781051,2.9974399261460305
Natural (Electricity),19,4,0.5960264900662252,ok,0.26462799310684204,0.4436338635696685,3.3218502754012484
Natural (Electricity),19,5,0.5470198675496689,warning,0.33220601081848145,0.4510327064820231,3.7003415967879523
Natural (Electricity),19,6,0.7642384105960265,warning,0.06251102685928345,0.3635792960854133,2.753224230622235
Natural (Electricity),19,7,0.6653421633554084,warning,0.1433926820755005,0.3932776930274138,3.0455842103459623
Natural (Electricity),19,8,0.7858719646799117,warning,0.0015305280685424805,0.35668201340684436,3.8391627375918453
Natural (Electricity),19,9,0.7849889624724061,warning,0.006689190864562988,0.388447809090403,5.3012894588872115
Natural (Electricity),19,10,0.6724061810154526,critical,0.01348644495010376,0.3910179469660951,5.658660071556176
Natural (Electricity),19,11,0.7726269315673289,critical,0.002420186996459961,0.35611468337156493,4.308776004101658
Natural (Electricity),19,12,0.6790286975717439,critical,0.01328951120376587,0.40274668308718586,5.674249814006153
Natural (Electricity),19,13,0.6419426048565121,critical,0.01549595594406128,0.4166460317747594,6.295205669587162
Natural (Electricity),19,14,0.633112582781457,critical,0.01518559455871582,0.40398976457071034,6.213720531897953
Natural (Electricity),19,15,0.7231788079470198,critical,0.009685814380645752,0.3812212509012548,5.057091709144956
Natural (Electricity),19,16,0.726710816777042,warning,0.0035682320594787598,0.37534104310857214,2.467092746779504
Natural (Electricity),19,17,0.6830022075055188,warning,0.1693718433380127,0.41359033613845064,3.078616121543312
Natural (Electricity),19,18,0.788962472406181,ok,0.03676515817642212,0.36826901800877243,2.674102318609673
Natural (Electricity),19,19,0.7703118137900746,ok,0.005349934101104736,0.32414875949781713,2.410728437724705
Natural (Electricity),20,1,0.7836644591611479,ok,0.018076181411743164,0.4082786695635603,2.6707181395100386
Natural (Electricity),20,2,0.6754966887417219,ok,0.08881735801696777,0.3992817759243905,2.953295591106498
Natural (Electricity),20,3,0.7214128035320089,ok,0.1926364302635193,0.4124095979449483,3.029468690120115
Natural (Electricity),20,4,0.6030905077262693,ok,0.2714166045188904,0.42243088751216484,3.39735851583583
Natural (Electricity),20,5,0.5456953642384106,warning,0.34199094772338867,0.4350196545401893,3.7874497226461012
Natural (Electricity),20,6,0.7770419426048565,warning,0.06793326139450073,0.3870587181269205,2.791401031377846
Natural (Electricity),20,7,0.6759381898454746,warning,0.1552044153213501,0.4032946577962422,3.1397159132552415
Natural (Electricity),20,8,0.7823399558498896,warning,0.00186842679977417,0.40444641704244905,3.8161930498348404
Natural (Electricity),20,9,0.7841059602649006,warning,0.005818784236907959,0.44446671848721153,5.269963105713895
Natural (Electricity),20,10,0.669757174392936,critical,0.011381924152374268,0.45149458910930634,5.581462494854015
Natural (Electricity),20,11,0.7686534216335541,critical,0.0021289587020874023,0.41577826191342604,4.244660528762591
Natural (Electricity),20,12,0.6785871964679911,critical,0.011666536331176758,0.45488028898545446,5.599023970435465
Natural (Electricity),20,13,0.6415011037527594,critical,0.013693273067474365,0.47597504074551494,6.225695244643516
Natural (Electricity),20,14,0.6313465783664459,critical,0.013377487659454346,0.46525250224547837,6.142775505103343
Natural (Electricity),20,15,0.7249448123620309,critical,0.008065760135650635,0.4419223915842403,4.993681461146311
Natural (Electricity),20,16,0.7271523178807947,warning,0.004282116889953613,0.405021689764667,2.469696420583788
Natural (Electricity),20,17,0.682560706401766,warning,0.16596519947052002,0.4100332535500172,3.088704182804309
Natural (Electricity),20,18,0.7867549668874172,ok,0.037640273571014404,0.4003894019876354,2.6690057943278
Natural (Electricity),20,19,0.7650417215634607,ok,0.00712507963180542,0.38100777406529696,2.4526049779907257
Natural (Electricity),21,1,0.7938189845474614,ok,0.01976001262664795,0.40026453689838015,2.694452176587944
Natural (Electricity),21,2,0.6883002207505519,ok,0.08986151218414307,0.40548561051824195,2.9482053420708927
Natural (Electricity),21,3,0.7377483443708609,ok,0.20203238725662231,0.43609485882344595,3.100752585775488
Natural (Electricity),21,4,0.6075055187637969,ok,0.27346038818359375,0.4286714610633613,3.405122656524241
Natural (Electricity),21,5,0.5620309050772627,warning,0.33026301860809326,0.4384404430570353,3.751293313133326
Natural (Electricity),21,6,0.7814569536423841,warning,0.07766211032867432,0.40173189480049226,2.8828377988998457
Natural (Electricity),21,7,0.7028697571743929,warning,0.15115398168563843,0.41095404924460144,3.138881773537305
Natural (Electricity),21,8,0.7699779249448123,warning,0.0023020505905151367,0.4076441451597561,3.688188025743474
Natural (Electricity),21,9,0.7757174392935983,warning,0.005869090557098389,0.4414914594436881,5.083431277867328
Natural (Electricity),21,10,0.6728476821192053,critical,0.00981050729751587,0.43374785481373346,5.316067215682257
Natural (Electricity),21,11,0.766887417218543,critical,0.002526402473449707,0.40476784916629943,4.076823992133902
Natural (Electricity),21,12,0.6781456953642384,critical,0.009529650211334229,0.4330988172146806,5.3638899371050375
Natural (Electricity),21,13,0.6401766004415012,critical,0.011810243129730225,0.4681139461172714,5.978481698553027
Natural (Electricity),21,14,0.6317880794701987,critical,0.011519908905029297,0.4541139067782005,5.899700603497793
Natural (Electricity),21,15,0.7249448123620309,critical,0.006863892078399658,0.4196532292640675,4.736246253438603
Natural (Electricity),21,16,0.7390728476821192,warning,0.004454493522644043,0.37871185221731923,2.483351118047979
Natural (Electricity),21,17,0.7024282560706402,warning,0.15707087516784668,0.40727142040068554,3.0492980920760036
Natural (Electricity),21,18,0.7960264900662252,ok,0.04160517454147339,0.3943356698283961,2.7373638608641966
Natural (Electricity),21,19,0.7707509881422925,ok,0.010522127151489258,0.3803473403418163,2.5569196114288846
Natural (Electricity),22,1,0.7845474613686534,ok,0.015519976615905762,0.3935199930452736,2.600163540698456
Natural (Electricity),22,2,0.686092715231788,ok,0.07431197166442871,0.37816448668361424,2.860990069270808
Natural (Electricity),22,3,0.7386313465783665,ok,0.17814308404922485,0.40245911110189997,3.0654795043519956
Natural (Electricity),22,4,0.5938189845474614,warning,0.26336145401000977,0.4292232843626924,3.367441028092574
Natural (Electricity),22,5,0.5461368653421633,warning,0.31497347354888916,0.43855810393633343,3.758822825847083
Natural (Electricity),22,6,0.766887417218543,warning,0.06361597776412964,0.3554956405664529,2.7755270708742947
Natural (Electricity),22,7,0.6706401766004415,warning,0.1469760537147522,0.3783446826295927,3.0953831184782894
Natural (Electricity),22,8,0.7810154525386314,warning,0.002035975456237793,0.3796685578830077,3.832112092978504
Natural (Electricity),22,9,0.7863134657836645,warning,0.008172452449798584,0.4329403370750424,5.316564717799812
Natural (Electricity),22,10,0.6719646799116997,critical,0.015025615692138672,0.4420724188426928,5.716435680560825
Natural (Electricity),22,11,0.7717439293598234,critical,0.003354370594024658,0.37887520779507566,4.375656338882808
Natural (Electricity),22,12,0.6781456953642384,critical,0.015226006507873535,0.431263388483886,5.754566369020888
Natural (Electricity),22,13,0.6401766004415012,critical,0.017778992652893066,0.46359736914981126,6.364687907614152
Natural (Electricity),22,14,0.6322295805739514,critical,0.017263412475585938,0.45517531449717474,6.284008529620908
Natural (Electricity),22,15,0.7245033112582782,critical,0.010910093784332275,0.4200587473471766,5.086913278324954
Natural (Electricity),22,16,0.7275938189845474,warning,0.0031574368476867676,0.38921874815011737,2.3555854080532725
Natural (Electricity),22,17,0.6852097130242826,warning,0.1507946252822876,0.3961245733665512,3.033631975893302
Natural (Electricity),22,18,0.7960264900662252,ok,0.03381425142288208,0.3653336996771638,2.6558186433440443
Natural (Electricity),22,19,0.7698726394378568,ok,0.005634009838104248,0.329892154731227,2.418139460508181
Natural (Electricity),23,1,0.779690949227373,ok,0.016593575477600098,0.39549373758642525,2.602695361163958
Natural (Electricity),23,2,0.673289183222958,ok,0.08816498517990112,0.390508835980964,2.90652907810068
Natural (Electricity),23,3,0.6958057395143488,ok,0.20512598752975464,0.40824183414609677,3.0345146040213717
Natural (Electricity),23,4,0.5924944812362031,ok,0.27244794368743896,0.4212020859354501,3.4251458026160364
Natural (Electricity),23,5,0.5443708609271524,warning,0.33593934774398804,0.4303347283937538,3.829764857420915
Natural (Electricity),23,6,0.7386313465783665,warning,0.08121728897094727,0.3839074168149432,2.8442737836408725
Natural (Electricity),23,7,0.6490066225165563,warning,0.16851121187210083,0.3951713755905041,3.18335302875662
Natural (Electricity),23,8,0.7818984547461368,warning,0.0018433332443237305,0.3951076540013144,3.602268935076041
Natural (Electricity),23,9,0.7841059602649006,warning,0.006873488426208496,0.4349902332640972,5.126762474321905
Natural (Electricity),23,10,0.6701986754966888,critical,0.011670053005218506,0.44838358244358895,5.384951573820212
Natural (Electricity),23,11,0.7730684326710817,warning,0.0020012855529785156,0.3996011296909524,4.021337876692579
Natural (Electricity),23,12,0.6799116997792495,critical,0.01144421100616455,0.44438046459868596,5.409413874971065
Natural (Electricity),23,13,0.6428256070640177,critical,0.014262378215789795,0.46783230084377236,6.073750238277833
Natural (Electricity),23,14,0.6322295805739514,critical,0.013594210147857666,0.46114241294577607,5.980635642032724
Natural (Electricity),23,15,0.7236203090507727,critical,0.008168637752532959,0.42749527699986667,4.804899556445939
Natural (Electricity),23,16,0.7275938189845474,warning,0.0034866929054260254,0.38353986150834296,2.3981393728785068
Natural (Electricity),23,17,0.6838852097130242,warning,0.1655261516571045,0.40286480895582616,3.056098585224826
Natural (Electricity),23,18,0.7810154525386314,ok,0.04172706604003906,0.3871561865288724,2.668431075936374
Natural (Electricity),23,19,0.7593324549846289,ok,0.009307444095611572,0.3719573886545293,2.4703457964214204
Natural (Electricity),24,1,0.779690949227373,ok,0.015419960021972656,0.36485007012081827,2.6421820640539297
Natural (Electricity),24,2,0.6741721854304635,ok,0.07907921075820923,0.3567356704027752,2.9785407033952453
Natural (Electricity),24,3,0.717439293598234,ok,0.17353606224060059,0.3891597306538418,3.105581835666404
Natural (Electricity),24,4,0.5496688741721855,warning,0.2670227289199829,0.4232094220009013,3.586212933918196
Natural (Electricity),24,5,0.5019867549668874,warning,0.3379417657852173,0.43322736854525556,4.038191995974764
Natural (Electricity),24,6,0.7518763796909492,warning,0.05910545587539673,0.34284305696254497,2.882109512896102
Natural (Electricity),24,7,0.6596026490066225,warning,0.1427149772644043,0.36655017823638947,3.245369307079227
Natural (Electricity),24,8,0.7841059602649006,warning,0.0012916326522827148,0.35521920430400766,3.774266398178875
Natural (Electricity),24,9,0.7849889624724061,warning,0.0069863200187683105,0.4068211580441284,5.268661280888056
Natural (Electricity),24,10,0.671523178807947,critical,0.014432132244110107,0.40634720158904425,5.685456677640235
Natural (Electricity),24,11,0.776158940397351,critical,0.0026206374168395996,0.36789012499125895,4.409946380739735
Natural (Electricity),24,12,0.6768211920529801,critical,0.01506948471069336,0.4140480951483923,5.791895809703533
Natural (Electricity),24,13,0.6410596026490066,critical,0.017201542854309082,0.44550584959485007,6.377812656740171
Natural (Electricity),24,14,0.633112582781457,critical,0.016563892364501953,0.4301928778301507,6.304645247275224
Natural (Electricity),24,15,0.7218543046357616,critical,0.01013416051864624,0.39789626930764066,5.046727207862766
Natural (Electricity),24,16,0.7275938189845474,warning,0.0030461549758911133,0.36845891360433736,2.442784482488207
Natural (Electricity),24,17,0.6821192052980133,warning,0.15952110290527344,0.379598958806505,3.1845316365303655
Natural (Electricity),24,18,0.7933774834437086,ok,0.030867815017700195,0.3575650167221564,2.664924747683519
Natural (Electricity),24,19,0.7698726394378568,ok,0.003998696804046631,0.32437233462593595,2.4144211184019224
